Pipeline Start - NON-GAUSSIAN EMKF H Estimation (BATCHED)
Current Time = 08.05.26_11:37:13
q2 is: tensor([1.0000e-05], device='cuda:0')
r2 is: tensor([0.0010], device='cuda:0')

================================================================================
GENERATING 5 DATASETS (DIFFERENT H, FIXED F) WITH GAUSSIAN MEASUREMENT NOISE
================================================================================

================================================================================
Generating Dataset 0
================================================================================
[noise model] meas='gaussian' {} | proc='gaussian' {}
[H gen] theta=0.3 same_angle=True

Generating data for dataset 0...
tensor([[ 0.9492, -0.1701,  0.2647],
        [ 0.2195,  0.9607, -0.1701],
        [-0.2253,  0.2195,  0.9492]], device='cuda:0')
tensor([[ 0.9930, -0.0764,  0.0901],
        [ 0.0834,  0.9936, -0.0764],
        [-0.0837,  0.0834,  0.9930]], device='cuda:0')
tensor([[ 0.9854, -0.1053,  0.1334],
        [ 0.1197,  0.9872, -0.1053],
        [-0.1206,  0.1197,  0.9854]], device='cuda:0')
tensor([[ 0.9522, -0.1667,  0.2560],
        [ 0.2133,  0.9627, -0.1667],
        [-0.2186,  0.2133,  0.9522]], device='cuda:0')
tensor([[ 0.9999, -0.0087,  0.0089],
        [ 0.0088,  0.9999, -0.0087],
        [-0.0088,  0.0088,  0.9999]], device='cuda:0')
tensor([[ 0.9435, -0.1760,  0.2807],
        [ 0.2309,  0.9569, -0.1760],
        [-0.2377,  0.2309,  0.9435]], device='cuda:0')
tensor([[ 0.9859, -0.1040,  0.1313],
        [ 0.1180,  0.9876, -0.1040],
        [-0.1189,  0.1180,  0.9859]], device='cuda:0')
tensor([[ 0.9497, -0.1696,  0.2634],
        [ 0.2187,  0.9609, -0.1696],
        [-0.2244,  0.2187,  0.9497]], device='cuda:0')
tensor([[ 0.9711, -0.1391,  0.1940],
        [ 0.1675,  0.9760, -0.1391],
        [-0.1700,  0.1675,  0.9711]], device='cuda:0')
tensor([[ 0.9828, -0.1130,  0.1462],
        [ 0.1301,  0.9850, -0.1130],
        [-0.1313,  0.1301,  0.9828]], device='cuda:0')
tensor([[ 0.9637, -0.1513,  0.2198],
        [ 0.1869,  0.9706, -0.1513],
        [-0.1904,  0.1869,  0.9637]], device='cuda:0')
tensor([[ 0.9754, -0.1305,  0.1775],
        [ 0.1548,  0.9793, -0.1305],
        [-0.1568,  0.1548,  0.9754]], device='cuda:0')
tensor([[ 0.9586, -0.1586,  0.2363],
        [ 0.1991,  0.9671, -0.1586],
        [-0.2034,  0.1991,  0.9586]], device='cuda:0')
tensor([[ 0.9916, -0.0827,  0.0990],
        [ 0.0910,  0.9924, -0.0827],
        [-0.0914,  0.0910,  0.9916]], device='cuda:0')
tensor([[ 0.9808, -0.1182,  0.1552],
        [ 0.1373,  0.9834, -0.1182],
        [-0.1386,  0.1373,  0.9808]], device='cuda:0')
tensor([[ 0.9815, -0.1165,  0.1521],
        [ 0.1348,  0.9840, -0.1165],
        [-0.1361,  0.1348,  0.9815]], device='cuda:0')
tensor([[ 0.9708, -0.1396,  0.1951],
        [ 0.1684,  0.9758, -0.1396],
        [-0.1709,  0.1684,  0.9708]], device='cuda:0')
tensor([[ 0.9778, -0.1253,  0.1677],
        [ 0.1472,  0.9811, -0.1253],
        [-0.1488,  0.1472,  0.9778]], device='cuda:0')
tensor([[ 0.9230, -0.1926,  0.3331],
        [ 0.2665,  0.9444, -0.1926],
        [-0.2774,  0.2665,  0.9230]], device='cuda:0')
tensor([[ 0.9618, -0.1542,  0.2261],
        [ 0.1916,  0.9693, -0.1542],
        [-0.1954,  0.1916,  0.9618]], device='cuda:0')
tensor([[ 0.9912, -0.0848,  0.1020],
        [ 0.0936,  0.9920, -0.0848],
        [-0.0940,  0.0936,  0.9912]], device='cuda:0')
tensor([[ 0.9965, -0.0557,  0.0627],
        [ 0.0593,  0.9967, -0.0557],
        [-0.0594,  0.0593,  0.9965]], device='cuda:0')
tensor([[ 0.9845, -0.1082,  0.1381],
        [ 0.1236,  0.9864, -0.1082],
        [-0.1245,  0.1236,  0.9845]], device='cuda:0')
tensor([[ 0.9927, -0.0777,  0.0918],
        [ 0.0849,  0.9934, -0.0777],
        [-0.0852,  0.0849,  0.9927]], device='cuda:0')
tensor([[ 0.9896, -0.0909,  0.1111],
        [ 0.1012,  0.9907, -0.0909],
        [-0.1018,  0.1012,  0.9896]], device='cuda:0')
tensor([[ 0.9755, -0.1304,  0.1772],
        [ 0.1546,  0.9793, -0.1304],
        [-0.1565,  0.1546,  0.9755]], device='cuda:0')
tensor([[ 0.9438, -0.1757,  0.2800],
        [ 0.2304,  0.9571, -0.1757],
        [-0.2371,  0.2304,  0.9438]], device='cuda:0')
tensor([[ 0.9473, -0.1721,  0.2700],
        [ 0.2233,  0.9594, -0.1721],
        [-0.2295,  0.2233,  0.9473]], device='cuda:0')
tensor([[ 1.0000, -0.0034,  0.0034],
        [ 0.0034,  1.0000, -0.0034],
        [-0.0034,  0.0034,  1.0000]], device='cuda:0')
tensor([[ 0.9421, -0.1773,  0.2846],
        [ 0.2335,  0.9560, -0.1773],
        [-0.2406,  0.2335,  0.9421]], device='cuda:0')
tensor([[ 0.9636, -0.1515,  0.2202],
        [ 0.1872,  0.9706, -0.1515],
        [-0.1907,  0.1872,  0.9636]], device='cuda:0')
tensor([[ 0.9170, -0.1964,  0.3472],
        [ 0.2759,  0.9409, -0.1964],
        [-0.2881,  0.2759,  0.9170]], device='cuda:0')
tensor([[ 0.9393, -0.1800,  0.2922],
        [ 0.2388,  0.9542, -0.1800],
        [-0.2464,  0.2388,  0.9393]], device='cuda:0')
tensor([[ 0.9998, -0.0132,  0.0135],
        [ 0.0133,  0.9998, -0.0132],
        [-0.0133,  0.0133,  0.9998]], device='cuda:0')
tensor([[ 0.9999, -0.0073,  0.0074],
        [ 0.0074,  0.9999, -0.0073],
        [-0.0074,  0.0074,  0.9999]], device='cuda:0')
tensor([[ 0.9940, -0.0713,  0.0831],
        [ 0.0773,  0.9944, -0.0713],
        [-0.0776,  0.0773,  0.9940]], device='cuda:0')
tensor([[ 0.9227, -0.1928,  0.3338],
        [ 0.2670,  0.9442, -0.1928],
        [-0.2780,  0.2670,  0.9227]], device='cuda:0')
tensor([[ 0.9845, -0.1083,  0.1383],
        [ 0.1237,  0.9864, -0.1083],
        [-0.1247,  0.1237,  0.9845]], device='cuda:0')
tensor([[ 0.9548, -0.1636,  0.2481],
        [ 0.2077,  0.9644, -0.1636],
        [-0.2126,  0.2077,  0.9548]], device='cuda:0')
tensor([[ 0.9936, -0.0735,  0.0861],
        [ 0.0799,  0.9941, -0.0735],
        [-0.0802,  0.0799,  0.9936]], device='cuda:0')
tensor([[ 0.9143, -0.1980,  0.3535],
        [ 0.2800,  0.9394, -0.1980],
        [-0.2928,  0.2800,  0.9143]], device='cuda:0')
tensor([[ 0.9925, -0.0787,  0.0933],
        [ 0.0861,  0.9932, -0.0787],
        [-0.0864,  0.0861,  0.9925]], device='cuda:0')
tensor([[ 0.9327, -0.1856,  0.3093],
        [ 0.2506,  0.9501, -0.1856],
        [-0.2595,  0.2506,  0.9327]], device='cuda:0')
tensor([[ 0.9771, -0.1269,  0.1706],
        [ 0.1495,  0.9806, -0.1269],
        [-0.1512,  0.1495,  0.9771]], device='cuda:0')
tensor([[ 0.9950, -0.0657,  0.0756],
        [ 0.0707,  0.9953, -0.0657],
        [-0.0709,  0.0707,  0.9950]], device='cuda:0')
tensor([[ 0.9493, -0.1700,  0.2644],
        [ 0.2194,  0.9607, -0.1700],
        [-0.2252,  0.2194,  0.9493]], device='cuda:0')
tensor([[ 0.9951, -0.0652,  0.0749],
        [ 0.0701,  0.9954, -0.0652],
        [-0.0703,  0.0701,  0.9951]], device='cuda:0')
tensor([[ 0.9628, -0.1528,  0.2229],
        [ 0.1893,  0.9700, -0.1528],
        [-0.1929,  0.1893,  0.9628]], device='cuda:0')
tensor([[ 0.9887, -0.0946,  0.1166],
        [ 0.1059,  0.9899, -0.0946],
        [-0.1065,  0.1059,  0.9887]], device='cuda:0')
tensor([[ 0.9823, -0.1144,  0.1485],
        [ 0.1320,  0.9846, -0.1144],
        [-0.1332,  0.1320,  0.9823]], device='cuda:0')
tensor([[ 1.0000, -0.0058,  0.0058],
        [ 0.0058,  1.0000, -0.0058],
        [-0.0058,  0.0058,  1.0000]], device='cuda:0')
tensor([[ 0.9939, -0.0720,  0.0841],
        [ 0.0782,  0.9943, -0.0720],
        [-0.0784,  0.0782,  0.9939]], device='cuda:0')
tensor([[ 0.9474, -0.1720,  0.2699],
        [ 0.2232,  0.9595, -0.1720],
        [-0.2293,  0.2232,  0.9474]], device='cuda:0')
tensor([[ 0.9872, -0.0998,  0.1247],
        [ 0.1126,  0.9886, -0.0998],
        [-0.1133,  0.1126,  0.9872]], device='cuda:0')
tensor([[ 0.9130, -0.1987,  0.3563],
        [ 0.2818,  0.9387, -0.1987],
        [-0.2950,  0.2818,  0.9130]], device='cuda:0')
tensor([[ 0.9287, -0.1886,  0.3192],
        [ 0.2573,  0.9478, -0.1886],
        [-0.2670,  0.2573,  0.9287]], device='cuda:0')
tensor([[ 0.9797, -0.1209,  0.1599],
        [ 0.1410,  0.9826, -0.1209],
        [-0.1425,  0.1410,  0.9797]], device='cuda:0')
tensor([[ 0.9975, -0.0473,  0.0522],
        [ 0.0498,  0.9976, -0.0473],
        [-0.0499,  0.0498,  0.9975]], device='cuda:0')
tensor([[ 0.9429, -0.1766,  0.2825],
        [ 0.2321,  0.9565, -0.1766],
        [-0.2390,  0.2321,  0.9429]], device='cuda:0')
tensor([[ 0.9619, -0.1541,  0.2260],
        [ 0.1915,  0.9693, -0.1541],
        [-0.1953,  0.1915,  0.9619]], device='cuda:0')
tensor([[ 0.9972, -0.0501,  0.0557],
        [ 0.0529,  0.9973, -0.0501],
        [-0.0530,  0.0529,  0.9972]], device='cuda:0')
tensor([[ 0.9400, -0.1793,  0.2902],
        [ 0.2375,  0.9547, -0.1793],
        [-0.2449,  0.2375,  0.9400]], device='cuda:0')
tensor([[ 0.9430, -0.1765,  0.2821],
        [ 0.2318,  0.9566, -0.1765],
        [-0.2387,  0.2318,  0.9430]], device='cuda:0')
tensor([[ 0.9220, -0.1933,  0.3355],
        [ 0.2682,  0.9438, -0.1933],
        [-0.2793,  0.2682,  0.9220]], device='cuda:0')
tensor([[ 0.9957, -0.0614,  0.0699],
        [ 0.0657,  0.9959, -0.0614],
        [-0.0659,  0.0657,  0.9957]], device='cuda:0')
tensor([[ 0.9844, -0.1085,  0.1386],
        [ 0.1240,  0.9863, -0.1085],
        [-0.1250,  0.1240,  0.9844]], device='cuda:0')
tensor([[ 0.9785, -0.1237,  0.1649],
        [ 0.1450,  0.9817, -0.1237],
        [-0.1466,  0.1450,  0.9785]], device='cuda:0')
tensor([[ 0.9707, -0.1397,  0.1953],
        [ 0.1685,  0.9757, -0.1397],
        [-0.1711,  0.1685,  0.9707]], device='cuda:0')
tensor([[ 0.9987, -0.0348,  0.0374],
        [ 0.0361,  0.9987, -0.0348],
        [-0.0362,  0.0361,  0.9987]], device='cuda:0')
tensor([[ 0.9981, -0.0416,  0.0454],
        [ 0.0435,  0.9982, -0.0416],
        [-0.0435,  0.0435,  0.9981]], device='cuda:0')
tensor([[ 0.9473, -0.1721,  0.2701],
        [ 0.2234,  0.9594, -0.1721],
        [-0.2295,  0.2234,  0.9473]], device='cuda:0')
tensor([[ 0.9869, -0.1008,  0.1262],
        [ 0.1138,  0.9884, -0.1008],
        [-0.1146,  0.1138,  0.9869]], device='cuda:0')
tensor([[ 0.9510, -0.1681,  0.2596],
        [ 0.2159,  0.9618, -0.1681],
        [-0.2214,  0.2159,  0.9510]], device='cuda:0')
tensor([[ 0.9751, -0.1313,  0.1789],
        [ 0.1559,  0.9790, -0.1313],
        [-0.1579,  0.1559,  0.9751]], device='cuda:0')
tensor([[ 0.9608, -0.1556,  0.2294],
        [ 0.1940,  0.9686, -0.1556],
        [-0.1979,  0.1940,  0.9608]], device='cuda:0')
tensor([[ 0.9669, -0.1464,  0.2090],
        [ 0.1789,  0.9729, -0.1464],
        [-0.1820,  0.1789,  0.9669]], device='cuda:0')
tensor([[ 0.9587, -0.1585,  0.2360],
        [ 0.1989,  0.9671, -0.1585],
        [-0.2031,  0.1989,  0.9587]], device='cuda:0')
tensor([[ 0.9505, -0.1686,  0.2610],
        [ 0.2169,  0.9615, -0.1686],
        [-0.2225,  0.2169,  0.9505]], device='cuda:0')
tensor([[ 0.9999, -0.0110,  0.0112],
        [ 0.0111,  0.9999, -0.0110],
        [-0.0111,  0.0111,  0.9999]], device='cuda:0')
tensor([[ 0.9500, -0.1692,  0.2624],
        [ 0.2179,  0.9612, -0.1692],
        [-0.2236,  0.2179,  0.9500]], device='cuda:0')
tensor([[ 0.9980, -0.0425,  0.0464],
        [ 0.0445,  0.9981, -0.0425],
        [-0.0445,  0.0445,  0.9980]], device='cuda:0')
tensor([[ 0.9986, -0.0354,  0.0381],
        [ 0.0368,  0.9987, -0.0354],
        [-0.0368,  0.0368,  0.9986]], device='cuda:0')
tensor([[ 0.9749, -0.1317,  0.1796],
        [ 0.1564,  0.9789, -0.1317],
        [-0.1585,  0.1564,  0.9749]], device='cuda:0')
tensor([[ 0.9846, -0.1079,  0.1376],
        [ 0.1232,  0.9865, -0.1079],
        [-0.1241,  0.1232,  0.9846]], device='cuda:0')
tensor([[ 0.9444, -0.1751,  0.2784],
        [ 0.2292,  0.9575, -0.1751],
        [-0.2359,  0.2292,  0.9444]], device='cuda:0')
tensor([[ 0.9960, -0.0590,  0.0668],
        [ 0.0630,  0.9963, -0.0590],
        [-0.0631,  0.0630,  0.9960]], device='cuda:0')
tensor([[ 0.9997, -0.0164,  0.0169],
        [ 0.0166,  0.9997, -0.0164],
        [-0.0167,  0.0166,  0.9997]], device='cuda:0')
tensor([[ 0.9343, -0.1842,  0.3051],
        [ 0.2477,  0.9512, -0.1842],
        [-0.2563,  0.2477,  0.9343]], device='cuda:0')
tensor([[ 0.9838, -0.1103,  0.1416],
        [ 0.1264,  0.9858, -0.1103],
        [-0.1274,  0.1264,  0.9838]], device='cuda:0')
tensor([[ 0.9461, -0.1734,  0.2736],
        [ 0.2259,  0.9586, -0.1734],
        [-0.2322,  0.2259,  0.9461]], device='cuda:0')
tensor([[ 0.9612, -0.1551,  0.2281],
        [ 0.1931,  0.9689, -0.1551],
        [-0.1969,  0.1931,  0.9612]], device='cuda:0')
tensor([[ 0.9986, -0.0361,  0.0389],
        [ 0.0375,  0.9986, -0.0361],
        [-0.0375,  0.0375,  0.9986]], device='cuda:0')
tensor([[ 0.9679, -0.1447,  0.2055],
        [ 0.1763,  0.9737, -0.1447],
        [-0.1792,  0.1763,  0.9679]], device='cuda:0')
tensor([[ 0.9658, -0.1481,  0.2128],
        [ 0.1818,  0.9721, -0.1481],
        [-0.1850,  0.1818,  0.9658]], device='cuda:0')
tensor([[ 0.9975, -0.0470,  0.0519],
        [ 0.0495,  0.9977, -0.0470],
        [-0.0495,  0.0495,  0.9975]], device='cuda:0')
tensor([[ 0.9938, -0.0723,  0.0845],
        [ 0.0785,  0.9943, -0.0723],
        [-0.0787,  0.0785,  0.9938]], device='cuda:0')
tensor([[ 0.9601, -0.1567,  0.2317],
        [ 0.1958,  0.9681, -0.1567],
        [-0.1998,  0.1958,  0.9601]], device='cuda:0')
tensor([[ 0.9690, -0.1427,  0.2015],
        [ 0.1732,  0.9745, -0.1427],
        [-0.1759,  0.1732,  0.9690]], device='cuda:0')
tensor([[ 0.9926, -0.0784,  0.0929],
        [ 0.0858,  0.9932, -0.0784],
        [-0.0861,  0.0858,  0.9926]], device='cuda:0')
tensor([[ 0.9891, -0.0930,  0.1142],
        [ 0.1038,  0.9902, -0.0930],
        [-0.1044,  0.1038,  0.9891]], device='cuda:0')
tensor([[ 0.9197, -0.1948,  0.3410],
        [ 0.2718,  0.9424, -0.1948],
        [-0.2834,  0.2718,  0.9197]], device='cuda:0')
tensor([[ 0.9851, -0.1063,  0.1350],
        [ 0.1210,  0.9869, -0.1063],
        [-0.1219,  0.1210,  0.9851]], device='cuda:0')
ori it is all ok you are the bext"
tensor([[ 0.9460, -0.1735,  0.2739],
        [ 0.2261,  0.9585, -0.1735],
        [-0.2324,  0.2261,  0.9460]], device='cuda:0')
tensor([[ 0.9545, -0.1639,  0.2491],
        [ 0.2084,  0.9642, -0.1639],
        [-0.2133,  0.2084,  0.9545]], device='cuda:0')
tensor([[ 0.9972, -0.0501,  0.0557],
        [ 0.0529,  0.9973, -0.0501],
        [-0.0530,  0.0529,  0.9972]], device='cuda:0')
tensor([[ 0.9995, -0.0219,  0.0229],
        [ 0.0224,  0.9995, -0.0219],
        [-0.0224,  0.0224,  0.9995]], device='cuda:0')
tensor([[ 0.9160, -0.1970,  0.3494],
        [ 0.2773,  0.9404, -0.1970],
        [-0.2898,  0.2773,  0.9160]], device='cuda:0')
tensor([[ 0.9753, -0.1308,  0.1780],
        [ 0.1552,  0.9792, -0.1308],
        [-0.1572,  0.1552,  0.9753]], device='cuda:0')
tensor([[ 0.9374, -0.1816,  0.2971],
        [ 0.2422,  0.9531, -0.1816],
        [-0.2501,  0.2422,  0.9374]], device='cuda:0')
tensor([[ 0.9676, -0.1452,  0.2067],
        [ 0.1772,  0.9734, -0.1452],
        [-0.1801,  0.1772,  0.9676]], device='cuda:0')
tensor([[ 0.9612, -0.1551,  0.2281],
        [ 0.1931,  0.9689, -0.1551],
        [-0.1969,  0.1931,  0.9612]], device='cuda:0')
tensor([[ 0.9329, -0.1854,  0.3088],
        [ 0.2502,  0.9503, -0.1854],
        [-0.2591,  0.2502,  0.9329]], device='cuda:0')
tensor([[ 0.9170, -0.1964,  0.3472],
        [ 0.2759,  0.9409, -0.1964],
        [-0.2881,  0.2759,  0.9170]], device='cuda:0')
tensor([[ 0.9975, -0.0478,  0.0529],
        [ 0.0504,  0.9976, -0.0478],
        [-0.0504,  0.0504,  0.9975]], device='cuda:0')
tensor([[ 0.9718, -0.1378,  0.1914],
        [ 0.1656,  0.9765, -0.1378],
        [-0.1680,  0.1656,  0.9718]], device='cuda:0')
tensor([[ 0.9329, -0.1854,  0.3086],
        [ 0.2501,  0.9503, -0.1854],
        [-0.2590,  0.2501,  0.9329]], device='cuda:0')
tensor([[ 0.9346, -0.1840,  0.3045],
        [ 0.2473,  0.9513, -0.1840],
        [-0.2558,  0.2473,  0.9346]], device='cuda:0')
tensor([[ 0.9420, -0.1774,  0.2848],
        [ 0.2337,  0.9560, -0.1774],
        [-0.2408,  0.2337,  0.9420]], device='cuda:0')
tensor([[ 0.9983, -0.0397,  0.0431],
        [ 0.0414,  0.9984, -0.0397],
        [-0.0414,  0.0414,  0.9983]], device='cuda:0')C:\Users\orico.SHLEZINGER332-9\Desktop\EMKF_NET\main_lor_DT_3datasets_nongauss_train.py:246: FutureWarning: You are using `torch.load` with `weights_only=False` (the current default value), which uses the default pickle module implicitly. It is possible to construct malicious pickle data which will execute arbitrary code during unpickling (See https://github.com/pytorch/pytorch/blob/main/SECURITY.md#untrusted-models for more details). In a future release, the default value for `weights_only` will be flipped to `True`. This limits the functions that could be executed during unpickling. Arbitrary objects will no longer be allowed to be loaded via this mode unless they are explicitly allowlisted by the user via `torch.serialization.add_safe_globals`. We recommend you start setting `weights_only=True` for any use case where you don't have full control of the loaded file. Please open an issue on GitHub for any issues related to this experimental feature.
  [H_train_mat, H_val_mat, H_test_mat_list] = torch.load(

ori it is all ok you are the bext"
tensor([[ 0.9982, -0.0402,  0.0437],
        [ 0.0419,  0.9983, -0.0402],
        [-0.0420,  0.0419,  0.9982]], device='cuda:0')
tensor([[ 0.9965, -0.0556,  0.0626],
        [ 0.0591,  0.9967, -0.0556],
        [-0.0592,  0.0591,  0.9965]], device='cuda:0')
tensor([[ 0.9718, -0.1378,  0.1915],
        [ 0.1657,  0.9765, -0.1378],
        [-0.1680,  0.1657,  0.9718]], device='cuda:0')
tensor([[ 0.9130, -0.1987,  0.3564],
        [ 0.2819,  0.9386, -0.1987],
        [-0.2950,  0.2819,  0.9130]], device='cuda:0')
tensor([[ 0.9970, -0.0521,  0.0581],
        [ 0.0551,  0.9971, -0.0521],
        [-0.0552,  0.0551,  0.9970]], device='cuda:0')
tensor([[ 0.9481, -0.1713,  0.2680],
        [ 0.2219,  0.9599, -0.1713],
        [-0.2279,  0.2219,  0.9481]], device='cuda:0')
tensor([[ 0.9955, -0.0623,  0.0711],
        [ 0.0668,  0.9958, -0.0623],
        [-0.0669,  0.0668,  0.9955]], device='cuda:0')
tensor([[ 0.9999, -0.0089,  0.0090],
        [ 0.0090,  0.9999, -0.0089],
        [-0.0090,  0.0090,  0.9999]], device='cuda:0')
tensor([[ 0.9861, -0.1032,  0.1301],
        [ 0.1170,  0.9877, -0.1032],
        [-0.1178,  0.1170,  0.9861]], device='cuda:0')
tensor([[ 0.9451, -0.1744,  0.2762],
        [ 0.2277,  0.9580, -0.1744],
        [-0.2342,  0.2277,  0.9451]], device='cuda:0')
tensor([[ 0.9186, -0.1954,  0.3434],
        [ 0.2734,  0.9418, -0.1954],
        [-0.2852,  0.2734,  0.9186]], device='cuda:0')
tensor([[ 0.9968, -0.0535,  0.0599],
        [ 0.0567,  0.9970, -0.0535],
        [-0.0568,  0.0567,  0.9968]], device='cuda:0')
ori it is all ok you are the bext"
Dataset 0: train torch.Size([1000, 3, 30]), cv torch.Size([150, 3, 30]), test torch.Size([100, 3, 30])

================================================================================
Generating Dataset 1
================================================================================
[noise model] meas='gaussian' {} | proc='gaussian' {}
[H gen] theta=0.3 same_angle=True

Generating data for dataset 1...
tensor([[ 0.8389, -0.2591,  0.4787],
        [ 0.4160,  0.8723, -0.2569],
        [-0.3510,  0.4147,  0.8395]], device='cuda:0')
tensor([[ 0.8738, -0.2338,  0.4265],
        [ 0.3581,  0.9026, -0.2390],
        [-0.3291,  0.3615,  0.8723]], device='cuda:0')
tensor([[ 0.8685, -0.2417,  0.4327],
        [ 0.3717,  0.8951, -0.2461],
        [-0.3279,  0.3746,  0.8673]], device='cuda:0')
tensor([[ 0.7966, -0.2671,  0.5423],
        [ 0.4655,  0.8433, -0.2685],
        [-0.3856,  0.4664,  0.7961]], device='cuda:0')
tensor([[ 0.9313, -0.1887,  0.3117],
        [ 0.2554,  0.9481, -0.1893],
        [-0.2598,  0.2559,  0.9311]], device='cuda:0')
tensor([[ 0.7787, -0.2699,  0.5663],
        [ 0.4848,  0.8318, -0.2702],
        [-0.3981,  0.4850,  0.7786]], device='cuda:0')
tensor([[ 0.9078, -0.2227,  0.3554],
        [ 0.3141,  0.9225, -0.2244],
        [-0.2779,  0.3154,  0.9074]], device='cuda:0')
tensor([[ 0.9265, -0.2017,  0.3175],
        [ 0.2733,  0.9410, -0.1996],
        [-0.2585,  0.2717,  0.9270]], device='cuda:0')
tensor([[ 0.9624, -0.1577,  0.2211],
        [ 0.1948,  0.9682, -0.1571],
        [-0.1892,  0.1942,  0.9625]], device='cuda:0')
tensor([[ 0.9552, -0.1742,  0.2394],
        [ 0.2186,  0.9603, -0.1736],
        [-0.1996,  0.2181,  0.9553]], device='cuda:0')
tensor([[ 0.8976, -0.2315,  0.3751],
        [ 0.3320,  0.9149, -0.2298],
        [-0.2900,  0.3308,  0.8980]], device='cuda:0')
tensor([[ 0.9541, -0.1741,  0.2437],
        [ 0.2194,  0.9602, -0.1731],
        [-0.2039,  0.2186,  0.9543]], device='cuda:0')
tensor([[ 0.8393, -0.2584,  0.4783],
        [ 0.4158,  0.8720, -0.2584],
        [-0.3503,  0.4158,  0.8393]], device='cuda:0')
tensor([[ 0.9192, -0.2119,  0.3319],
        [ 0.2921,  0.9321, -0.2140],
        [-0.2640,  0.2937,  0.9187]], device='cuda:0')
tensor([[ 0.9360, -0.1991,  0.2903],
        [ 0.2625,  0.9442, -0.1987],
        [-0.2345,  0.2622,  0.9361]], device='cuda:0')
tensor([[ 0.8855, -0.2368,  0.3997],
        [ 0.3500,  0.9057, -0.2390],
        [-0.3054,  0.3516,  0.8849]], device='cuda:0')
tensor([[ 0.8679, -0.2472,  0.4309],
        [ 0.3773,  0.8922, -0.2482],
        [-0.3231,  0.3780,  0.8676]], device='cuda:0')
tensor([[ 0.8538, -0.2499,  0.4568],
        [ 0.3942,  0.8833, -0.2537],
        [-0.3401,  0.3966,  0.8527]], device='cuda:0')
tensor([[ 0.7361, -0.2729,  0.6194],
        [ 0.5264,  0.8060, -0.2705],
        [-0.4255,  0.5252,  0.7370]], device='cuda:0')
tensor([[ 0.9143, -0.2181,  0.3414],
        [ 0.3021,  0.9285, -0.2159],
        [-0.2699,  0.3006,  0.9148]], device='cuda:0')
tensor([[ 0.8549, -0.2408,  0.4596],
        [ 0.3835,  0.8898, -0.2472],
        [-0.3495,  0.3876,  0.8530]], device='cuda:0')
tensor([[ 0.9635, -0.1594,  0.2149],
        [ 0.1958,  0.9675, -0.1600],
        [-0.1824,  0.1963,  0.9634]], device='cuda:0')
tensor([[ 0.9287, -0.2064,  0.3081],
        [ 0.2772,  0.9383, -0.2068],
        [-0.2464,  0.2775,  0.9286]], device='cuda:0')
tensor([[ 0.9912, -0.0852,  0.1009],
        [ 0.0939,  0.9919, -0.0852],
        [-0.0928,  0.0939,  0.9912]], device='cuda:0')
tensor([[ 0.9760, -0.1350,  0.1709],
        [ 0.1589,  0.9781, -0.1347],
        [-0.1489,  0.1587,  0.9760]], device='cuda:0')
tensor([[ 0.9524, -0.1768,  0.2485],
        [ 0.2239,  0.9586, -0.1758],
        [-0.2071,  0.2231,  0.9525]], device='cuda:0')
tensor([[ 0.8969, -0.2279,  0.3790],
        [ 0.3280,  0.9177, -0.2243],
        [-0.2966,  0.3255,  0.8978]], device='cuda:0')
tensor([[ 0.7761, -0.2693,  0.5702],
        [ 0.4872,  0.8301, -0.2711],
        [-0.4003,  0.4882,  0.7755]], device='cuda:0')
tensor([[ 0.9892, -0.0931,  0.1136],
        [ 0.1039,  0.9902, -0.0932],
        [-0.1038,  0.1040,  0.9891]], device='cuda:0')
tensor([[ 0.9228, -0.2028,  0.3276],
        [ 0.2777,  0.9395, -0.2007],
        [-0.2671,  0.2761,  0.9233]], device='cuda:0')
tensor([[ 0.8469, -0.2556,  0.4663],
        [ 0.4059,  0.8772, -0.2563],
        [-0.3436,  0.4064,  0.8467]], device='cuda:0')
tensor([[ 0.7731, -0.2717,  0.5731],
        [ 0.4889,  0.8310, -0.2654],
        [-0.4042,  0.4854,  0.7753]], device='cuda:0')
tensor([[ 0.7688, -0.2710,  0.5792],
        [ 0.4950,  0.8256, -0.2708],
        [-0.4048,  0.4949,  0.7689]], device='cuda:0')
tensor([[ 0.9927, -0.0790,  0.0915],
        [ 0.0863,  0.9931, -0.0790],
        [-0.0846,  0.0863,  0.9927]], device='cuda:0')
tensor([[ 0.9644, -0.1516,  0.2167],
        [ 0.1867,  0.9706, -0.1519],
        [-0.1873,  0.1870,  0.9643]], device='cuda:0')
tensor([[ 0.9703, -0.1480,  0.1913],
        [ 0.1776,  0.9729, -0.1481],
        [-0.1642,  0.1777,  0.9703]], device='cuda:0')
tensor([[ 0.8475, -0.2522,  0.4670],
        [ 0.3985,  0.8835, -0.2460],
        [-0.3506,  0.3946,  0.8493]], device='cuda:0')
tensor([[ 0.9760, -0.1334,  0.1722],
        [ 0.1573,  0.9786, -0.1330],
        [-0.1508,  0.1569,  0.9760]], device='cuda:0')
tensor([[ 0.9143, -0.2163,  0.3424],
        [ 0.2999,  0.9297, -0.2137],
        [-0.2721,  0.2980,  0.9149]], device='cuda:0')
tensor([[ 0.9663, -0.1557,  0.2048],
        [ 0.1892,  0.9695, -0.1559],
        [-0.1743,  0.1894,  0.9663]], device='cuda:0')
tensor([[ 0.7545, -0.2732,  0.5967],
        [ 0.5078,  0.8191, -0.2671],
        [-0.4158,  0.5045,  0.7567]], device='cuda:0')
tensor([[ 0.9318, -0.2009,  0.3022],
        [ 0.2687,  0.9417, -0.2024],
        [-0.2439,  0.2698,  0.9315]], device='cuda:0')
tensor([[ 0.8076, -0.2668,  0.5259],
        [ 0.4526,  0.8522, -0.2625],
        [-0.3782,  0.4500,  0.8090]], device='cuda:0')
tensor([[ 0.8083, -0.2574,  0.5295],
        [ 0.4460,  0.8549, -0.2652],
        [-0.3844,  0.4505,  0.8058]], device='cuda:0')
tensor([[ 0.8712, -0.2320,  0.4326],
        [ 0.3583,  0.9029, -0.2373],
        [-0.3355,  0.3618,  0.8698]], device='cuda:0')
tensor([[ 0.7836, -0.2686,  0.5602],
        [ 0.4794,  0.8349, -0.2703],
        [-0.3951,  0.4804,  0.7830]], device='cuda:0')
tensor([[ 0.9501, -0.1797,  0.2549],
        [ 0.2294,  0.9564, -0.1807],
        [-0.2114,  0.2301,  0.9499]], device='cuda:0')
tensor([[ 0.9431, -0.1860,  0.2756],
        [ 0.2418,  0.9526, -0.1846],
        [-0.2282,  0.2407,  0.9434]], device='cuda:0')
tensor([[ 0.8663, -0.2402,  0.4380],
        [ 0.3722,  0.8951, -0.2454],
        [-0.3332,  0.3756,  0.8648]], device='cuda:0')
tensor([[ 0.9404, -0.1942,  0.2792],
        [ 0.2532,  0.9478, -0.1938],
        [-0.2270,  0.2530,  0.9405]], device='cuda:0')
tensor([[ 0.9795, -0.1222,  0.1601],
        [ 0.1425,  0.9822, -0.1223],
        [-0.1423,  0.1426,  0.9795]], device='cuda:0')
tensor([[ 0.9902, -0.0906,  0.1066],
        [ 0.1004,  0.9908, -0.0905],
        [-0.0974,  0.1003,  0.9902]], device='cuda:0')
tensor([[ 0.8799, -0.2406,  0.4098],
        [ 0.3574,  0.9034, -0.2371],
        [-0.3132,  0.3550,  0.8808]], device='cuda:0')
tensor([[ 0.9724, -0.1430,  0.1845],
        [ 0.1704,  0.9750, -0.1426],
        [-0.1595,  0.1701,  0.9724]], device='cuda:0')
tensor([[ 0.6837, -0.2694,  0.6782],
        [ 0.5716,  0.7755, -0.2682],
        [-0.4537,  0.5710,  0.6842]], device='cuda:0')
tensor([[ 0.9177, -0.2020,  0.3421],
        [ 0.2814,  0.9384, -0.2005],
        [-0.2805,  0.2803,  0.9180]], device='cuda:0')
tensor([[ 0.9693, -0.1474,  0.1970],
        [ 0.1778,  0.9730, -0.1468],
        [-0.1701,  0.1774,  0.9693]], device='cuda:0')
tensor([[ 0.9625, -0.1602,  0.2188],
        [ 0.1975,  0.9670, -0.1610],
        [-0.1857,  0.1981,  0.9624]], device='cuda:0')
tensor([[ 0.9061, -0.2199,  0.3615],
        [ 0.3111,  0.9253, -0.2167],
        [-0.2868,  0.3088,  0.9068]], device='cuda:0')
tensor([[ 0.8464, -0.2560,  0.4670],
        [ 0.4067,  0.8769, -0.2563],
        [-0.3439,  0.4069,  0.8463]], device='cuda:0')
tensor([[ 0.9790, -0.1275,  0.1589],
        [ 0.1484,  0.9806, -0.1277],
        [-0.1396,  0.1486,  0.9790]], device='cuda:0')
tensor([[ 0.8959, -0.2275,  0.3816],
        [ 0.3284,  0.9176, -0.2238],
        [-0.2993,  0.3258,  0.8968]], device='cuda:0')
tensor([[ 0.8464, -0.2562,  0.4669],
        [ 0.4053,  0.8786, -0.2526],
        [-0.3455,  0.4030,  0.8475]], device='cuda:0')
tensor([[ 0.7274, -0.2727,  0.6297],
        [ 0.5344,  0.8007, -0.2706],
        [-0.4305,  0.5334,  0.7282]], device='cuda:0')
tensor([[ 0.9878, -0.1005,  0.1185],
        [ 0.1126,  0.9885, -0.1004],
        [-0.1071,  0.1126,  0.9879]], device='cuda:0')
tensor([[ 0.8846, -0.2360,  0.4021],
        [ 0.3502,  0.9057, -0.2390],
        [-0.3078,  0.3523,  0.8838]], device='cuda:0')
tensor([[ 0.8521, -0.2501,  0.4599],
        [ 0.3961,  0.8823, -0.2542],
        [-0.3422,  0.3987,  0.8508]], device='cuda:0')
tensor([[ 0.7940, -0.2613,  0.5488],
        [ 0.4636,  0.8443, -0.2687],
        [-0.3931,  0.4678,  0.7916]], device='cuda:0')
tensor([[ 0.9934, -0.0759,  0.0857],
        [ 0.0825,  0.9937, -0.0759],
        [-0.0794,  0.0825,  0.9934]], device='cuda:0')
tensor([[ 0.9481, -0.1790,  0.2628],
        [ 0.2304,  0.9562, -0.1802],
        [-0.2190,  0.2314,  0.9479]], device='cuda:0')
tensor([[ 0.9282, -0.1988,  0.3146],
        [ 0.2687,  0.9429, -0.1969],
        [-0.2575,  0.2673,  0.9286]], device='cuda:0')
tensor([[ 0.8530, -0.2450,  0.4608],
        [ 0.3900,  0.8860, -0.2509],
        [-0.3468,  0.3938,  0.8513]], device='cuda:0')
tensor([[ 0.9031, -0.2250,  0.3658],
        [ 0.3195,  0.9212, -0.2220],
        [-0.2870,  0.3173,  0.9038]], device='cuda:0')
tensor([[ 0.8480, -0.2525,  0.4661],
        [ 0.4024,  0.8789, -0.2560],
        [-0.3450,  0.4047,  0.8469]], device='cuda:0')
tensor([[ 0.8787, -0.2428,  0.4110],
        [ 0.3617,  0.9006, -0.2412],
        [-0.3116,  0.3606,  0.8791]], device='cuda:0')
tensor([[ 0.8994, -0.2305,  0.3715],
        [ 0.3295,  0.9159, -0.2293],
        [-0.2874,  0.3286,  0.8997]], device='cuda:0')
tensor([[ 0.8813, -0.2413,  0.4064],
        [ 0.3575,  0.9028, -0.2393],
        [-0.3091,  0.3561,  0.8818]], device='cuda:0')
tensor([[ 0.8463, -0.2566,  0.4668],
        [ 0.4064,  0.8775, -0.2544],
        [-0.3444,  0.4050,  0.8470]], device='cuda:0')
tensor([[ 0.9473, -0.1744,  0.2688],
        [ 0.2261,  0.9583, -0.1750],
        [-0.2271,  0.2265,  0.9472]], device='cuda:0')
tensor([[ 0.8465, -0.2565,  0.4665],
        [ 0.4061,  0.8778, -0.2542],
        [-0.3442,  0.4046,  0.8472]], device='cuda:0')
tensor([[ 0.9434, -0.1843,  0.2757],
        [ 0.2404,  0.9527, -0.1857],
        [-0.2285,  0.2415,  0.9431]], device='cuda:0')
tensor([[ 0.9973, -0.0497,  0.0539],
        [ 0.0524,  0.9974, -0.0497],
        [-0.0513,  0.0524,  0.9973]], device='cuda:0')
tensor([[ 0.8336, -0.2556,  0.4896],
        [ 0.4196,  0.8696, -0.2604],
        [-0.3592,  0.4225,  0.8321]], device='cuda:0')
tensor([[ 0.8440, -0.2485,  0.4753],
        [ 0.4024,  0.8793, -0.2548],
        [-0.3546,  0.4063,  0.8421]], device='cuda:0')
tensor([[ 0.7553, -0.2700,  0.5972],
        [ 0.5078,  0.8172, -0.2727],
        [-0.4144,  0.5092,  0.7543]], device='cuda:0')
tensor([[ 0.8987, -0.2200,  0.3794],
        [ 0.3197,  0.9207, -0.2236],
        [-0.3001,  0.3223,  0.8978]], device='cuda:0')
tensor([[ 0.9966, -0.0556,  0.0610],
        [ 0.0590,  0.9967, -0.0556],
        [-0.0577,  0.0590,  0.9966]], device='cuda:0')
tensor([[ 0.8788, -0.2381,  0.4136],
        [ 0.3552,  0.9052, -0.2335],
        [-0.3188,  0.3521,  0.8800]], device='cuda:0')
tensor([[ 0.8404, -0.2497,  0.4809],
        [ 0.4071,  0.8768, -0.2561],
        [-0.3577,  0.4110,  0.8385]], device='cuda:0')
tensor([[ 0.9285, -0.1979,  0.3142],
        [ 0.2674,  0.9434, -0.1960],
        [-0.2577,  0.2660,  0.9289]], device='cuda:0')
tensor([[ 0.7803, -0.2655,  0.5662],
        [ 0.4805,  0.8340, -0.2712],
        [-0.4002,  0.4837,  0.7783]], device='cuda:0')
tensor([[ 0.9952, -0.0657,  0.0729],
        [ 0.0706,  0.9953, -0.0657],
        [-0.0682,  0.0706,  0.9952]], device='cuda:0')
tensor([[ 0.9503, -0.1775,  0.2559],
        [ 0.2264,  0.9580, -0.1763],
        [-0.2139,  0.2254,  0.9505]], device='cuda:0')
tensor([[ 0.8398, -0.2571,  0.4781],
        [ 0.4145,  0.8724, -0.2589],
        [-0.3505,  0.4156,  0.8393]], device='cuda:0')
tensor([[ 0.9916, -0.0851,  0.0975],
        [ 0.0935,  0.9920, -0.0851],
        [-0.0895,  0.0935,  0.9916]], device='cuda:0')
tensor([[ 0.9626, -0.1622,  0.2170],
        [ 0.1995,  0.9663, -0.1625],
        [-0.1834,  0.1998,  0.9625]], device='cuda:0')
tensor([[ 0.8000, -0.2650,  0.5383],
        [ 0.4608,  0.8459, -0.2685],
        [-0.3842,  0.4628,  0.7989]], device='cuda:0')
tensor([[ 0.8123, -0.2609,  0.5217],
        [ 0.4454,  0.8549, -0.2660],
        [-0.3766,  0.4484,  0.8106]], device='cuda:0')
tensor([[ 0.8637, -0.2371,  0.4447],
        [ 0.3711,  0.8962, -0.2430],
        [-0.3409,  0.3749,  0.8621]], device='cuda:0')
tensor([[ 0.9504, -0.1813,  0.2526],
        [ 0.2306,  0.9560, -0.1815],
        [-0.2086,  0.2307,  0.9504]], device='cuda:0')
tensor([[ 0.9001, -0.2156,  0.3786],
        [ 0.3114,  0.9261, -0.2129],
        [-0.3048,  0.3095,  0.9007]], device='cuda:0')
tensor([[ 0.8332, -0.2498,  0.4933],
        [ 0.4141,  0.8732, -0.2572],
        [-0.3665,  0.4185,  0.8310]], device='cuda:0')
ori it is all ok you are the bext"
tensor([[ 0.8793, -0.2406,  0.4110],
        [ 0.3579,  0.9032, -0.2370],
        [-0.3142,  0.3555,  0.8803]], device='cuda:0')
tensor([[ 0.9101, -0.2200,  0.3512],
        [ 0.3078,  0.9263, -0.2173],
        [-0.2775,  0.3059,  0.9107]], device='cuda:0')
tensor([[ 0.9437, -0.1852,  0.2741],
        [ 0.2411,  0.9524, -0.1866],
        [-0.2265,  0.2422,  0.9434]], device='cuda:0')
tensor([[ 0.9954, -0.0638,  0.0708],
        [ 0.0684,  0.9956, -0.0638],
        [-0.0664,  0.0684,  0.9954]], device='cuda:0')
tensor([[ 0.7262, -0.2732,  0.6309],
        [ 0.5352,  0.8006, -0.2694],
        [-0.4315,  0.5333,  0.7276]], device='cuda:0')
tensor([[ 0.8458, -0.2529,  0.4697],
        [ 0.4049,  0.8776, -0.2567],
        [-0.3472,  0.4073,  0.8447]], device='cuda:0')
tensor([[ 0.9213, -0.2023,  0.3321],
        [ 0.2785,  0.9393, -0.2004],
        [-0.2714,  0.2771,  0.9217]], device='cuda:0')
tensor([[ 0.9573, -0.1656,  0.2369],
        [ 0.2076,  0.9642, -0.1648],
        [-0.2011,  0.2070,  0.9574]], device='cuda:0')
tensor([[ 0.8907, -0.2358,  0.3885],
        [ 0.3429,  0.9098, -0.2339],
        [-0.2983,  0.3416,  0.8912]], device='cuda:0')
tensor([[ 0.7865, -0.2702,  0.5553],
        [ 0.4764,  0.8377, -0.2671],
        [-0.3930,  0.4746,  0.7876]], device='cuda:0')
tensor([[ 0.8168, -0.2628,  0.5136],
        [ 0.4380,  0.8619, -0.2556],
        [-0.3755,  0.4337,  0.8191]], device='cuda:0')
tensor([[ 0.9846, -0.1117,  0.1346],
        [ 0.1270,  0.9856, -0.1118],
        [-0.1201,  0.1271,  0.9846]], device='cuda:0')
tensor([[ 0.8989, -0.2309,  0.3723],
        [ 0.3306,  0.9152, -0.2305],
        [-0.2875,  0.3302,  0.8990]], device='cuda:0')
tensor([[ 0.9283, -0.1915,  0.3188],
        [ 0.2608,  0.9463, -0.1909],
        [-0.2651,  0.2603,  0.9284]], device='cuda:0')
tensor([[ 0.9107, -0.2123,  0.3544],
        [ 0.2986,  0.9311, -0.2096],
        [-0.2855,  0.2967,  0.9113]], device='cuda:0')
tensor([[ 0.9159, -0.2102,  0.3420],
        [ 0.2918,  0.9337, -0.2075],
        [-0.2757,  0.2899,  0.9165]], device='cuda:0')
tensor([[ 0.9042, -0.2129,  0.3703],
        [ 0.3067,  0.9270, -0.2159],
        [-0.2973,  0.3088,  0.9035]], device='cuda:0')
ori it is all ok you are the bext"
tensor([[ 0.8987, -0.2157,  0.3819],
        [ 0.3147,  0.9236, -0.2189],
        [-0.3055,  0.3169,  0.8979]], device='cuda:0')
tensor([[ 0.9751, -0.1371,  0.1742],
        [ 0.1619,  0.9772, -0.1374],
        [-0.1514,  0.1621,  0.9751]], device='cuda:0')
tensor([[ 0.8968, -0.2322,  0.3765],
        [ 0.3339,  0.9136, -0.2319],
        [-0.2901,  0.3337,  0.8969]], device='cuda:0')
tensor([[ 0.7500, -0.2734,  0.6023],
        [ 0.5122,  0.8163, -0.2672],
        [-0.4186,  0.5089,  0.7522]], device='cuda:0')
tensor([[ 0.9510, -0.1770,  0.2535],
        [ 0.2258,  0.9578, -0.1782],
        [-0.2113,  0.2267,  0.9508]], device='cuda:0')
tensor([[ 0.9092, -0.2189,  0.3542],
        [ 0.3072,  0.9268, -0.2159],
        [-0.2810,  0.3051,  0.9099]], device='cuda:0')
tensor([[ 0.9107, -0.2141,  0.3532],
        [ 0.3024,  0.9281, -0.2171],
        [-0.2813,  0.3045,  0.9100]], device='cuda:0')
tensor([[ 0.9383, -0.1828,  0.2937],
        [ 0.2430,  0.9525, -0.1834],
        [-0.2462,  0.2434,  0.9382]], device='cuda:0')
tensor([[ 0.9339, -0.2010,  0.2956],
        [ 0.2666,  0.9425, -0.2015],
        [-0.2381,  0.2670,  0.9338]], device='cuda:0')
tensor([[ 0.8689, -0.2463,  0.4293],
        [ 0.3737,  0.8953, -0.2426],
        [-0.3246,  0.3712,  0.8700]], device='cuda:0')
tensor([[ 0.6953, -0.2701,  0.6660],
        [ 0.5621,  0.7819, -0.2698],
        [-0.4479,  0.5619,  0.6954]], device='cuda:0')
tensor([[ 0.8902, -0.2225,  0.3975],
        [ 0.3302,  0.9163, -0.2265],
        [-0.3139,  0.3329,  0.8892]], device='cuda:0')
ori it is all ok you are the bext"
Dataset 1: train torch.Size([1000, 3, 30]), cv torch.Size([150, 3, 30]), test torch.Size([100, 3, 30])

================================================================================
Generating Dataset 2
================================================================================
[noise model] meas='gaussian' {} | proc='gaussian' {}
[H gen] theta=0.3 same_angle=True

Generating data for dataset 2...
tensor([[ 0.7860, -0.2822,  0.5501],
        [ 0.4900,  0.8270, -0.2758],
        [-0.3771,  0.4862,  0.7883]], device='cuda:0')
tensor([[ 0.6120, -0.2648,  0.7452],
        [ 0.6459,  0.7111, -0.2778],
        [-0.4563,  0.6514,  0.6062]], device='cuda:0')
tensor([[ 0.7129, -0.2863,  0.6401],
        [ 0.5687,  0.7700, -0.2891],
        [-0.4102,  0.5702,  0.7118]], device='cuda:0')
tensor([[ 0.7520, -0.2821,  0.5957],
        [ 0.5229,  0.8056, -0.2786],
        [-0.4013,  0.5210,  0.7533]], device='cuda:0')
tensor([[ 0.7676, -0.2728,  0.5800],
        [ 0.4983,  0.8231, -0.2723],
        [-0.4031,  0.4980,  0.7678]], device='cuda:0')
tensor([[ 0.7442, -0.2808,  0.6061],
        [ 0.5283,  0.8027, -0.2768],
        [-0.4087,  0.5262,  0.7457]], device='cuda:0')
tensor([[ 0.6778, -0.2766,  0.6813],
        [ 0.5978,  0.7467, -0.2915],
        [-0.4280,  0.6049,  0.6715]], device='cuda:0')
tensor([[ 0.8955, -0.2335,  0.3789],
        [ 0.3352,  0.9139, -0.2290],
        [-0.2928,  0.3321,  0.8967]], device='cuda:0')
tensor([[ 0.8559, -0.2561,  0.4494],
        [ 0.3984,  0.8805, -0.2571],
        [-0.3298,  0.3990,  0.8556]], device='cuda:0')
tensor([[ 0.8406, -0.2661,  0.4718],
        [ 0.4248,  0.8643, -0.2694],
        [-0.3361,  0.4269,  0.8395]], device='cuda:0')
tensor([[ 0.7563, -0.2887,  0.5871],
        [ 0.5285,  0.7985, -0.2882],
        [-0.3856,  0.5283,  0.7565]], device='cuda:0')
tensor([[ 0.7762, -0.2729,  0.5684],
        [ 0.4953,  0.8218, -0.2817],
        [-0.3902,  0.5002,  0.7730]], device='cuda:0')
tensor([[ 0.7666, -0.2865,  0.5746],
        [ 0.5140,  0.8102, -0.2817],
        [-0.3849,  0.5113,  0.7684]], device='cuda:0')
tensor([[ 0.8646, -0.2563,  0.4321],
        [ 0.3902,  0.8843, -0.2563],
        [-0.3164,  0.3902,  0.8646]], device='cuda:0')
tensor([[ 0.9257, -0.2122,  0.3132],
        [ 0.2858,  0.9347, -0.2112],
        [-0.2479,  0.2850,  0.9259]], device='cuda:0')
tensor([[ 0.7756, -0.2854,  0.5630],
        [ 0.5066,  0.8135, -0.2857],
        [-0.3764,  0.5068,  0.7755]], device='cuda:0')
tensor([[ 0.8078, -0.2783,  0.5196],
        [ 0.4668,  0.8403, -0.2757],
        [-0.3599,  0.4653,  0.8087]], device='cuda:0')
tensor([[ 0.7223, -0.2886,  0.6285],
        [ 0.5613,  0.7755, -0.2889],
        [-0.4040,  0.5615,  0.7222]], device='cuda:0')
tensor([[ 0.6150, -0.2839,  0.7357],
        [ 0.6511,  0.7091, -0.2706],
        [-0.4448,  0.6454,  0.6209]], device='cuda:0')
tensor([[ 0.7691, -0.2851,  0.5720],
        [ 0.5125,  0.8099, -0.2854],
        [-0.3819,  0.5126,  0.7690]], device='cuda:0')
tensor([[ 0.6002, -0.2649,  0.7547],
        [ 0.6564,  0.7024, -0.2755],
        [-0.4571,  0.6607,  0.5955]], device='cuda:0')
tensor([[ 0.8570, -0.2576,  0.4463],
        [ 0.4003,  0.8782, -0.2618],
        [-0.3245,  0.4030,  0.8557]], device='cuda:0')
tensor([[ 0.8667, -0.2587,  0.4266],
        [ 0.3908,  0.8836, -0.2581],
        [-0.3101,  0.3903,  0.8669]], device='cuda:0')
tensor([[ 0.9713, -0.1468,  0.1873],
        [ 0.1754,  0.9735, -0.1467],
        [-0.1608,  0.1753,  0.9713]], device='cuda:0')
tensor([[ 0.9697, -0.1503,  0.1924],
        [ 0.1804,  0.9721, -0.1498],
        [-0.1646,  0.1799,  0.9698]], device='cuda:0')
tensor([[ 0.7711, -0.2737,  0.5748],
        [ 0.5012,  0.8178, -0.2829],
        [-0.3927,  0.5062,  0.7678]], device='cuda:0')
tensor([[ 0.8092, -0.2779,  0.5176],
        [ 0.4631,  0.8439, -0.2708],
        [-0.3616,  0.4588,  0.8116]], device='cuda:0')
tensor([[ 0.5983, -0.2804,  0.7506],
        [ 0.6692,  0.6900, -0.2756],
        [-0.4407,  0.6672,  0.6005]], device='cuda:0')
tensor([[ 0.9338, -0.2008,  0.2962],
        [ 0.2666,  0.9424, -0.2018],
        [-0.2386,  0.2675,  0.9335]], device='cuda:0')
tensor([[ 0.8905, -0.2346,  0.3898],
        [ 0.3407,  0.9117, -0.2297],
        [-0.3014,  0.3374,  0.8918]], device='cuda:0')
tensor([[ 0.6367, -0.2827,  0.7174],
        [ 0.6401,  0.7126, -0.2872],
        [-0.4300,  0.6420,  0.6347]], device='cuda:0')
tensor([[ 0.5364, -0.2685,  0.8001],
        [ 0.7131,  0.6513, -0.2595],
        [-0.4514,  0.7098,  0.5408]], device='cuda:0')
tensor([[ 0.6133, -0.2842,  0.7369],
        [ 0.6568,  0.7018, -0.2759],
        [-0.4388,  0.6532,  0.6171]], device='cuda:0')
tensor([[ 0.9775, -0.1327,  0.1640],
        [ 0.1551,  0.9789, -0.1327],
        [-0.1429,  0.1552,  0.9775]], device='cuda:0')
tensor([[ 0.9252, -0.2093,  0.3167],
        [ 0.2829,  0.9363, -0.2079],
        [-0.2530,  0.2819,  0.9255]], device='cuda:0')
tensor([[ 0.8974, -0.2378,  0.3716],
        [ 0.3403,  0.9092, -0.2399],
        [-0.2808,  0.3417,  0.8969]], device='cuda:0')
tensor([[ 0.7962, -0.2773,  0.5377],
        [ 0.4724,  0.8403, -0.2661],
        [-0.3780,  0.4659,  0.8000]], device='cuda:0')
tensor([[ 0.9514, -0.1822,  0.2484],
        [ 0.2304,  0.9560, -0.1814],
        [-0.2044,  0.2298,  0.9515]], device='cuda:0')
tensor([[ 0.8280, -0.2730,  0.4898],
        [ 0.4411,  0.8565, -0.2682],
        [-0.3462,  0.4381,  0.8296]], device='cuda:0')
tensor([[ 0.9171, -0.2236,  0.3301],
        [ 0.3063,  0.9252, -0.2241],
        [-0.2553,  0.3066,  0.9170]], device='cuda:0')
tensor([[ 0.5641, -0.2776,  0.7776],
        [ 0.6930,  0.6712, -0.2631],
        [-0.4489,  0.6873,  0.5711]], device='cuda:0')
tensor([[ 0.8647, -0.2576,  0.4312],
        [ 0.3918,  0.8832, -0.2580],
        [-0.3143,  0.3920,  0.8646]], device='cuda:0')
tensor([[ 0.6887, -0.2928,  0.6633],
        [ 0.5922,  0.7550, -0.2816],
        [-0.4184,  0.5867,  0.6933]], device='cuda:0')
tensor([[ 0.7255, -0.2815,  0.6280],
        [ 0.5492,  0.7868, -0.2817],
        [-0.4148,  0.5493,  0.7254]], device='cuda:0')
tensor([[ 0.8621, -0.2387,  0.4469],
        [ 0.3737,  0.8952, -0.2428],
        [-0.3421,  0.3764,  0.8610]], device='cuda:0')
tensor([[ 0.4997, -0.2489,  0.8297],
        [ 0.7375,  0.6246, -0.2569],
        [-0.4542,  0.7403,  0.4957]], device='cuda:0')
tensor([[ 0.8441, -0.2647,  0.4663],
        [ 0.4199,  0.8671, -0.2680],
        [-0.3334,  0.4220,  0.8431]], device='cuda:0')
tensor([[ 0.7453, -0.2748,  0.6075],
        [ 0.5261,  0.8021, -0.2826],
        [-0.4096,  0.5303,  0.7423]], device='cuda:0')
tensor([[ 0.7657, -0.2815,  0.5783],
        [ 0.5112,  0.8120, -0.2816],
        [-0.3903,  0.5113,  0.7657]], device='cuda:0')
tensor([[ 0.8756, -0.2543,  0.4108],
        [ 0.3776,  0.8906, -0.2536],
        [-0.3014,  0.3771,  0.8758]], device='cuda:0')
tensor([[ 0.9769, -0.1296,  0.1701],
        [ 0.1526,  0.9798, -0.1296],
        [-0.1498,  0.1525,  0.9769]], device='cuda:0')
tensor([[ 0.9634, -0.1628,  0.2130],
        [ 0.1994,  0.9663, -0.1630],
        [-0.1793,  0.1995,  0.9634]], device='cuda:0')
tensor([[ 0.6712, -0.2849,  0.6843],
        [ 0.6070,  0.7411, -0.2869],
        [-0.4254,  0.6080,  0.6704]], device='cuda:0')
tensor([[ 0.9713, -0.1455,  0.1880],
        [ 0.1739,  0.9740, -0.1450],
        [-0.1620,  0.1736,  0.9714]], device='cuda:0')
tensor([[ 0.5792, -0.2742,  0.7677],
        [ 0.6726,  0.6928, -0.2601],
        [-0.4605,  0.6670,  0.5857]], device='cuda:0')
tensor([[ 0.7363, -0.2771,  0.6173],
        [ 0.5317,  0.8012, -0.2745],
        [-0.4185,  0.5304,  0.7373]], device='cuda:0')
tensor([[ 0.8381, -0.2600,  0.4796],
        [ 0.4207,  0.8677, -0.2648],
        [-0.3473,  0.4238,  0.8366]], device='cuda:0')
tensor([[ 0.8471, -0.2603,  0.4634],
        [ 0.4127,  0.8715, -0.2649],
        [-0.3349,  0.4156,  0.8456]], device='cuda:0')
tensor([[ 0.8223, -0.2728,  0.4993],
        [ 0.4452,  0.8550, -0.2660],
        [-0.3544,  0.4410,  0.8246]], device='cuda:0')
tensor([[ 0.7290, -0.2916,  0.6192],
        [ 0.5564,  0.7794, -0.2880],
        [-0.3987,  0.5545,  0.7305]], device='cuda:0')
tensor([[ 0.9302, -0.2094,  0.3014],
        [ 0.2791,  0.9369, -0.2104],
        [-0.2383,  0.2799,  0.9300]], device='cuda:0')
tensor([[ 0.8292, -0.2703,  0.4893],
        [ 0.4356,  0.8610, -0.2625],
        [-0.3504,  0.4308,  0.8316]], device='cuda:0')
tensor([[ 0.6577, -0.2886,  0.6958],
        [ 0.6218,  0.7293, -0.2853],
        [-0.4251,  0.6203,  0.6591]], device='cuda:0')
tensor([[ 0.6267, -0.2836,  0.7259],
        [ 0.6393,  0.7197, -0.2708],
        [-0.4456,  0.6338,  0.6323]], device='cuda:0')
tensor([[ 0.9692, -0.1528,  0.1931],
        [ 0.1835,  0.9711, -0.1528],
        [-0.1641,  0.1835,  0.9692]], device='cuda:0')
tensor([[ 0.7388, -0.2871,  0.6097],
        [ 0.5450,  0.7867, -0.2900],
        [-0.3964,  0.5466,  0.7377]], device='cuda:0')
tensor([[ 0.8200, -0.2675,  0.5060],
        [ 0.4445,  0.8546, -0.2685],
        [-0.3606,  0.4451,  0.8197]], device='cuda:0')
tensor([[ 0.6841, -0.2840,  0.6718],
        [ 0.5913,  0.7552, -0.2829],
        [-0.4270,  0.5908,  0.6846]], device='cuda:0')
tensor([[ 0.9083, -0.2190,  0.3564],
        [ 0.3103,  0.9242, -0.2229],
        [-0.2806,  0.3130,  0.9074]], device='cuda:0')
tensor([[ 0.8196, -0.2687,  0.5060],
        [ 0.4475,  0.8517, -0.2726],
        [-0.3577,  0.4499,  0.8183]], device='cuda:0')
tensor([[ 0.7224, -0.2765,  0.6338],
        [ 0.5480,  0.7879, -0.2809],
        [-0.4217,  0.5503,  0.7207]], device='cuda:0')
tensor([[ 0.8161, -0.2650,  0.5136],
        [ 0.4455,  0.8545, -0.2671],
        [-0.3681,  0.4468,  0.8154]], device='cuda:0')
tensor([[ 0.7933, -0.2825,  0.5393],
        [ 0.4842,  0.8298, -0.2776],
        [-0.3690,  0.4813,  0.7951]], device='cuda:0')
tensor([[ 0.7609, -0.2854,  0.5827],
        [ 0.5198,  0.8057, -0.2841],
        [-0.3884,  0.5190,  0.7614]], device='cuda:0')
tensor([[ 0.8308, -0.2719,  0.4857],
        [ 0.4373,  0.8587, -0.2673],
        [-0.3444,  0.4344,  0.8322]], device='cuda:0')
tensor([[ 0.8554, -0.2627,  0.4465],
        [ 0.4045,  0.8771, -0.2590],
        [-0.3236,  0.4022,  0.8565]], device='cuda:0')
tensor([[ 0.7308, -0.2909,  0.6175],
        [ 0.5551,  0.7798, -0.2895],
        [-0.3973,  0.5543,  0.7313]], device='cuda:0')
tensor([[ 0.7034, -0.2928,  0.6476],
        [ 0.5816,  0.7608, -0.2878],
        [-0.4085,  0.5791,  0.7055]], device='cuda:0')
tensor([[ 0.9090, -0.2207,  0.3535],
        [ 0.3097,  0.9254, -0.2187],
        [-0.2788,  0.3082,  0.9095]], device='cuda:0')
tensor([[ 0.8118, -0.2745,  0.5154],
        [ 0.4573,  0.8477, -0.2689],
        [-0.3631,  0.4540,  0.8137]], device='cuda:0')
tensor([[ 0.9307, -0.2016,  0.3051],
        [ 0.2702,  0.9413, -0.2021],
        [-0.2464,  0.2706,  0.9306]], device='cuda:0')
tensor([[ 0.8834, -0.2244,  0.4114],
        [ 0.3385,  0.9127, -0.2290],
        [-0.3241,  0.3415,  0.8822]], device='cuda:0')
tensor([[ 0.7261, -0.2874,  0.6247],
        [ 0.5553,  0.7808, -0.2863],
        [-0.4055,  0.5548,  0.7265]], device='cuda:0')
tensor([[ 0.7472, -0.2826,  0.6015],
        [ 0.5300,  0.7995, -0.2826],
        [-0.4011,  0.5300,  0.7472]], device='cuda:0')
tensor([[ 0.6626, -0.2850,  0.6927],
        [ 0.6102,  0.7416, -0.2786],
        [-0.4343,  0.6073,  0.6653]], device='cuda:0')
tensor([[ 0.8476, -0.2565,  0.4646],
        [ 0.4059,  0.8773, -0.2562],
        [-0.3419,  0.4057,  0.8477]], device='cuda:0')
tensor([[ 0.9949, -0.0674,  0.0746],
        [ 0.0725,  0.9951, -0.0674],
        [-0.0697,  0.0725,  0.9949]], device='cuda:0')
tensor([[ 0.8339, -0.2666,  0.4832],
        [ 0.4267,  0.8668, -0.2581],
        [-0.3500,  0.4214,  0.8366]], device='cuda:0')
tensor([[ 0.6191, -0.2741,  0.7359],
        [ 0.6479,  0.7079, -0.2814],
        [-0.4438,  0.6510,  0.6159]], device='cuda:0')
tensor([[ 0.8048, -0.2738,  0.5266],
        [ 0.4639,  0.8436, -0.2704],
        [-0.3702,  0.4619,  0.8060]], device='cuda:0')
tensor([[ 0.6889, -0.2846,  0.6666],
        [ 0.5866,  0.7591, -0.2821],
        [-0.4257,  0.5854,  0.6900]], device='cuda:0')
tensor([[ 0.9737, -0.1418,  0.1784],
        [ 0.1681,  0.9755, -0.1422],
        [-0.1538,  0.1684,  0.9736]], device='cuda:0')
tensor([[ 0.7919, -0.2731,  0.5462],
        [ 0.4787,  0.8329, -0.2777],
        [-0.3791,  0.4814,  0.7903]], device='cuda:0')
tensor([[ 0.6024, -0.2745,  0.7495],
        [ 0.6661,  0.6902, -0.2826],
        [-0.4398,  0.6695,  0.5986]], device='cuda:0')
tensor([[ 0.8583, -0.2408,  0.4532],
        [ 0.3810,  0.8906, -0.2484],
        [-0.3438,  0.3858,  0.8561]], device='cuda:0')
tensor([[ 0.8557, -0.2592,  0.4479],
        [ 0.4033,  0.8763, -0.2635],
        [-0.3242,  0.4062,  0.8544]], device='cuda:0')
tensor([[ 0.5845, -0.2743,  0.7637],
        [ 0.6799,  0.6792, -0.2764],
        [-0.4428,  0.6808,  0.5834]], device='cuda:0')
tensor([[ 0.6867, -0.2875,  0.6677],
        [ 0.5930,  0.7527, -0.2858],
        [-0.4205,  0.5923,  0.6874]], device='cuda:0')
tensor([[ 0.8163, -0.2637,  0.5139],
        [ 0.4433,  0.8564, -0.2647],
        [-0.3703,  0.4439,  0.8160]], device='cuda:0')
tensor([[ 0.9491, -0.1835,  0.2561],
        [ 0.2341,  0.9547, -0.1836],
        [-0.2108,  0.2342,  0.9491]], device='cuda:0')
tensor([[ 0.7076, -0.2794,  0.6491],
        [ 0.5606,  0.7812, -0.2748],
        [-0.4302,  0.5583,  0.7094]], device='cuda:0')
tensor([[ 0.7217, -0.2828,  0.6318],
        [ 0.5544,  0.7827, -0.2829],
        [-0.4145,  0.5544,  0.7217]], device='cuda:0')
ori it is all ok you are the bext"
tensor([[ 0.7055, -0.2895,  0.6469],
        [ 0.5770,  0.7646, -0.2871],
        [-0.4115,  0.5758,  0.7065]], device='cuda:0')
tensor([[ 0.7983, -0.2813,  0.5326],
        [ 0.4785,  0.8331, -0.2774],
        [-0.3657,  0.4763,  0.7997]], device='cuda:0')
tensor([[ 0.9389, -0.1921,  0.2855],
        [ 0.2527,  0.9480, -0.1932],
        [-0.2335,  0.2536,  0.9387]], device='cuda:0')
tensor([[ 0.9794, -0.1278,  0.1562],
        [ 0.1484,  0.9806, -0.1281],
        [-0.1368,  0.1486,  0.9794]], device='cuda:0')
tensor([[ 0.5234, -0.2671,  0.8092],
        [ 0.7210,  0.6449, -0.2535],
        [-0.4541,  0.7161,  0.5301]], device='cuda:0')
tensor([[ 0.7457, -0.2872,  0.6012],
        [ 0.5363,  0.7941, -0.2860],
        [-0.3953,  0.5357,  0.7462]], device='cuda:0')
tensor([[ 0.9184, -0.2057,  0.3379],
        [ 0.2846,  0.9368, -0.2034],
        [-0.2747,  0.2830,  0.9189]], device='cuda:0')
tensor([[ 0.8389, -0.2624,  0.4769],
        [ 0.4213,  0.8678, -0.2635],
        [-0.3447,  0.4220,  0.8385]], device='cuda:0')
tensor([[ 0.7726, -0.2880,  0.5659],
        [ 0.5110,  0.8109, -0.2850],
        [-0.3768,  0.5094,  0.7737]], device='cuda:0')
tensor([[ 0.6916, -0.2909,  0.6611],
        [ 0.5871,  0.7595, -0.2800],
        [-0.4207,  0.5818,  0.6961]], device='cuda:0')
tensor([[ 0.6188, -0.2850,  0.7320],
        [ 0.6505,  0.7083, -0.2742],
        [-0.4403,  0.6459,  0.6237]], device='cuda:0')
tensor([[ 0.9090, -0.2251,  0.3507],
        [ 0.3161,  0.9209, -0.2282],
        [-0.2715,  0.3183,  0.9083]], device='cuda:0')
tensor([[ 0.8332, -0.2729,  0.4809],
        [ 0.4370,  0.8579, -0.2702],
        [-0.3388,  0.4353,  0.8341]], device='cuda:0')
tensor([[ 0.7149, -0.2720,  0.6441],
        [ 0.5477,  0.7905, -0.2741],
        [-0.4346,  0.5487,  0.7141]], device='cuda:0')
tensor([[ 0.7399, -0.2814,  0.6110],
        [ 0.5336,  0.7986, -0.2784],
        [-0.4097,  0.5320,  0.7410]], device='cuda:0')
tensor([[ 0.7970, -0.2774,  0.5365],
        [ 0.4746,  0.8370, -0.2723],
        [-0.3735,  0.4717,  0.7988]], device='cuda:0')
tensor([[ 0.8188, -0.2663,  0.5085],
        [ 0.4426,  0.8570, -0.2640],
        [-0.3655,  0.4412,  0.8196]], device='cuda:0')
ori it is all ok you are the bext"
tensor([[ 0.8840, -0.2288,  0.4077],
        [ 0.3420,  0.9111, -0.2301],
        [-0.3187,  0.3429,  0.8837]], device='cuda:0')
tensor([[ 0.8301, -0.2594,  0.4936],
        [ 0.4291,  0.8624, -0.2684],
        [-0.3561,  0.4347,  0.8272]], device='cuda:0')
tensor([[ 0.8176, -0.2783,  0.5040],
        [ 0.4577,  0.8452, -0.2758],
        [-0.3493,  0.4562,  0.8185]], device='cuda:0')
tensor([[ 0.6988, -0.2853,  0.6559],
        [ 0.5715,  0.7741, -0.2723],
        [-0.4301,  0.5652,  0.7040]], device='cuda:0')
tensor([[ 0.7932, -0.2723,  0.5447],
        [ 0.4782,  0.8324, -0.2802],
        [-0.3771,  0.4827,  0.7904]], device='cuda:0')
tensor([[ 0.7578, -0.2847,  0.5871],
        [ 0.5213,  0.8053, -0.2824],
        [-0.3924,  0.5201,  0.7586]], device='cuda:0')
tensor([[ 0.7740, -0.2796,  0.5682],
        [ 0.5022,  0.8175, -0.2818],
        [-0.3857,  0.5035,  0.7731]], device='cuda:0')
tensor([[ 0.8666, -0.2477,  0.4331],
        [ 0.3775,  0.8932, -0.2444],
        [-0.3263,  0.3753,  0.8676]], device='cuda:0')
tensor([[ 0.8727, -0.2555,  0.4160],
        [ 0.3817,  0.8884, -0.2551],
        [-0.3044,  0.3814,  0.8728]], device='cuda:0')
tensor([[ 0.7246, -0.2917,  0.6244],
        [ 0.5597,  0.7777, -0.2862],
        [-0.4021,  0.5568,  0.7268]], device='cuda:0')
tensor([[ 0.4016, -0.2212,  0.8887],
        [ 0.7936,  0.5684, -0.2171],
        [-0.4571,  0.7924,  0.4038]], device='cuda:0')
tensor([[ 0.7571, -0.2789,  0.5907],
        [ 0.5157,  0.8104, -0.2782],
        [-0.4011,  0.5153,  0.7574]], device='cuda:0')
ori it is all ok you are the bext"
Dataset 2: train torch.Size([1000, 3, 30]), cv torch.Size([150, 3, 30]), test torch.Size([100, 3, 30])

================================================================================
Generating Dataset 3
================================================================================
[noise model] meas='gaussian' {} | proc='gaussian' {}
[H gen] theta=0.3 same_angle=True

Generating data for dataset 3...
tensor([[ 0.7136, -0.2993,  0.6334],
        [ 0.5764,  0.7647, -0.2880],
        [-0.3982,  0.5706,  0.7182]], device='cuda:0')
tensor([[ 0.2683, -0.1512,  0.9514],
        [ 0.8693,  0.4636, -0.1714],
        [-0.4152,  0.8730,  0.2559]], device='cuda:0')
tensor([[ 0.5530, -0.2797,  0.7848],
        [ 0.7175,  0.6388, -0.2778],
        [-0.4236,  0.7167,  0.5539]], device='cuda:0')
tensor([[ 0.4736, -0.2484,  0.8450],
        [ 0.7637,  0.5938, -0.2534],
        [-0.4388,  0.7653,  0.4709]], device='cuda:0')
tensor([[ 0.5812, -0.2793,  0.7644],
        [ 0.6841,  0.6764, -0.2729],
        [-0.4408,  0.6815,  0.5842]], device='cuda:0')
tensor([[ 0.4454, -0.2367,  0.8635],
        [ 0.7780,  0.5796, -0.2424],
        [-0.4431,  0.7797,  0.4423]], device='cuda:0')
tensor([[ 0.4179, -0.2245,  0.8803],
        [ 0.8018,  0.5468, -0.2412],
        [-0.4272,  0.8066,  0.4085]], device='cuda:0')
tensor([[ 0.8449, -0.2682,  0.4627],
        [ 0.4190,  0.8697, -0.2610],
        [-0.3325,  0.4144,  0.8472]], device='cuda:0')
tensor([[ 0.6294, -0.2807,  0.7246],
        [ 0.6488,  0.7030, -0.2913],
        [-0.4276,  0.6535,  0.6246]], device='cuda:0')
tensor([[ 0.7109, -0.2968,  0.6376],
        [ 0.5841,  0.7542, -0.3001],
        [-0.3918,  0.5858,  0.7095]], device='cuda:0')
tensor([[ 0.7287, -0.2953,  0.6179],
        [ 0.5615,  0.7741, -0.2923],
        [-0.3920,  0.5600,  0.7299]], device='cuda:0')
tensor([[ 0.6630, -0.2889,  0.6906],
        [ 0.6207,  0.7278, -0.2915],
        [-0.4184,  0.6220,  0.6619]], device='cuda:0')
tensor([[ 0.7534, -0.2906,  0.5899],
        [ 0.5306,  0.7985, -0.2843],
        [-0.3885,  0.5272,  0.7557]], device='cuda:0')
tensor([[ 0.8097, -0.2840,  0.5136],
        [ 0.4718,  0.8355, -0.2817],
        [-0.3491,  0.4704,  0.8105]], device='cuda:0')
tensor([[ 0.9007, -0.2379,  0.3636],
        [ 0.3360,  0.9119, -0.2358],
        [-0.2754,  0.3346,  0.9012]], device='cuda:0')
tensor([[ 0.5235, -0.2648,  0.8098],
        [ 0.7389,  0.6143, -0.2768],
        [-0.4242,  0.7433,  0.5173]], device='cuda:0')
tensor([[ 0.7013, -0.3006,  0.6464],
        [ 0.5931,  0.7491, -0.2950],
        [-0.3956,  0.5903,  0.7036]], device='cuda:0')
tensor([[ 0.5954, -0.2906,  0.7490],
        [ 0.6860,  0.6692, -0.2856],
        [-0.4183,  0.6838,  0.5978]], device='cuda:0')
tensor([[ 0.3615, -0.2225,  0.9054],
        [ 0.8330,  0.5133, -0.2064],
        [-0.4188,  0.8289,  0.3709]], device='cuda:0')
tensor([[ 0.5591, -0.2786,  0.7809],
        [ 0.7141,  0.6404, -0.2828],
        [-0.4213,  0.7157,  0.5570]], device='cuda:0')
tensor([[ 0.5425, -0.2629,  0.7979],
        [ 0.7074,  0.6552, -0.2651],
        [-0.4531,  0.7082,  0.5414]], device='cuda:0')
tensor([[ 0.6809, -0.2909,  0.6721],
        [ 0.6096,  0.7337, -0.3000],
        [-0.4058,  0.6140,  0.6770]], device='cuda:0')
tensor([[ 0.6871, -0.2947,  0.6641],
        [ 0.6072,  0.7349, -0.3021],
        [-0.3990,  0.6108,  0.6839]], device='cuda:0')
tensor([[ 0.9601, -0.1701,  0.2222],
        [ 0.2099,  0.9629, -0.1697],
        [-0.1851,  0.2096,  0.9601]], device='cuda:0')
tensor([[ 0.8061, -0.2660,  0.5286],
        [ 0.4599,  0.8437, -0.2768],
        [-0.3724,  0.4663,  0.8024]], device='cuda:0')
tensor([[ 0.7165, -0.2865,  0.6360],
        [ 0.5664,  0.7712, -0.2906],
        [-0.4072,  0.5685,  0.7149]], device='cuda:0')
tensor([[ 0.7285, -0.3000,  0.6158],
        [ 0.5629,  0.7744, -0.2887],
        [-0.3903,  0.5570,  0.7331]], device='cuda:0')
tensor([[ 0.5687, -0.2799,  0.7735],
        [ 0.6959,  0.6650, -0.2710],
        [-0.4385,  0.6924,  0.5730]], device='cuda:0')
tensor([[ 0.7257, -0.2770,  0.6298],
        [ 0.5514,  0.7817, -0.2915],
        [-0.4115,  0.5588,  0.7200]], device='cuda:0')
tensor([[ 0.7521, -0.2896,  0.5920],
        [ 0.5309,  0.7985, -0.2838],
        [-0.3905,  0.5277,  0.7543]], device='cuda:0')
tensor([[ 0.3266, -0.1878,  0.9263],
        [ 0.8546,  0.4773, -0.2045],
        [-0.4037,  0.8584,  0.3164]], device='cuda:0')
tensor([[ 0.3471, -0.2197,  0.9117],
        [ 0.8418,  0.5015, -0.1997],
        [-0.4133,  0.8368,  0.3590]], device='cuda:0')
tensor([[ 0.3495, -0.2136,  0.9123],
        [ 0.8426,  0.4975, -0.2063],
        [-0.4097,  0.8408,  0.3539]], device='cuda:0')
tensor([[ 0.9373, -0.2032,  0.2831],
        [ 0.2658,  0.9422, -0.2039],
        [-0.2253,  0.2664,  0.9372]], device='cuda:0')
tensor([[ 0.9081, -0.2278,  0.3514],
        [ 0.3182,  0.9209, -0.2253],
        [-0.2722,  0.3164,  0.9087]], device='cuda:0')
tensor([[ 0.7669, -0.2913,  0.5719],
        [ 0.5245,  0.7979, -0.2970],
        [-0.3698,  0.5278,  0.7647]], device='cuda:0')
tensor([[ 0.6689, -0.2992,  0.6805],
        [ 0.6163,  0.7351, -0.2825],
        [-0.4157,  0.6084,  0.6761]], device='cuda:0')
tensor([[ 0.8769, -0.2547,  0.4076],
        [ 0.3772,  0.8903, -0.2552],
        [-0.2979,  0.3775,  0.8768]], device='cuda:0')
tensor([[ 0.7639, -0.2958,  0.5735],
        [ 0.5260,  0.8003, -0.2878],
        [-0.3738,  0.5215,  0.7670]], device='cuda:0')
tensor([[ 0.8127, -0.2838,  0.5089],
        [ 0.4711,  0.8341, -0.2871],
        [-0.3430,  0.4731,  0.8115]], device='cuda:0')
tensor([[ 0.3384, -0.2172,  0.9156],
        [ 0.8469,  0.4944, -0.1958],
        [-0.4101,  0.8417,  0.3513]], device='cuda:0')
tensor([[ 0.6932, -0.2945,  0.6579],
        [ 0.6003,  0.7411, -0.3008],
        [-0.3989,  0.6034,  0.6905]], device='cuda:0')
tensor([[ 0.6588, -0.2963,  0.6915],
        [ 0.6236,  0.7293, -0.2817],
        [-0.4208,  0.6168,  0.6652]], device='cuda:0')
tensor([[ 0.4908, -0.2577,  0.8323],
        [ 0.7541,  0.6042, -0.2576],
        [-0.4365,  0.7540,  0.4909]], device='cuda:0')
tensor([[ 0.7240, -0.2832,  0.6290],
        [ 0.5517,  0.7851, -0.2815],
        [-0.4141,  0.5509,  0.7246]], device='cuda:0')
tensor([[ 0.1989, -0.1263,  0.9718],
        [ 0.9067,  0.4001, -0.1335],
        [-0.3720,  0.9077,  0.1941]], device='cuda:0')
tensor([[ 0.6128, -0.2792,  0.7393],
        [ 0.6676,  0.6835, -0.2952],
        [-0.4229,  0.6744,  0.6053]], device='cuda:0')
tensor([[ 0.7148, -0.2818,  0.6400],
        [ 0.5620,  0.7762, -0.2859],
        [-0.4162,  0.5640,  0.7132]], device='cuda:0')
tensor([[ 0.4643, -0.2392,  0.8528],
        [ 0.7700,  0.5848, -0.2552],
        [-0.4376,  0.7751,  0.4557]], device='cuda:0')
tensor([[ 0.8739, -0.2555,  0.4136],
        [ 0.3805,  0.8890, -0.2547],
        [-0.3026,  0.3799,  0.8741]], device='cuda:0')
tensor([[ 0.8554, -0.2512,  0.4529],
        [ 0.3945,  0.8826, -0.2557],
        [-0.3355,  0.3974,  0.8541]], device='cuda:0')
tensor([[ 0.8798, -0.2506,  0.4039],
        [ 0.3709,  0.8934, -0.2536],
        [-0.2972,  0.3729,  0.8790]], device='cuda:0')
tensor([[ 0.4284, -0.2389,  0.8714],
        [ 0.7988,  0.5508, -0.2417],
        [-0.4223,  0.7997,  0.4268]], device='cuda:0')
tensor([[ 0.9438, -0.1943,  0.2675],
        [ 0.2502,  0.9486, -0.1936],
        [-0.2162,  0.2496,  0.9439]], device='cuda:0')
tensor([[ 0.2986, -0.1932,  0.9346],
        [ 0.8585,  0.4821, -0.1746],
        [-0.4168,  0.8545,  0.3098]], device='cuda:0')
tensor([[ 0.6611, -0.2884,  0.6927],
        [ 0.6136,  0.7391, -0.2779],
        [-0.4317,  0.6088,  0.6656]], device='cuda:0')
tensor([[ 0.8245, -0.2673,  0.4988],
        [ 0.4412,  0.8556, -0.2707],
        [-0.3545,  0.4433,  0.8233]], device='cuda:0')
tensor([[ 0.6719, -0.2902,  0.6814],
        [ 0.6170,  0.7282, -0.2982],
        [-0.4097,  0.6209,  0.6684]], device='cuda:0')
tensor([[ 0.6061, -0.2863,  0.7420],
        [ 0.6722,  0.6831, -0.2855],
        [-0.4251,  0.6719,  0.6065]], device='cuda:0')
tensor([[ 0.4138, -0.2240,  0.8824],
        [ 0.8065,  0.5397, -0.2412],
        [-0.4222,  0.8115,  0.4040]], device='cuda:0')
tensor([[ 0.8458, -0.2715,  0.4592],
        [ 0.4256,  0.8624, -0.2741],
        [-0.3216,  0.4272,  0.8450]], device='cuda:0')
tensor([[ 0.5510, -0.2665,  0.7908],
        [ 0.7088,  0.6497, -0.2749],
        [-0.4405,  0.7120,  0.5469]], device='cuda:0')
tensor([[ 0.3846, -0.2227,  0.8958],
        [ 0.8255,  0.5173, -0.2258],
        [-0.4132,  0.8263,  0.3828]], device='cuda:0')
tensor([[ 0.5426, -0.2808,  0.7917],
        [ 0.7142,  0.6504, -0.2587],
        [-0.4422,  0.7058,  0.5534]], device='cuda:0')
tensor([[ 0.9562, -0.1782,  0.2322],
        [ 0.2219,  0.9587, -0.1780],
        [-0.1909,  0.2218,  0.9562]], device='cuda:0')
tensor([[ 0.4962, -0.2586,  0.8288],
        [ 0.7579,  0.5946, -0.2683],
        [-0.4234,  0.7613,  0.4911]], device='cuda:0')
tensor([[ 0.7623, -0.2881,  0.5796],
        [ 0.5207,  0.8048, -0.2848],
        [-0.3844,  0.5189,  0.7635]], device='cuda:0')
tensor([[ 0.4454, -0.2459,  0.8609],
        [ 0.7853,  0.5691, -0.2437],
        [-0.4301,  0.7846,  0.4466]], device='cuda:0')
tensor([[ 0.8952, -0.2315,  0.3809],
        [ 0.3356,  0.9124, -0.2342],
        [-0.2933,  0.3375,  0.8945]], device='cuda:0')
tensor([[ 0.5739, -0.2706,  0.7729],
        [ 0.6948,  0.6605, -0.2846],
        [-0.4334,  0.7004,  0.5671]], device='cuda:0')
tensor([[ 0.5168, -0.2636,  0.8145],
        [ 0.7333,  0.6272, -0.2624],
        [-0.4417,  0.7329,  0.5174]], device='cuda:0')
tensor([[ 0.6968, -0.2917,  0.6553],
        [ 0.5877,  0.7559, -0.2884],
        [-0.4112,  0.5861,  0.6981]], device='cuda:0')
tensor([[ 0.5819, -0.2846,  0.7618],
        [ 0.6956,  0.6595, -0.2850],
        [-0.4213,  0.6958,  0.5818]], device='cuda:0')
tensor([[ 0.7206, -0.2948,  0.6276],
        [ 0.5677,  0.7705, -0.2899],
        [-0.3981,  0.5652,  0.7226]], device='cuda:0')
tensor([[ 0.7301, -0.3002,  0.6139],
        [ 0.5638,  0.7722, -0.2930],
        [-0.3861,  0.5600,  0.7330]], device='cuda:0')
tensor([[ 0.7296, -0.2993,  0.6149],
        [ 0.5653,  0.7700, -0.2959],
        [-0.3849,  0.5635,  0.7310]], device='cuda:0')
tensor([[ 0.6684, -0.2987,  0.6812],
        [ 0.6227,  0.7257, -0.2927],
        [-0.4069,  0.6198,  0.6711]], device='cuda:0')
tensor([[ 0.5875, -0.2931,  0.7543],
        [ 0.6933,  0.6630, -0.2823],
        [-0.4174,  0.6888,  0.5927]], device='cuda:0')
tensor([[ 0.8528, -0.2627,  0.4514],
        [ 0.4065,  0.8765, -0.2578],
        [-0.3280,  0.4034,  0.8543]], device='cuda:0')
tensor([[ 0.5278, -0.2602,  0.8085],
        [ 0.7260,  0.6322, -0.2705],
        [-0.4408,  0.7298,  0.5226]], device='cuda:0')
tensor([[ 0.7283, -0.2777,  0.6264],
        [ 0.5478,  0.7852, -0.2888],
        [-0.4117,  0.5535,  0.7240]], device='cuda:0')
tensor([[ 0.6440, -0.2695,  0.7160],
        [ 0.6162,  0.7374, -0.2767],
        [-0.4534,  0.6194,  0.6410]], device='cuda:0')
tensor([[ 0.4376, -0.2357,  0.8677],
        [ 0.7910,  0.5598, -0.2468],
        [-0.4276,  0.7944,  0.4314]], device='cuda:0')
tensor([[ 0.7412, -0.2843,  0.6081],
        [ 0.5372,  0.7944, -0.2835],
        [-0.4024,  0.5368,  0.7415]], device='cuda:0')
tensor([[ 0.4410, -0.2495,  0.8622],
        [ 0.7878,  0.5678, -0.2386],
        [-0.4300,  0.7844,  0.4469]], device='cuda:0')
tensor([[ 0.6668, -0.2891,  0.6868],
        [ 0.6160,  0.7326, -0.2896],
        [-0.4194,  0.6162,  0.6666]], device='cuda:0')
tensor([[ 0.9877, -0.1025,  0.1183],
        [ 0.1148,  0.9881, -0.1025],
        [-0.1064,  0.1148,  0.9877]], device='cuda:0')
tensor([[ 0.6430, -0.2924,  0.7079],
        [ 0.6392,  0.7140, -0.2857],
        [-0.4219,  0.6361,  0.6460]], device='cuda:0')
tensor([[ 0.5426, -0.2704,  0.7953],
        [ 0.7156,  0.6446, -0.2691],
        [-0.4398,  0.7151,  0.5433]], device='cuda:0')
tensor([[ 0.6422, -0.2931,  0.7083],
        [ 0.6417,  0.7110, -0.2876],
        [-0.4193,  0.6392,  0.6447]], device='cuda:0')
tensor([[ 0.4725, -0.2572,  0.8430],
        [ 0.7684,  0.5886, -0.2512],
        [-0.4316,  0.7664,  0.4757]], device='cuda:0')
tensor([[ 0.8165, -0.2625,  0.5143],
        [ 0.4465,  0.8518, -0.2740],
        [-0.3661,  0.4533,  0.8127]], device='cuda:0')
tensor([[ 0.7275, -0.2901,  0.6218],
        [ 0.5578,  0.7778, -0.2898],
        [-0.3995,  0.5576,  0.7276]], device='cuda:0')
tensor([[ 0.5667, -0.2735,  0.7772],
        [ 0.6983,  0.6601, -0.2769],
        [-0.4373,  0.6997,  0.5650]], device='cuda:0')
tensor([[ 0.5964, -0.2629,  0.7584],
        [ 0.6603,  0.6979, -0.2774],
        [-0.4564,  0.6662,  0.5898]], device='cuda:0')
tensor([[ 0.6718, -0.2902,  0.6815],
        [ 0.6187,  0.7257, -0.3009],
        [-0.4073,  0.6238,  0.6671]], device='cuda:0')
tensor([[ 0.3270, -0.1985,  0.9240],
        [ 0.8544,  0.4799, -0.1993],
        [-0.4038,  0.8546,  0.3265]], device='cuda:0')
tensor([[ 0.4657, -0.2554,  0.8473],
        [ 0.7764,  0.5774, -0.2527],
        [-0.4247,  0.7755,  0.4672]], device='cuda:0')
tensor([[ 0.7311, -0.2890,  0.6180],
        [ 0.5504,  0.7851, -0.2840],
        [-0.4031,  0.5478,  0.7331]], device='cuda:0')
tensor([[ 0.7949, -0.2754,  0.5407],
        [ 0.4804,  0.8299, -0.2836],
        [-0.3706,  0.4852,  0.7920]], device='cuda:0')
tensor([[ 0.6885, -0.2831,  0.6677],
        [ 0.5819,  0.7651, -0.2756],
        [-0.4329,  0.5783,  0.6915]], device='cuda:0')
tensor([[ 0.5433, -0.2760,  0.7929],
        [ 0.7196,  0.6395, -0.2706],
        [-0.4323,  0.7176,  0.5460]], device='cuda:0')
ori it is all ok you are the bext"
tensor([[ 0.4732, -0.2569,  0.8427],
        [ 0.7728,  0.5803, -0.2570],
        [-0.4230,  0.7728,  0.4731]], device='cuda:0')
tensor([[ 0.5532, -0.2736,  0.7869],
        [ 0.7156,  0.6396, -0.2807],
        [-0.4265,  0.7183,  0.5496]], device='cuda:0')
tensor([[ 0.8974, -0.2363,  0.3725],
        [ 0.3378,  0.9112, -0.2358],
        [-0.2837,  0.3375,  0.8976]], device='cuda:0')
tensor([[ 0.9633, -0.1653,  0.2116],
        [ 0.2020,  0.9653, -0.1654],
        [-0.1769,  0.2021,  0.9633]], device='cuda:0')
tensor([[ 0.2784, -0.1882,  0.9419],
        [ 0.8743,  0.4557, -0.1674],
        [-0.3977,  0.8700,  0.2914]], device='cuda:0')
tensor([[ 0.7164, -0.2936,  0.6329],
        [ 0.5707,  0.7685, -0.2895],
        [-0.4014,  0.5686,  0.7181]], device='cuda:0')
tensor([[ 0.9037, -0.2213,  0.3666],
        [ 0.3145,  0.9240, -0.2174],
        [-0.2906,  0.3117,  0.9046]], device='cuda:0')
tensor([[ 0.8271, -0.2688,  0.4936],
        [ 0.4390,  0.8574, -0.2688],
        [-0.3509,  0.4390,  0.8271]], device='cuda:0')
tensor([[ 0.7005, -0.3017,  0.6467],
        [ 0.5944,  0.7481, -0.2949],
        [-0.3948,  0.5910,  0.7035]], device='cuda:0')
tensor([[ 0.5631, -0.2889,  0.7743],
        [ 0.7071,  0.6533, -0.2704],
        [-0.4277,  0.6998,  0.5722]], device='cuda:0')
tensor([[ 0.5508, -0.2828,  0.7853],
        [ 0.7112,  0.6514, -0.2643],
        [-0.4368,  0.7041,  0.5599]], device='cuda:0')
tensor([[ 0.8520, -0.2662,  0.4507],
        [ 0.4136,  0.8701, -0.2679],
        [-0.3209,  0.4147,  0.8515]], device='cuda:0')
tensor([[ 0.8197, -0.2797,  0.4999],
        [ 0.4569,  0.8457, -0.2759],
        [-0.3456,  0.4546,  0.8210]], device='cuda:0')
tensor([[ 0.4536, -0.2407,  0.8581],
        [ 0.7671,  0.5955, -0.2385],
        [-0.4536,  0.7665,  0.4548]], device='cuda:0')
tensor([[ 0.6238, -0.2909,  0.7254],
        [ 0.6537,  0.7030, -0.2802],
        [-0.4284,  0.6489,  0.6287]], device='cuda:0')
tensor([[ 0.7481, -0.2928,  0.5956],
        [ 0.5368,  0.7946, -0.2836],
        [-0.3902,  0.5318,  0.7516]], device='cuda:0')
tensor([[ 0.6444, -0.2898,  0.7076],
        [ 0.6359,  0.7171, -0.2854],
        [-0.4247,  0.6339,  0.6464]], device='cuda:0')
ori it is all ok you are the bext"
tensor([[ 0.8578, -0.2482,  0.4501],
        [ 0.3865,  0.8887, -0.2466],
        [-0.3388,  0.3855,  0.8583]], device='cuda:0')
tensor([[ 0.5922, -0.2700,  0.7592],
        [ 0.6763,  0.6787, -0.2862],
        [-0.4380,  0.6829,  0.5846]], device='cuda:0')
tensor([[ 0.5966, -0.2845,  0.7504],
        [ 0.6854,  0.6669, -0.2922],
        [-0.4173,  0.6887,  0.5929]], device='cuda:0')
tensor([[ 0.6962, -0.2858,  0.6585],
        [ 0.5745,  0.7719, -0.2724],
        [-0.4304,  0.5679,  0.7016]], device='cuda:0')
tensor([[ 0.7649, -0.2819,  0.5792],
        [ 0.5150,  0.8077, -0.2870],
        [-0.3869,  0.5178,  0.7630]], device='cuda:0')
tensor([[ 0.7096, -0.2951,  0.6399],
        [ 0.5777,  0.7636, -0.2885],
        [-0.4034,  0.5744,  0.7123]], device='cuda:0')
tensor([[ 0.7100, -0.2936,  0.6401],
        [ 0.5777,  0.7626, -0.2910],
        [-0.4027,  0.5764,  0.7111]], device='cuda:0')
tensor([[ 0.7278, -0.2920,  0.6206],
        [ 0.5570,  0.7795, -0.2865],
        [-0.4001,  0.5542,  0.7299]], device='cuda:0')
tensor([[ 0.8716, -0.2563,  0.4179],
        [ 0.3836,  0.8873, -0.2558],
        [-0.3052,  0.3833,  0.8717]], device='cuda:0')
tensor([[ 0.6865, -0.2978,  0.6633],
        [ 0.6019,  0.7446, -0.2886],
        [-0.4079,  0.5974,  0.6904]], device='cuda:0')
tensor([[ 0.1353, -0.1041,  0.9853],
        [ 0.9251,  0.3693, -0.0880],
        [-0.3548,  0.9234,  0.1462]], device='cuda:0')
tensor([[ 0.6589, -0.2925,  0.6930],
        [ 0.6230,  0.7286, -0.2847],
        [-0.4216,  0.6193,  0.6623]], device='cuda:0')
ori it is all ok you are the bext"
Dataset 3: train torch.Size([1000, 3, 30]), cv torch.Size([150, 3, 30]), test torch.Size([100, 3, 30])

================================================================================
Generating Dataset 4
================================================================================
[noise model] meas='gaussian' {} | proc='gaussian' {}
[H gen] theta=0.3 same_angle=True

Generating data for dataset 4...
tensor([[ 0.6218, -0.3036,  0.7219],
        [ 0.6688,  0.6856, -0.2877],
        [-0.4076,  0.6617,  0.6294]], device='cuda:0')
tensor([[ 0.2352, -0.1397,  0.9619],
        [ 0.8861,  0.4374, -0.1532],
        [-0.3993,  0.8884,  0.2266]], device='cuda:0')
tensor([[ 0.3094, -0.1961,  0.9305],
        [ 0.8743,  0.4435, -0.1972],
        [-0.3740,  0.8746,  0.3086]], device='cuda:0')
tensor([[ 0.2806, -0.1820,  0.9424],
        [ 0.8802,  0.4404, -0.1770],
        [-0.3828,  0.8792,  0.2838]], device='cuda:0')
tensor([[ 0.4755, -0.2653,  0.8387],
        [ 0.7686,  0.5891, -0.2494],
        [-0.4279,  0.7633,  0.4840]], device='cuda:0')
tensor([[ 0.3742, -0.2198,  0.9009],
        [ 0.8256,  0.5214, -0.2157],
        [-0.4224,  0.8245,  0.3766]], device='cuda:0')
tensor([[ 0.1987, -0.1293,  0.9715],
        [ 0.9169,  0.3746, -0.1377],
        [-0.3461,  0.9181,  0.1930]], device='cuda:0')
tensor([[ 0.6786, -0.2991,  0.6708],
        [ 0.6143,  0.7319, -0.2950],
        [-0.4027,  0.6123,  0.6804]], device='cuda:0')
tensor([[ 0.3861, -0.2195,  0.8960],
        [ 0.8279,  0.5109, -0.2316],
        [-0.4069,  0.8311,  0.3790]], device='cuda:0')
tensor([[ 0.5074, -0.2702,  0.8183],
        [ 0.7613,  0.5855, -0.2787],
        [-0.4038,  0.7643,  0.5028]], device='cuda:0')
tensor([[ 0.6002, -0.2967,  0.7428],
        [ 0.6883,  0.6646, -0.2907],
        [-0.4074,  0.6858,  0.6031]], device='cuda:0')
tensor([[ 0.6273, -0.2906,  0.7225],
        [ 0.6562,  0.6969, -0.2895],
        [-0.4194,  0.6557,  0.6279]], device='cuda:0')
tensor([[ 0.5024, -0.2642,  0.8233],
        [ 0.7538,  0.6002, -0.2674],
        [-0.4235,  0.7549,  0.5007]], device='cuda:0')
tensor([[ 0.6747, -0.3036,  0.6727],
        [ 0.6252,  0.7196, -0.3023],
        [-0.3923,  0.6246,  0.6753]], device='cuda:0')
tensor([[ 0.8679, -0.2632,  0.4214],
        [ 0.3936,  0.8818, -0.2600],
        [-0.3031,  0.3915,  0.8688]], device='cuda:0')
tensor([[ 0.2015, -0.1167,  0.9725],
        [ 0.9184,  0.3676, -0.1462],
        [-0.3404,  0.9226,  0.1813]], device='cuda:0')
tensor([[ 0.4531, -0.2532,  0.8547],
        [ 0.7951,  0.5484, -0.2591],
        [-0.4031,  0.7970,  0.4498]], device='cuda:0')
tensor([[ 0.5596, -0.2885,  0.7769],
        [ 0.7174,  0.6380, -0.2798],
        [-0.4150,  0.7139,  0.5640]], device='cuda:0')
tensor([[ 0.2682, -0.1903,  0.9444],
        [ 0.8847,  0.4366, -0.1633],
        [-0.3813,  0.8793,  0.2854]], device='cuda:0')
tensor([[ 0.4451, -0.2556,  0.8582],
        [ 0.8001,  0.5440, -0.2529],
        [-0.4022,  0.7992,  0.4466]], device='cuda:0')
tensor([[ 0.4680, -0.2531,  0.8467],
        [ 0.7659,  0.5942, -0.2457],
        [-0.4409,  0.7635,  0.4719]], device='cuda:0')
tensor([[ 0.4433, -0.2423,  0.8630],
        [ 0.7995,  0.5422, -0.2584],
        [-0.4053,  0.8045,  0.4341]], device='cuda:0')
tensor([[ 0.6430, -0.2971,  0.7059],
        [ 0.6520,  0.6958, -0.3011],
        [-0.4017,  0.6539,  0.6411]], device='cuda:0')
tensor([[ 0.7772, -0.2724,  0.5672],
        [ 0.4964,  0.8194, -0.2867],
        [-0.3866,  0.5044,  0.7721]], device='cuda:0')
tensor([[ 0.7278, -0.2870,  0.6228],
        [ 0.5570,  0.7772, -0.2927],
        [-0.4001,  0.5599,  0.7256]], device='cuda:0')
tensor([[ 0.4636, -0.2472,  0.8509],
        [ 0.7781,  0.5729, -0.2575],
        [-0.4238,  0.7815,  0.4579]], device='cuda:0')
tensor([[ 0.5703, -0.2955,  0.7664],
        [ 0.7131,  0.6411, -0.2835],
        [-0.4076,  0.7083,  0.5764]], device='cuda:0')
tensor([[ 0.4717, -0.2663,  0.8406],
        [ 0.7726,  0.5842, -0.2485],
        [-0.4249,  0.7667,  0.4813]], device='cuda:0')
tensor([[ 0.4609, -0.2370,  0.8552],
        [ 0.7743,  0.5783, -0.2570],
        [-0.4337,  0.7806,  0.4500]], device='cuda:0')
tensor([[ 0.7186, -0.2972,  0.6287],
        [ 0.5703,  0.7692, -0.2883],
        [-0.3979,  0.5657,  0.7222]], device='cuda:0')
tensor([[ 0.2386, -0.1535,  0.9589],
        [ 0.9001,  0.4057, -0.1590],
        [-0.3646,  0.9010,  0.2350]], device='cuda:0')
tensor([[ 0.1431, -0.1230,  0.9820],
        [ 0.9362,  0.3387, -0.0940],
        [-0.3211,  0.9328,  0.1636]], device='cuda:0')
tensor([[ 0.0362, -0.0251,  0.9990],
        [ 0.9655,  0.2588, -0.0285],
        [-0.2578,  0.9656,  0.0336]], device='cuda:0')
tensor([[ 0.8889, -0.2506,  0.3835],
        [ 0.3616,  0.8978, -0.2515],
        [-0.2813,  0.3622,  0.8887]], device='cuda:0')
tensor([[ 0.8706, -0.2582,  0.4188],
        [ 0.3853,  0.8871, -0.2541],
        [-0.3059,  0.3826,  0.8718]], device='cuda:0')
tensor([[ 0.7167, -0.3012,  0.6290],
        [ 0.5835,  0.7529, -0.3044],
        [-0.3819,  0.5852,  0.7153]], device='cuda:0')
tensor([[ 0.5795, -0.2984,  0.7583],
        [ 0.7000,  0.6588, -0.2756],
        [-0.4174,  0.6905,  0.5907]], device='cuda:0')
tensor([[ 0.8035, -0.2903,  0.5197],
        [ 0.4856,  0.8245, -0.2903],
        [-0.3442,  0.4857,  0.8035]], device='cuda:0')
tensor([[ 0.6535, -0.3068,  0.6920],
        [ 0.6447,  0.7046, -0.2965],
        [-0.3966,  0.6399,  0.6582]], device='cuda:0')
tensor([[ 0.7574, -0.3005,  0.5797],
        [ 0.5423,  0.7840, -0.3021],
        [-0.3637,  0.5432,  0.7567]], device='cuda:0')
tensor([[ 0.1019, -0.0946,  0.9903],
        [ 0.9491,  0.3076, -0.0683],
        [-0.2981,  0.9468,  0.1212]], device='cuda:0')
tensor([[ 0.5337, -0.2790,  0.7983],
        [ 0.7424,  0.6066, -0.2843],
        [-0.4049,  0.7444,  0.5309]], device='cuda:0')
tensor([[ 0.6034, -0.2977,  0.7398],
        [ 0.6769,  0.6817, -0.2778],
        [-0.4216,  0.6684,  0.6128]], device='cuda:0')
tensor([[ 0.4137, -0.2416,  0.8778],
        [ 0.8088,  0.5401, -0.2326],
        [-0.4179,  0.8062,  0.4188]], device='cuda:0')
tensor([[ 0.5340, -0.2740,  0.7999],
        [ 0.7260,  0.6335, -0.2677],
        [-0.4334,  0.7236,  0.5372]], device='cuda:0')
tensor([[ 0.0202, -0.0228,  0.9995],
        [ 0.9651,  0.2615, -0.0136],
        [-0.2611,  0.9649,  0.0273]], device='cuda:0')
tensor([[ 0.3239, -0.1832,  0.9282],
        [ 0.8632,  0.4589, -0.2106],
        [-0.3874,  0.8694,  0.3068]], device='cuda:0')
tensor([[ 0.5829, -0.2831,  0.7617],
        [ 0.6898,  0.6678, -0.2797],
        [-0.4295,  0.6884,  0.5845]], device='cuda:0')
tensor([[ 0.4298, -0.2325,  0.8725],
        [ 0.7947,  0.5561, -0.2434],
        [-0.4286,  0.7980,  0.4237]], device='cuda:0')
tensor([[ 0.8460, -0.2731,  0.4579],
        [ 0.4254,  0.8635, -0.2710],
        [-0.3214,  0.4240,  0.8467]], device='cuda:0')
tensor([[ 0.7699, -0.2854,  0.5708],
        [ 0.5121,  0.8100, -0.2858],
        [-0.3808,  0.5124,  0.7697]], device='cuda:0')
tensor([[ 0.7918, -0.2906,  0.5373],
        [ 0.4986,  0.8155, -0.2937],
        [-0.3528,  0.5004,  0.7906]], device='cuda:0')
tensor([[ 0.2273, -0.1561,  0.9612],
        [ 0.9084,  0.3896, -0.1516],
        [-0.3508,  0.9077,  0.2304]], device='cuda:0')
tensor([[ 0.8779, -0.2565,  0.4045],
        [ 0.3781,  0.8895, -0.2566],
        [-0.2940,  0.3782,  0.8778]], device='cuda:0')
tensor([[ 0.0509, -0.0593,  0.9969],
        [ 0.9560,  0.2918, -0.0315],
        [-0.2890,  0.9547,  0.0715]], device='cuda:0')
tensor([[ 0.5525, -0.2854,  0.7831],
        [ 0.7125,  0.6492, -0.2661],
        [-0.4325,  0.7050,  0.5621]], device='cuda:0')
tensor([[ 0.5799, -0.2718,  0.7680],
        [ 0.6898,  0.6653, -0.2854],
        [-0.4334,  0.6953,  0.5733]], device='cuda:0')
tensor([[ 0.4720, -0.2567,  0.8434],
        [ 0.7815,  0.5645, -0.2656],
        [-0.4079,  0.7845,  0.4671]], device='cuda:0')
tensor([[ 0.4893, -0.2703,  0.8292],
        [ 0.7676,  0.5849, -0.2623],
        [-0.4141,  0.7648,  0.4936]], device='cuda:0')
tensor([[ 0.0833, -0.0380,  0.9958],
        [ 0.9539,  0.2921, -0.0687],
        [-0.2882,  0.9556,  0.0606]], device='cuda:0')
tensor([[ 0.6832, -0.2987,  0.6663],
        [ 0.6171,  0.7241, -0.3081],
        [-0.3904,  0.6217,  0.6791]], device='cuda:0')
tensor([[ 0.4952, -0.2598,  0.8290],
        [ 0.7538,  0.6029, -0.2613],
        [-0.4319,  0.7543,  0.4944]], device='cuda:0')
tensor([[ 0.3026, -0.1954,  0.9329],
        [ 0.8731,  0.4493, -0.1892],
        [-0.3822,  0.8718,  0.3065]], device='cuda:0')
tensor([[ 0.2574, -0.1783,  0.9497],
        [ 0.8884,  0.4302, -0.1601],
        [-0.3801,  0.8849,  0.2692]], device='cuda:0')
tensor([[ 0.8261, -0.2725,  0.4933],
        [ 0.4477,  0.8489, -0.2808],
        [-0.3422,  0.4529,  0.8233]], device='cuda:0')
tensor([[ 0.1861, -0.1120,  0.9761],
        [ 0.9247,  0.3556, -0.1355],
        [-0.3319,  0.9279,  0.1698]], device='cuda:0')
tensor([[ 0.6270, -0.2973,  0.7201],
        [ 0.6617,  0.6911, -0.2909],
        [-0.4111,  0.6588,  0.6300]], device='cuda:0')
tensor([[ 0.1448, -0.0989,  0.9845],
        [ 0.9351,  0.3389, -0.1035],
        [-0.3234,  0.9356,  0.1416]], device='cuda:0')
tensor([[ 0.7175, -0.2858,  0.6352],
        [ 0.5665,  0.7700, -0.2934],
        [-0.4053,  0.5704,  0.7145]], device='cuda:0')
tensor([[ 0.3472, -0.2039,  0.9154],
        [ 0.8501,  0.4805, -0.2154],
        [-0.3960,  0.8529,  0.3402]], device='cuda:0')
tensor([[ 0.3798, -0.2306,  0.8958],
        [ 0.8285,  0.5156, -0.2185],
        [-0.4115,  0.8252,  0.3869]], device='cuda:0')
tensor([[ 0.3781, -0.2109,  0.9014],
        [ 0.8272,  0.5141, -0.2268],
        [-0.4156,  0.8314,  0.3688]], device='cuda:0')
tensor([[ 0.3758, -0.2278,  0.8983],
        [ 0.8410,  0.4911, -0.2273],
        [-0.3893,  0.8408,  0.3761]], device='cuda:0')
tensor([[ 0.6074, -0.2978,  0.7365],
        [ 0.6801,  0.6741, -0.2883],
        [-0.4106,  0.6760,  0.6120]], device='cuda:0')
tensor([[ 0.5802, -0.2967,  0.7585],
        [ 0.7077,  0.6446, -0.2892],
        [-0.4031,  0.7046,  0.5840]], device='cuda:0')
tensor([[ 0.4187, -0.2268,  0.8793],
        [ 0.8117,  0.5277, -0.2504],
        [-0.4073,  0.8186,  0.4050]], device='cuda:0')
tensor([[ 0.3949, -0.2290,  0.8897],
        [ 0.8280,  0.5083, -0.2367],
        [-0.3980,  0.8302,  0.3904]], device='cuda:0')
tensor([[ 0.4296, -0.2591,  0.8650],
        [ 0.8117,  0.5305, -0.2442],
        [-0.3956,  0.8071,  0.4383]], device='cuda:0')
tensor([[ 0.5834, -0.2712,  0.7656],
        [ 0.6854,  0.6701, -0.2850],
        [-0.4357,  0.6910,  0.5768]], device='cuda:0')
tensor([[ 0.2739, -0.1696,  0.9467],
        [ 0.8828,  0.4350, -0.1775],
        [-0.3817,  0.8843,  0.2689]], device='cuda:0')
tensor([[ 0.6584, -0.2861,  0.6962],
        [ 0.6230,  0.7262, -0.2907],
        [-0.4224,  0.6251,  0.6564]], device='cuda:0')
tensor([[ 0.6295, -0.2708,  0.7283],
        [ 0.6308,  0.7254, -0.2755],
        [-0.4537,  0.6328,  0.6275]], device='cuda:0')
tensor([[ 0.1567, -0.1003,  0.9825],
        [ 0.9323,  0.3435, -0.1136],
        [-0.3261,  0.9338,  0.1473]], device='cuda:0')
tensor([[ 0.4362, -0.2312,  0.8696],
        [ 0.7881,  0.5646, -0.2452],
        [-0.4343,  0.7923,  0.4285]], device='cuda:0')
tensor([[ 0.3646, -0.2298,  0.9023],
        [ 0.8376,  0.5042, -0.2101],
        [-0.4067,  0.8324,  0.3763]], device='cuda:0')
tensor([[ 0.4348, -0.2443,  0.8668],
        [ 0.7995,  0.5477, -0.2467],
        [-0.4145,  0.8002,  0.4335]], device='cuda:0')
tensor([[ 0.9301, -0.2081,  0.3028],
        [ 0.2782,  0.9372, -0.2105],
        [-0.2400,  0.2800,  0.9295]], device='cuda:0')
tensor([[ 0.5134, -0.2793,  0.8114],
        [ 0.7500,  0.6056, -0.2661],
        [-0.4170,  0.7451,  0.5204]], device='cuda:0')
tensor([[ 0.4145, -0.2439,  0.8768],
        [ 0.8093,  0.5394, -0.2325],
        [-0.4162,  0.8059,  0.4210]], device='cuda:0')
tensor([[ 0.4295, -0.2495,  0.8679],
        [ 0.8065,  0.5385, -0.2442],
        [-0.4064,  0.8048,  0.4325]], device='cuda:0')
tensor([[ 0.2541, -0.1745,  0.9513],
        [ 0.8953,  0.4144, -0.1631],
        [-0.3658,  0.8932,  0.2616]], device='cuda:0')
tensor([[ 0.5771, -0.2667,  0.7719],
        [ 0.6887,  0.6670, -0.2845],
        [-0.4390,  0.6957,  0.5685]], device='cuda:0')
tensor([[ 0.5144, -0.2697,  0.8141],
        [ 0.7477,  0.6058, -0.2718],
        [-0.4199,  0.7485,  0.5133]], device='cuda:0')
tensor([[ 0.3137, -0.1928,  0.9297],
        [ 0.8649,  0.4621, -0.1960],
        [-0.3919,  0.8656,  0.3117]], device='cuda:0')
tensor([[ 0.2700, -0.1543,  0.9504],
        [ 0.8710,  0.4599, -0.1728],
        [-0.4104,  0.8745,  0.2585]], device='cuda:0')
tensor([[ 0.4586, -0.2499,  0.8528],
        [ 0.7913,  0.5516, -0.2639],
        [-0.4044,  0.7958,  0.4507]], device='cuda:0')
tensor([[ 0.1187, -0.0925,  0.9886],
        [ 0.9453,  0.3151, -0.0841],
        [-0.3037,  0.9445,  0.1249]], device='cuda:0')
tensor([[ 0.3510, -0.2224,  0.9096],
        [ 0.8506,  0.4819, -0.2104],
        [-0.3916,  0.8475,  0.3583]], device='cuda:0')
tensor([[ 0.4578, -0.2471,  0.8540],
        [ 0.7794,  0.5737, -0.2518],
        [-0.4277,  0.7809,  0.4552]], device='cuda:0')
tensor([[ 0.6319, -0.2885,  0.7194],
        [ 0.6547,  0.6954, -0.2963],
        [-0.4148,  0.6582,  0.6283]], device='cuda:0')
tensor([[ 0.4181, -0.2359,  0.8773],
        [ 0.7962,  0.5601, -0.2288],
        [-0.4374,  0.7941,  0.4220]], device='cuda:0')
tensor([[ 0.2040, -0.1273,  0.9707],
        [ 0.9129,  0.3829, -0.1416],
        [-0.3536,  0.9150,  0.1943]], device='cuda:0')
ori it is all ok you are the bext"
tensor([[ 0.3338, -0.2136,  0.9181],
        [ 0.8613,  0.4649, -0.2049],
        [-0.3831,  0.8592,  0.3392]], device='cuda:0')
tensor([[ 0.2588, -0.1571,  0.9531],
        [ 0.8947,  0.4109, -0.1752],
        [-0.3641,  0.8981,  0.2469]], device='cuda:0')
tensor([[ 0.8120, -0.2835,  0.5101],
        [ 0.4694,  0.8366, -0.2823],
        [-0.3467,  0.4687,  0.8124]], device='cuda:0')
tensor([[ 0.7879, -0.2711,  0.5529],
        [ 0.4850,  0.8265, -0.2858],
        [-0.3795,  0.4934,  0.7827]], device='cuda:0')
tensor([[-0.0312,  0.0148,  0.9994],
        [ 0.9749,  0.2208,  0.0271],
        [-0.2202,  0.9752, -0.0213]], device='cuda:0')
tensor([[ 0.6185, -0.2980,  0.7271],
        [ 0.6691,  0.6848, -0.2886],
        [-0.4119,  0.6650,  0.6230]], device='cuda:0')
tensor([[ 0.7905, -0.2809,  0.5442],
        [ 0.4838,  0.8312, -0.2738],
        [-0.3754,  0.4798,  0.7930]], device='cuda:0')
tensor([[ 0.7555, -0.2930,  0.5859],
        [ 0.5327,  0.7954, -0.2892],
        [-0.3813,  0.5306,  0.7570]], device='cuda:0')
tensor([[ 0.6088, -0.3029,  0.7333],
        [ 0.6843,  0.6681, -0.2922],
        [-0.4014,  0.6797,  0.6140]], device='cuda:0')
tensor([[ 0.4248, -0.2607,  0.8669],
        [ 0.8096,  0.5379, -0.2350],
        [-0.4050,  0.8017,  0.4396]], device='cuda:0')
tensor([[ 0.3767, -0.2402,  0.8946],
        [ 0.8333,  0.5097, -0.2141],
        [-0.4045,  0.8262,  0.3922]], device='cuda:0')
tensor([[ 0.7736, -0.2959,  0.5603],
        [ 0.5209,  0.8005, -0.2965],
        [-0.3608,  0.5212,  0.7734]], device='cuda:0')
tensor([[ 0.8129, -0.2829,  0.5091],
        [ 0.4666,  0.8395, -0.2785],
        [-0.3486,  0.4640,  0.8144]], device='cuda:0')
tensor([[ 0.3810, -0.2250,  0.8968],
        [ 0.8167,  0.5367, -0.2123],
        [-0.4335,  0.8132,  0.3882]], device='cuda:0')
tensor([[ 0.4702, -0.2685,  0.8407],
        [ 0.7777,  0.5764, -0.2509],
        [-0.4172,  0.7718,  0.4798]], device='cuda:0')
tensor([[ 0.6480, -0.3029,  0.6988],
        [ 0.6432,  0.7091, -0.2890],
        [-0.4080,  0.6367,  0.6543]], device='cuda:0')
tensor([[ 0.3528, -0.2080,  0.9123],
        [ 0.8439,  0.4919, -0.2143],
        [-0.4042,  0.8455,  0.3491]], device='cuda:0')
ori it is all ok you are the bext"
tensor([[ 0.6139, -0.2746,  0.7401],
        [ 0.6522,  0.7047, -0.2795],
        [-0.4447,  0.6543,  0.6117]], device='cuda:0')
tensor([[ 0.3104, -0.1786,  0.9337],
        [ 0.8639,  0.4628, -0.1987],
        [-0.3966,  0.8683,  0.2980]], device='cuda:0')
tensor([[ 0.3516, -0.2084,  0.9127],
        [ 0.8545,  0.4697, -0.2219],
        [-0.3825,  0.8579,  0.3432]], device='cuda:0')
tensor([[ 0.6645, -0.2906,  0.6885],
        [ 0.6085,  0.7452, -0.2728],
        [-0.4338,  0.6002,  0.6720]], device='cuda:0')
tensor([[ 0.4665, -0.2377,  0.8520],
        [ 0.7713,  0.5809, -0.2603],
        [-0.4330,  0.7785,  0.4543]], device='cuda:0')
tensor([[ 0.6919, -0.2979,  0.6576],
        [ 0.5972,  0.7480, -0.2895],
        [-0.4057,  0.5930,  0.6955]], device='cuda:0')
tensor([[ 0.6067, -0.2961,  0.7377],
        [ 0.6797,  0.6745, -0.2883],
        [-0.4122,  0.6763,  0.6105]], device='cuda:0')
tensor([[ 0.6842, -0.2988,  0.6653],
        [ 0.6052,  0.7416, -0.2894],
        [-0.4069,  0.6006,  0.6882]], device='cuda:0')
tensor([[ 0.7033, -0.2960,  0.6463],
        [ 0.5922,  0.7468, -0.3025],
        [-0.3932,  0.5955,  0.7006]], device='cuda:0')
tensor([[ 0.6608, -0.3005,  0.6878],
        [ 0.6288,  0.7220, -0.2887],
        [-0.4098,  0.6233,  0.6660]], device='cuda:0')
tensor([[ 0.0409, -0.0542,  0.9977],
        [ 0.9553,  0.2949, -0.0231],
        [-0.2929,  0.9540,  0.0639]], device='cuda:0')
tensor([[ 0.6005, -0.2937,  0.7437],
        [ 0.6789,  0.6786, -0.2803],
        [-0.4224,  0.6733,  0.6069]], device='cuda:0')
ori it is all ok you are the bext"
Dataset 4: train torch.Size([1000, 3, 30]), cv torch.Size([150, 3, 30]), test torch.Size([100, 3, 30])

[load_data] Saved generated training data -> Data/train_nongauss_gaussian/bundle_r20_T30_c5.pt

================================================================================
DATA READY
================================================================================
Data structure verified.
Pipeline configured (BATCHED)

[BASELINE] Training BiGRU smoother...
BiGRU train: torch.Size([5000, 3, 30]) torch.Size([5000, 3, 30])
BiGRU cv: torch.Size([750, 3, 30]) torch.Size([750, 3, 30])
[BiGRU 000] train=16.60 dB, cv=-4.48 dB
[BiGRU 001] train=-8.76 dB, cv=-12.48 dB
[BiGRU 002] train=-12.00 dB, cv=-13.80 dB
[BiGRU 003] train=-12.36 dB, cv=-12.63 dB
[BiGRU 004] train=-13.14 dB, cv=-11.37 dB
[BiGRU 005] train=-13.62 dB, cv=-9.97 dB
[BiGRU 006] train=-13.17 dB, cv=-13.42 dB
[BiGRU 007] train=-13.65 dB, cv=-12.18 dB
[BiGRU 008] train=-14.41 dB, cv=-11.65 dB
[BiGRU 009] train=-14.10 dB, cv=-13.16 dB
[BiGRU 010] train=-14.72 dB, cv=-12.47 dB
[BiGRU 011] train=-15.68 dB, cv=-16.97 dB
[BiGRU 012] train=-14.97 dB, cv=-15.30 dB
[BiGRU 013] train=-15.34 dB, cv=-13.27 dB
[BiGRU 014] train=-15.02 dB, cv=-17.61 dB
[BiGRU 015] train=-15.75 dB, cv=-14.43 dB
[BiGRU 016] train=-16.07 dB, cv=-15.65 dB
[BiGRU 017] train=-15.06 dB, cv=-15.90 dB
[BiGRU 018] train=-15.40 dB, cv=-15.15 dB
[BiGRU 019] train=-16.76 dB, cv=-15.41 dB
[BiGRU 020] train=-15.17 dB, cv=-18.95 dB
[BiGRU 021] train=-16.78 dB, cv=-15.35 dB
[BiGRU 022] train=-16.84 dB, cv=-14.95 dB
[BiGRU 023] train=-17.69 dB, cv=-15.38 dB
[BiGRU 024] train=-16.18 dB, cv=-14.98 dB
[BiGRU 025] train=-17.28 dB, cv=-18.11 dB
[BiGRU 026] train=-16.77 dB, cv=-18.94 dB
[BiGRU 027] train=-16.71 dB, cv=-16.89 dB
[BiGRU 028] train=-16.50 dB, cv=-14.98 dB
[BiGRU 029] train=-16.92 dB, cv=-18.17 dB
[BiGRU 030] train=-16.89 dB, cv=-18.00 dB
[BiGRU 031] train=-17.42 dB, cv=-20.48 dB
[BiGRU 032] train=-18.32 dB, cv=-20.95 dB
[BiGRU 033] train=-18.71 dB, cv=-19.69 dB
[BiGRU 034] train=-17.62 dB, cv=-13.90 dB
[BiGRU 035] train=-17.67 dB, cv=-18.13 dB
[BiGRU 036] train=-18.46 dB, cv=-18.37 dB
[BiGRU 037] train=-17.35 dB, cv=-17.85 dB
[BiGRU 038] train=-18.41 dB, cv=-19.18 dB
[BiGRU 039] train=-18.49 dB, cv=-15.81 dB
[BiGRU 040] train=-18.55 dB, cv=-20.22 dB
[BiGRU 041] train=-17.90 dB, cv=-12.20 dB
[BiGRU 042] train=-18.35 dB, cv=-16.69 dB
[BiGRU 043] train=-19.23 dB, cv=-19.25 dB
[BiGRU 044] train=-19.01 dB, cv=-20.00 dB
[BiGRU 045] train=-17.93 dB, cv=-19.60 dB
[BiGRU 046] train=-17.20 dB, cv=-13.45 dB
[BiGRU 047] train=-17.89 dB, cv=-15.97 dB
[BiGRU 048] train=-18.67 dB, cv=-21.09 dB
[BiGRU 049] train=-19.26 dB, cv=-20.69 dB
[BiGRU 050] train=-19.71 dB, cv=-17.05 dB
[BiGRU 051] train=-18.88 dB, cv=-20.64 dB
[BiGRU 052] train=-19.55 dB, cv=-16.41 dB
[BiGRU 053] train=-19.15 dB, cv=-19.88 dB
[BiGRU 054] train=-18.50 dB, cv=-21.19 dB
[BiGRU 055] train=-19.78 dB, cv=-15.14 dB
[BiGRU 056] train=-17.92 dB, cv=-22.09 dB
[BiGRU 057] train=-17.94 dB, cv=-19.65 dB
[BiGRU 058] train=-20.54 dB, cv=-19.61 dB
[BiGRU 059] train=-19.36 dB, cv=-19.23 dB
[BiGRU 060] train=-19.74 dB, cv=-22.60 dB
[BiGRU 061] train=-20.06 dB, cv=-21.73 dB
[BiGRU 062] train=-20.56 dB, cv=-19.88 dB
[BiGRU 063] train=-17.42 dB, cv=-22.99 dB
[BiGRU 064] train=-20.01 dB, cv=-21.58 dB
[BiGRU 065] train=-20.95 dB, cv=-19.76 dB
[BiGRU 066] train=-19.15 dB, cv=-20.74 dB
[BiGRU 067] train=-19.15 dB, cv=-17.64 dB
[BiGRU 068] train=-20.52 dB, cv=-19.94 dB
[BiGRU 069] train=-19.90 dB, cv=-21.23 dB
[BiGRU 070] train=-20.06 dB, cv=-19.79 dB
[BiGRU 071] train=-19.53 dB, cv=-20.39 dB
[BiGRU 072] train=-19.46 dB, cv=-16.21 dB
[BiGRU 073] train=-18.52 dB, cv=-22.39 dB
[BiGRU 074] train=-18.64 dB, cv=-17.88 dB
[BiGRU 075] train=-19.76 dB, cv=-22.06 dB
[BiGRU 076] train=-20.46 dB, cv=-18.96 dB
[BiGRU 077] train=-20.37 dB, cv=-21.62 dB
[BiGRU 078] train=-20.39 dB, cv=-22.90 dB
[BiGRU 079] train=-21.10 dB, cv=-22.20 dB
[BiGRU 080] train=-21.25 dB, cv=-20.99 dB
[BiGRU 081] train=-18.58 dB, cv=-20.70 dB
[BiGRU 082] train=-20.15 dB, cv=-21.00 dB
[BiGRU 083] train=-20.39 dB, cv=-21.47 dB
[BiGRU 084] train=-20.29 dB, cv=-20.51 dB
[BiGRU 085] train=-19.90 dB, cv=-21.37 dB
[BiGRU 086] train=-20.33 dB, cv=-18.58 dB
[BiGRU 087] train=-20.17 dB, cv=-20.63 dB
[BiGRU 088] train=-21.08 dB, cv=-18.65 dB
[BiGRU 089] train=-19.88 dB, cv=-18.85 dB
[BiGRU 090] train=-20.67 dB, cv=-21.65 dB
[BiGRU 091] train=-21.95 dB, cv=-20.37 dB
[BiGRU 092] train=-20.81 dB, cv=-21.23 dB
[BiGRU 093] train=-21.75 dB, cv=-20.48 dB
[BiGRU 094] train=-20.32 dB, cv=-23.21 dB
[BiGRU 095] train=-20.16 dB, cv=-19.08 dB
[BiGRU 096] train=-19.41 dB, cv=-21.86 dB
[BiGRU 097] train=-20.73 dB, cv=-20.00 dB
[BiGRU 098] train=-20.62 dB, cv=-18.23 dB
[BiGRU 099] train=-20.60 dB, cv=-16.57 dB
[BiGRU 100] train=-20.28 dB, cv=-21.66 dB
[BiGRU 101] train=-21.53 dB, cv=-22.04 dB
[BiGRU 102] train=-21.03 dB, cv=-22.36 dB
[BiGRU 103] train=-20.95 dB, cv=-21.61 dB
[BiGRU 104] train=-21.74 dB, cv=-21.68 dB
[BiGRU 105] train=-20.99 dB, cv=-16.80 dB
[BiGRU 106] train=-20.27 dB, cv=-23.51 dB
[BiGRU 107] train=-21.05 dB, cv=-22.72 dB
[BiGRU 108] train=-21.43 dB, cv=-21.18 dB
[BiGRU 109] train=-20.97 dB, cv=-19.69 dB
[BiGRU 110] train=-20.96 dB, cv=-22.10 dB
[BiGRU 111] train=-22.15 dB, cv=-23.85 dB
[BiGRU 112] train=-21.17 dB, cv=-24.41 dB
[BiGRU 113] train=-20.74 dB, cv=-21.76 dB
[BiGRU 114] train=-20.91 dB, cv=-19.82 dB
[BiGRU 115] train=-20.62 dB, cv=-24.47 dB
[BiGRU 116] train=-21.99 dB, cv=-23.93 dB
[BiGRU 117] train=-20.33 dB, cv=-24.67 dB
[BiGRU 118] train=-21.99 dB, cv=-20.29 dB
[BiGRU 119] train=-22.43 dB, cv=-23.66 dB
[BiGRU 120] train=-22.15 dB, cv=-20.86 dB
[BiGRU 121] train=-20.24 dB, cv=-22.98 dB
[BiGRU 122] train=-21.50 dB, cv=-20.46 dB
[BiGRU 123] train=-22.37 dB, cv=-22.14 dB
[BiGRU 124] train=-21.51 dB, cv=-23.58 dB
[BiGRU 125] train=-21.61 dB, cv=-24.13 dB
[BiGRU 126] train=-20.41 dB, cv=-20.78 dB
[BiGRU 127] train=-22.06 dB, cv=-22.64 dB
[BiGRU 128] train=-20.77 dB, cv=-23.87 dB
[BiGRU 129] train=-21.42 dB, cv=-19.75 dB
[BiGRU 130] train=-21.84 dB, cv=-25.77 dB
[BiGRU 131] train=-22.37 dB, cv=-23.57 dB
[BiGRU 132] train=-22.02 dB, cv=-17.37 dB
[BiGRU 133] train=-19.74 dB, cv=-22.98 dB
[BiGRU 134] train=-22.58 dB, cv=-20.83 dB
[BiGRU 135] train=-22.65 dB, cv=-21.18 dB
[BiGRU 136] train=-20.12 dB, cv=-22.72 dB
[BiGRU 137] train=-22.42 dB, cv=-24.84 dB
[BiGRU 138] train=-21.94 dB, cv=-23.51 dB
[BiGRU 139] train=-21.65 dB, cv=-22.18 dB
[BiGRU 140] train=-21.20 dB, cv=-23.57 dB
[BiGRU 141] train=-21.82 dB, cv=-21.87 dB
[BiGRU 142] train=-22.20 dB, cv=-20.37 dB
[BiGRU 143] train=-21.84 dB, cv=-20.11 dB
[BiGRU 144] train=-22.23 dB, cv=-21.24 dB
[BiGRU 145] train=-22.01 dB, cv=-22.72 dB
[BiGRU 146] train=-21.04 dB, cv=-20.90 dB
[BiGRU 147] train=-23.02 dB, cv=-17.07 dB
[BiGRU 148] train=-21.60 dB, cv=-19.55 dB
[BiGRU 149] train=-21.96 dB, cv=-22.87 dB
[BiGRU 150] train=-21.67 dB, cv=-22.84 dB
[BiGRU 151] train=-23.15 dB, cv=-22.14 dB
[BiGRU 152] train=-22.33 dB, cv=-23.25 dB
[BiGRU 153] train=-21.97 dB, cv=-22.29 dB
[BiGRU 154] train=-22.14 dB, cv=-24.76 dB
[BiGRU 155] train=-21.96 dB, cv=-20.25 dB
[BiGRU 156] train=-20.36 dB, cv=-23.16 dB
[BiGRU 157] train=-22.41 dB, cv=-21.90 dB
[BiGRU 158] train=-21.37 dB, cv=-21.97 dB
[BiGRU 159] train=-22.01 dB, cv=-24.57 dB
[BiGRU 160] train=-21.98 dB, cv=-22.36 dB
[BiGRU 161] train=-21.96 dB, cv=-18.88 dB
[BiGRU 162] train=-21.29 dB, cv=-20.10 dB
[BiGRU 163] train=-22.60 dB, cv=-20.99 dB
[BiGRU 164] train=-23.29 dB, cv=-25.17 dB
[BiGRU 165] train=-22.75 dB, cv=-22.52 dB
[BiGRU 166] train=-23.23 dB, cv=-22.96 dB
[BiGRU 167] train=-23.51 dB, cv=-23.81 dB
[BiGRU 168] train=-21.57 dB, cv=-21.18 dB
[BiGRU 169] train=-22.67 dB, cv=-22.40 dB
[BiGRU 170] train=-22.17 dB, cv=-23.38 dB
[BiGRU 171] train=-22.36 dB, cv=-22.81 dB
[BiGRU 172] train=-23.29 dB, cv=-20.89 dB
[BiGRU 173] train=-22.32 dB, cv=-20.41 dB
[BiGRU 174] train=-22.13 dB, cv=-20.59 dB
[BiGRU 175] train=-22.91 dB, cv=-22.22 dB
[BiGRU 176] train=-23.17 dB, cv=-23.18 dB
[BiGRU 177] train=-23.37 dB, cv=-22.22 dB
[BiGRU 178] train=-21.52 dB, cv=-21.27 dB
[BiGRU 179] train=-22.82 dB, cv=-21.49 dB
[BiGRU 180] train=-22.99 dB, cv=-22.12 dB
[BiGRU 181] train=-22.86 dB, cv=-22.48 dB
[BiGRU 182] train=-22.70 dB, cv=-23.19 dB
[BiGRU 183] train=-23.86 dB, cv=-22.83 dB
[BiGRU 184] train=-23.06 dB, cv=-24.03 dB
[BiGRU 185] train=-22.28 dB, cv=-22.88 dB
[BiGRU 186] train=-23.11 dB, cv=-23.48 dB
[BiGRU 187] train=-23.12 dB, cv=-22.71 dB
[BiGRU 188] train=-23.05 dB, cv=-23.33 dB
[BiGRU 189] train=-23.13 dB, cv=-24.06 dB
[BiGRU 190] train=-21.31 dB, cv=-21.76 dB
[BiGRU 191] train=-23.17 dB, cv=-25.14 dB
[BiGRU 192] train=-22.20 dB, cv=-19.43 dB
[BiGRU 193] train=-21.68 dB, cv=-26.04 dB
[BiGRU 194] train=-23.67 dB, cv=-23.84 dB
[BiGRU 195] train=-23.73 dB, cv=-24.79 dB
[BiGRU 196] train=-23.50 dB, cv=-24.36 dB
[BiGRU 197] train=-22.51 dB, cv=-22.72 dB
[BiGRU 198] train=-20.41 dB, cv=-22.78 dB
[BiGRU 199] train=-23.74 dB, cv=-21.73 dB
[BiGRU 200] train=-23.87 dB, cv=-24.37 dB
[BiGRU 201] train=-23.01 dB, cv=-23.17 dB
[BiGRU 202] train=-23.30 dB, cv=-25.60 dB
[BiGRU 203] train=-22.93 dB, cv=-24.56 dB
[BiGRU 204] train=-22.93 dB, cv=-25.78 dB
[BiGRU 205] train=-22.78 dB, cv=-22.92 dB
[BiGRU 206] train=-23.20 dB, cv=-23.12 dB
[BiGRU 207] train=-24.00 dB, cv=-23.99 dB
[BiGRU 208] train=-22.25 dB, cv=-23.32 dB
[BiGRU 209] train=-24.01 dB, cv=-25.17 dB
[BiGRU 210] train=-22.68 dB, cv=-21.85 dB
[BiGRU 211] train=-23.29 dB, cv=-22.78 dB
[BiGRU 212] train=-22.25 dB, cv=-24.30 dB
[BiGRU 213] train=-22.75 dB, cv=-23.23 dB
[BiGRU 214] train=-23.24 dB, cv=-24.19 dB
[BiGRU 215] train=-22.33 dB, cv=-25.02 dB
[BiGRU 216] train=-24.04 dB, cv=-25.05 dB
[BiGRU 217] train=-23.49 dB, cv=-17.03 dB
[BiGRU 218] train=-23.11 dB, cv=-23.15 dB
[BiGRU 219] train=-23.73 dB, cv=-22.70 dB
[BiGRU 220] train=-22.99 dB, cv=-24.23 dB
[BiGRU 221] train=-23.86 dB, cv=-24.76 dB
[BiGRU 222] train=-23.18 dB, cv=-25.96 dB
[BiGRU 223] train=-23.41 dB, cv=-24.51 dB
[BiGRU 224] train=-22.74 dB, cv=-22.89 dB
[BiGRU 225] train=-23.72 dB, cv=-20.47 dB
[BiGRU 226] train=-23.37 dB, cv=-23.47 dB
[BiGRU 227] train=-22.08 dB, cv=-22.54 dB
[BiGRU 228] train=-22.62 dB, cv=-19.84 dB
[BiGRU 229] train=-23.36 dB, cv=-20.24 dB
[BiGRU 230] train=-22.86 dB, cv=-20.80 dB
[BiGRU 231] train=-23.97 dB, cv=-23.20 dB
[BiGRU 232] train=-23.65 dB, cv=-20.33 dB
[BiGRU 233] train=-23.17 dB, cv=-23.51 dB
[BiGRU 234] train=-23.91 dB, cv=-25.01 dB
[BiGRU 235] train=-22.86 dB, cv=-21.64 dB
[BiGRU 236] train=-22.88 dB, cv=-24.01 dB
[BiGRU 237] train=-24.23 dB, cv=-23.09 dB
[BiGRU 238] train=-22.91 dB, cv=-23.63 dB
[BiGRU 239] train=-23.64 dB, cv=-22.62 dB
[BiGRU 240] train=-23.19 dB, cv=-24.38 dB
[BiGRU 241] train=-23.17 dB, cv=-23.26 dB
[BiGRU 242] train=-23.55 dB, cv=-22.22 dB
[BiGRU 243] train=-24.02 dB, cv=-24.70 dB
[BiGRU 244] train=-23.70 dB, cv=-25.53 dB
[BiGRU 245] train=-23.79 dB, cv=-24.41 dB
[BiGRU 246] train=-22.48 dB, cv=-23.57 dB
[BiGRU 247] train=-23.14 dB, cv=-26.14 dB
[BiGRU 248] train=-23.82 dB, cv=-26.93 dB
[BiGRU 249] train=-23.64 dB, cv=-22.66 dB
[BiGRU 250] train=-24.42 dB, cv=-24.92 dB
[BiGRU 251] train=-23.52 dB, cv=-25.56 dB
[BiGRU 252] train=-22.52 dB, cv=-26.79 dB
[BiGRU 253] train=-22.70 dB, cv=-22.13 dB
[BiGRU 254] train=-23.76 dB, cv=-21.97 dB
[BiGRU 255] train=-23.66 dB, cv=-20.90 dB
[BiGRU 256] train=-23.00 dB, cv=-22.05 dB
[BiGRU 257] train=-20.48 dB, cv=-20.64 dB
[BiGRU 258] train=-22.79 dB, cv=-21.55 dB
[BiGRU 259] train=-21.83 dB, cv=-25.40 dB
[BiGRU 260] train=-23.73 dB, cv=-23.94 dB
[BiGRU 261] train=-23.70 dB, cv=-22.90 dB
[BiGRU 262] train=-23.18 dB, cv=-23.62 dB
[BiGRU 263] train=-24.34 dB, cv=-24.22 dB
[BiGRU 264] train=-23.45 dB, cv=-22.24 dB
[BiGRU 265] train=-23.69 dB, cv=-25.18 dB
[BiGRU 266] train=-23.96 dB, cv=-21.90 dB
[BiGRU 267] train=-24.53 dB, cv=-24.82 dB
[BiGRU 268] train=-23.79 dB, cv=-24.62 dB
[BiGRU 269] train=-23.64 dB, cv=-23.73 dB
[BiGRU 270] train=-24.29 dB, cv=-23.57 dB
[BiGRU 271] train=-23.70 dB, cv=-22.51 dB
[BiGRU 272] train=-24.20 dB, cv=-23.06 dB
[BiGRU 273] train=-23.39 dB, cv=-23.03 dB
[BiGRU 274] train=-24.16 dB, cv=-25.72 dB
[BiGRU 275] train=-24.74 dB, cv=-24.54 dB
[BiGRU 276] train=-23.33 dB, cv=-23.31 dB
[BiGRU 277] train=-22.71 dB, cv=-23.76 dB
[BiGRU 278] train=-22.62 dB, cv=-25.58 dB
[BiGRU 279] train=-24.44 dB, cv=-24.92 dB
[BiGRU 280] train=-23.57 dB, cv=-26.90 dB
[BiGRU 281] train=-24.60 dB, cv=-23.62 dB
[BiGRU 282] train=-24.67 dB, cv=-27.30 dB
[BiGRU 283] train=-24.31 dB, cv=-27.38 dB
[BiGRU 284] train=-24.45 dB, cv=-23.36 dB
[BiGRU 285] train=-24.09 dB, cv=-23.14 dB
[BiGRU 286] train=-24.89 dB, cv=-22.99 dB
[BiGRU 287] train=-23.49 dB, cv=-25.78 dB
[BiGRU 288] train=-24.12 dB, cv=-23.93 dB
[BiGRU 289] train=-23.60 dB, cv=-26.13 dB
[BiGRU 290] train=-21.39 dB, cv=-19.60 dB
[BiGRU 291] train=-23.96 dB, cv=-20.01 dB
[BiGRU 292] train=-22.93 dB, cv=-22.35 dB
[BiGRU 293] train=-22.79 dB, cv=-20.19 dB
[BiGRU 294] train=-24.46 dB, cv=-26.83 dB
[BiGRU 295] train=-24.54 dB, cv=-23.59 dB
[BiGRU 296] train=-23.80 dB, cv=-26.83 dB
[BiGRU 297] train=-23.82 dB, cv=-21.09 dB
[BiGRU 298] train=-23.92 dB, cv=-22.05 dB
[BiGRU 299] train=-24.11 dB, cv=-26.52 dB
Best BiGRU: epoch=283, cv=-27.38 dB

[STEP 1a] Training TRUE RTSNet (true H per sequence)...
loading model_and keep training them
[epoch 000] loss_d0=0.000049 loss_d1=0.000052 loss_d2=0.000083 loss_d3=0.000050 loss_d4=0.000074 loss_all=0.000062
[epoch 000] cv_d0=0.000061 cv_d1=0.000061 cv_d2=0.000074 cv_d3=0.000062 cv_d4=0.000068 cv_all=0.000065
0 MSE Training : tensor(-42.1090, device='cuda:0') [dB] MSE Validation : tensor(-41.8419, device='cuda:0') [dB]
Optimal idx: 0 Optimal : tensor(-41.8419, device='cuda:0') [dB]
[epoch 001] loss_d0=0.000060 loss_d1=0.000055 loss_d2=0.000064 loss_d3=0.000054 loss_d4=0.000078 loss_all=0.000062
[epoch 001] cv_d0=0.000061 cv_d1=0.000060 cv_d2=0.000074 cv_d3=0.000062 cv_d4=0.000068 cv_all=0.000065
1 MSE Training : tensor(-42.0620, device='cuda:0') [dB] MSE Validation : tensor(-41.8712, device='cuda:0') [dB]
Optimal idx: 1 Optimal : tensor(-41.8712, device='cuda:0') [dB]
[epoch 002] loss_d0=0.000063 loss_d1=0.000055 loss_d2=0.000055 loss_d3=0.000053 loss_d4=0.000063 loss_all=0.000058
[epoch 002] cv_d0=0.000061 cv_d1=0.000060 cv_d2=0.000074 cv_d3=0.000062 cv_d4=0.000068 cv_all=0.000065
2 MSE Training : tensor(-42.3893, device='cuda:0') [dB] MSE Validation : tensor(-41.8824, device='cuda:0') [dB]
Optimal idx: 2 Optimal : tensor(-41.8824, device='cuda:0') [dB]
[epoch 003] loss_d0=0.000066 loss_d1=0.000060 loss_d2=0.000078 loss_d3=0.000047 loss_d4=0.000066 loss_all=0.000064
[epoch 003] cv_d0=0.000062 cv_d1=0.000060 cv_d2=0.000073 cv_d3=0.000062 cv_d4=0.000068 cv_all=0.000065
3 MSE Training : tensor(-41.9641, device='cuda:0') [dB] MSE Validation : tensor(-41.8798, device='cuda:0') [dB]
Optimal idx: 2 Optimal : tensor(-41.8824, device='cuda:0') [dB]
[epoch 004] loss_d0=0.000081 loss_d1=0.000055 loss_d2=0.000086 loss_d3=0.000052 loss_d4=0.000053 loss_all=0.000065
[epoch 004] cv_d0=0.000062 cv_d1=0.000060 cv_d2=0.000073 cv_d3=0.000062 cv_d4=0.000068 cv_all=0.000065
4 MSE Training : tensor(-41.8513, device='cuda:0') [dB] MSE Validation : tensor(-41.8687, device='cuda:0') [dB]
Optimal idx: 2 Optimal : tensor(-41.8824, device='cuda:0') [dB]
[epoch 005] loss_d0=0.000071 loss_d1=0.000063 loss_d2=0.000078 loss_d3=0.000066 loss_d4=0.000057 loss_all=0.000067
[epoch 005] cv_d0=0.000062 cv_d1=0.000060 cv_d2=0.000073 cv_d3=0.000062 cv_d4=0.000068 cv_all=0.000065
5 MSE Training : tensor(-41.7277, device='cuda:0') [dB] MSE Validation : tensor(-41.8563, device='cuda:0') [dB]
Optimal idx: 2 Optimal : tensor(-41.8824, device='cuda:0') [dB]
[epoch 006] loss_d0=0.000061 loss_d1=0.000067 loss_d2=0.000070 loss_d3=0.000063 loss_d4=0.000062 loss_all=0.000065
[epoch 006] cv_d0=0.000063 cv_d1=0.000059 cv_d2=0.000073 cv_d3=0.000063 cv_d4=0.000069 cv_all=0.000065
6 MSE Training : tensor(-41.8988, device='cuda:0') [dB] MSE Validation : tensor(-41.8406, device='cuda:0') [dB]
Optimal idx: 2 Optimal : tensor(-41.8824, device='cuda:0') [dB]
[epoch 007] loss_d0=0.000063 loss_d1=0.000058 loss_d2=0.000077 loss_d3=0.000061 loss_d4=0.000061 loss_all=0.000064
[epoch 007] cv_d0=0.000063 cv_d1=0.000060 cv_d2=0.000074 cv_d3=0.000063 cv_d4=0.000069 cv_all=0.000066
7 MSE Training : tensor(-41.9335, device='cuda:0') [dB] MSE Validation : tensor(-41.8201, device='cuda:0') [dB]
Optimal idx: 2 Optimal : tensor(-41.8824, device='cuda:0') [dB]
[epoch 008] loss_d0=0.000062 loss_d1=0.000058 loss_d2=0.000059 loss_d3=0.000056 loss_d4=0.000053 loss_all=0.000057
[epoch 008] cv_d0=0.000064 cv_d1=0.000060 cv_d2=0.000074 cv_d3=0.000064 cv_d4=0.000069 cv_all=0.000066
8 MSE Training : tensor(-42.4040, device='cuda:0') [dB] MSE Validation : tensor(-41.8043, device='cuda:0') [dB]
Optimal idx: 2 Optimal : tensor(-41.8824, device='cuda:0') [dB]
[epoch 009] loss_d0=0.000073 loss_d1=0.000077 loss_d2=0.000078 loss_d3=0.000066 loss_d4=0.000071 loss_all=0.000073
[epoch 009] cv_d0=0.000064 cv_d1=0.000060 cv_d2=0.000074 cv_d3=0.000064 cv_d4=0.000070 cv_all=0.000066
9 MSE Training : tensor(-41.3641, device='cuda:0') [dB] MSE Validation : tensor(-41.7894, device='cuda:0') [dB]
Optimal idx: 2 Optimal : tensor(-41.8824, device='cuda:0') [dB]
[epoch 010] loss_d0=0.000073 loss_d1=0.000065 loss_d2=0.000096 loss_d3=0.000054 loss_d4=0.000054 loss_all=0.000069
[epoch 010] cv_d0=0.000065 cv_d1=0.000060 cv_d2=0.000074 cv_d3=0.000064 cv_d4=0.000070 cv_all=0.000066
10 MSE Training : tensor(-41.6345, device='cuda:0') [dB] MSE Validation : tensor(-41.7836, device='cuda:0') [dB]
Optimal idx: 2 Optimal : tensor(-41.8824, device='cuda:0') [dB]
[epoch 011] loss_d0=0.000051 loss_d1=0.000053 loss_d2=0.000071 loss_d3=0.000066 loss_d4=0.000055 loss_all=0.000059
[epoch 011] cv_d0=0.000066 cv_d1=0.000060 cv_d2=0.000073 cv_d3=0.000063 cv_d4=0.000070 cv_all=0.000066
11 MSE Training : tensor(-42.2595, device='cuda:0') [dB] MSE Validation : tensor(-41.7780, device='cuda:0') [dB]
Optimal idx: 2 Optimal : tensor(-41.8824, device='cuda:0') [dB]
[epoch 012] loss_d0=0.000078 loss_d1=0.000047 loss_d2=0.000075 loss_d3=0.000057 loss_d4=0.000055 loss_all=0.000062
[epoch 012] cv_d0=0.000066 cv_d1=0.000060 cv_d2=0.000073 cv_d3=0.000064 cv_d4=0.000070 cv_all=0.000066
12 MSE Training : tensor(-42.0453, device='cuda:0') [dB] MSE Validation : tensor(-41.7722, device='cuda:0') [dB]
Optimal idx: 2 Optimal : tensor(-41.8824, device='cuda:0') [dB]
[epoch 013] loss_d0=0.000071 loss_d1=0.000063 loss_d2=0.000081 loss_d3=0.000054 loss_d4=0.000068 loss_all=0.000067
[epoch 013] cv_d0=0.000066 cv_d1=0.000060 cv_d2=0.000073 cv_d3=0.000064 cv_d4=0.000070 cv_all=0.000067
13 MSE Training : tensor(-41.7156, device='cuda:0') [dB] MSE Validation : tensor(-41.7646, device='cuda:0') [dB]
Optimal idx: 2 Optimal : tensor(-41.8824, device='cuda:0') [dB]
[epoch 014] loss_d0=0.000056 loss_d1=0.000054 loss_d2=0.000077 loss_d3=0.000058 loss_d4=0.000062 loss_all=0.000062
[epoch 014] cv_d0=0.000067 cv_d1=0.000060 cv_d2=0.000073 cv_d3=0.000064 cv_d4=0.000070 cv_all=0.000067
14 MSE Training : tensor(-42.1099, device='cuda:0') [dB] MSE Validation : tensor(-41.7555, device='cuda:0') [dB]
Optimal idx: 2 Optimal : tensor(-41.8824, device='cuda:0') [dB]
[epoch 015] loss_d0=0.000059 loss_d1=0.000048 loss_d2=0.000082 loss_d3=0.000056 loss_d4=0.000066 loss_all=0.000062
[epoch 015] cv_d0=0.000067 cv_d1=0.000060 cv_d2=0.000073 cv_d3=0.000064 cv_d4=0.000071 cv_all=0.000067
15 MSE Training : tensor(-42.0568, device='cuda:0') [dB] MSE Validation : tensor(-41.7454, device='cuda:0') [dB]
Optimal idx: 2 Optimal : tensor(-41.8824, device='cuda:0') [dB]
[epoch 016] loss_d0=0.000072 loss_d1=0.000062 loss_d2=0.000084 loss_d3=0.000058 loss_d4=0.000060 loss_all=0.000067
[epoch 016] cv_d0=0.000067 cv_d1=0.000059 cv_d2=0.000073 cv_d3=0.000064 cv_d4=0.000071 cv_all=0.000067
16 MSE Training : tensor(-41.7266, device='cuda:0') [dB] MSE Validation : tensor(-41.7361, device='cuda:0') [dB]
Optimal idx: 2 Optimal : tensor(-41.8824, device='cuda:0') [dB]
[epoch 017] loss_d0=0.000068 loss_d1=0.000066 loss_d2=0.000092 loss_d3=0.000054 loss_d4=0.000058 loss_all=0.000068
[epoch 017] cv_d0=0.000068 cv_d1=0.000059 cv_d2=0.000073 cv_d3=0.000065 cv_d4=0.000071 cv_all=0.000067
17 MSE Training : tensor(-41.6986, device='cuda:0') [dB] MSE Validation : tensor(-41.7278, device='cuda:0') [dB]
Optimal idx: 2 Optimal : tensor(-41.8824, device='cuda:0') [dB]
[epoch 018] loss_d0=0.000062 loss_d1=0.000062 loss_d2=0.000074 loss_d3=0.000070 loss_d4=0.000058 loss_all=0.000065
[epoch 018] cv_d0=0.000068 cv_d1=0.000059 cv_d2=0.000073 cv_d3=0.000065 cv_d4=0.000071 cv_all=0.000067
18 MSE Training : tensor(-41.8556, device='cuda:0') [dB] MSE Validation : tensor(-41.7215, device='cuda:0') [dB]
Optimal idx: 2 Optimal : tensor(-41.8824, device='cuda:0') [dB]
[epoch 019] loss_d0=0.000065 loss_d1=0.000054 loss_d2=0.000072 loss_d3=0.000072 loss_d4=0.000084 loss_all=0.000069
[epoch 019] cv_d0=0.000068 cv_d1=0.000059 cv_d2=0.000073 cv_d3=0.000065 cv_d4=0.000071 cv_all=0.000067
19 MSE Training : tensor(-41.5891, device='cuda:0') [dB] MSE Validation : tensor(-41.7167, device='cuda:0') [dB]
Optimal idx: 2 Optimal : tensor(-41.8824, device='cuda:0') [dB]
[epoch 020] loss_d0=0.000061 loss_d1=0.000052 loss_d2=0.000072 loss_d3=0.000060 loss_d4=0.000068 loss_all=0.000063
[epoch 020] cv_d0=0.000069 cv_d1=0.000059 cv_d2=0.000073 cv_d3=0.000064 cv_d4=0.000071 cv_all=0.000067
20 MSE Training : tensor(-42.0268, device='cuda:0') [dB] MSE Validation : tensor(-41.7109, device='cuda:0') [dB]
Optimal idx: 2 Optimal : tensor(-41.8824, device='cuda:0') [dB]
[epoch 021] loss_d0=0.000064 loss_d1=0.000066 loss_d2=0.000077 loss_d3=0.000058 loss_d4=0.000051 loss_all=0.000063
[epoch 021] cv_d0=0.000070 cv_d1=0.000060 cv_d2=0.000073 cv_d3=0.000064 cv_d4=0.000071 cv_all=0.000068
21 MSE Training : tensor(-41.9970, device='cuda:0') [dB] MSE Validation : tensor(-41.7029, device='cuda:0') [dB]
Optimal idx: 2 Optimal : tensor(-41.8824, device='cuda:0') [dB]
[epoch 022] loss_d0=0.000073 loss_d1=0.000065 loss_d2=0.000083 loss_d3=0.000066 loss_d4=0.000077 loss_all=0.000073
[epoch 022] cv_d0=0.000070 cv_d1=0.000060 cv_d2=0.000073 cv_d3=0.000064 cv_d4=0.000071 cv_all=0.000068
22 MSE Training : tensor(-41.3695, device='cuda:0') [dB] MSE Validation : tensor(-41.6963, device='cuda:0') [dB]
Optimal idx: 2 Optimal : tensor(-41.8824, device='cuda:0') [dB]
[epoch 023] loss_d0=0.000064 loss_d1=0.000061 loss_d2=0.000082 loss_d3=0.000064 loss_d4=0.000066 loss_all=0.000067
[epoch 023] cv_d0=0.000071 cv_d1=0.000060 cv_d2=0.000074 cv_d3=0.000064 cv_d4=0.000071 cv_all=0.000068
23 MSE Training : tensor(-41.7131, device='cuda:0') [dB] MSE Validation : tensor(-41.6883, device='cuda:0') [dB]
Optimal idx: 2 Optimal : tensor(-41.8824, device='cuda:0') [dB]
[epoch 024] loss_d0=0.000060 loss_d1=0.000055 loss_d2=0.000070 loss_d3=0.000053 loss_d4=0.000068 loss_all=0.000061
[epoch 024] cv_d0=0.000071 cv_d1=0.000060 cv_d2=0.000074 cv_d3=0.000064 cv_d4=0.000071 cv_all=0.000068
24 MSE Training : tensor(-42.1497, device='cuda:0') [dB] MSE Validation : tensor(-41.6767, device='cuda:0') [dB]
Optimal idx: 2 Optimal : tensor(-41.8824, device='cuda:0') [dB]
[epoch 025] loss_d0=0.000077 loss_d1=0.000059 loss_d2=0.000079 loss_d3=0.000071 loss_d4=0.000068 loss_all=0.000071
[epoch 025] cv_d0=0.000072 cv_d1=0.000060 cv_d2=0.000074 cv_d3=0.000064 cv_d4=0.000071 cv_all=0.000068
25 MSE Training : tensor(-41.5016, device='cuda:0') [dB] MSE Validation : tensor(-41.6635, device='cuda:0') [dB]
Optimal idx: 2 Optimal : tensor(-41.8824, device='cuda:0') [dB]
[epoch 026] loss_d0=0.000072 loss_d1=0.000050 loss_d2=0.000084 loss_d3=0.000075 loss_d4=0.000067 loss_all=0.000070
[epoch 026] cv_d0=0.000072 cv_d1=0.000061 cv_d2=0.000074 cv_d3=0.000064 cv_d4=0.000071 cv_all=0.000068
26 MSE Training : tensor(-41.5623, device='cuda:0') [dB] MSE Validation : tensor(-41.6496, device='cuda:0') [dB]
Optimal idx: 2 Optimal : tensor(-41.8824, device='cuda:0') [dB]
[epoch 027] loss_d0=0.000081 loss_d1=0.000052 loss_d2=0.000085 loss_d3=0.000052 loss_d4=0.000061 loss_all=0.000066
[epoch 027] cv_d0=0.000073 cv_d1=0.000061 cv_d2=0.000074 cv_d3=0.000064 cv_d4=0.000071 cv_all=0.000069
27 MSE Training : tensor(-41.7970, device='cuda:0') [dB] MSE Validation : tensor(-41.6352, device='cuda:0') [dB]
Optimal idx: 2 Optimal : tensor(-41.8824, device='cuda:0') [dB]
[epoch 028] loss_d0=0.000082 loss_d1=0.000055 loss_d2=0.000075 loss_d3=0.000058 loss_d4=0.000062 loss_all=0.000067
[epoch 028] cv_d0=0.000073 cv_d1=0.000061 cv_d2=0.000075 cv_d3=0.000064 cv_d4=0.000071 cv_all=0.000069
28 MSE Training : tensor(-41.7658, device='cuda:0') [dB] MSE Validation : tensor(-41.6178, device='cuda:0') [dB]
Optimal idx: 2 Optimal : tensor(-41.8824, device='cuda:0') [dB]
[epoch 029] loss_d0=0.000065 loss_d1=0.000053 loss_d2=0.000067 loss_d3=0.000052 loss_d4=0.000079 loss_all=0.000063
[epoch 029] cv_d0=0.000074 cv_d1=0.000062 cv_d2=0.000075 cv_d3=0.000064 cv_d4=0.000071 cv_all=0.000069
29 MSE Training : tensor(-41.9853, device='cuda:0') [dB] MSE Validation : tensor(-41.5996, device='cuda:0') [dB]
Optimal idx: 2 Optimal : tensor(-41.8824, device='cuda:0') [dB]
[epoch 030] loss_d0=0.000069 loss_d1=0.000058 loss_d2=0.000090 loss_d3=0.000060 loss_d4=0.000054 loss_all=0.000066
[epoch 030] cv_d0=0.000074 cv_d1=0.000062 cv_d2=0.000075 cv_d3=0.000064 cv_d4=0.000072 cv_all=0.000069
30 MSE Training : tensor(-41.7945, device='cuda:0') [dB] MSE Validation : tensor(-41.5851, device='cuda:0') [dB]
Optimal idx: 2 Optimal : tensor(-41.8824, device='cuda:0') [dB]
[epoch 031] loss_d0=0.000087 loss_d1=0.000056 loss_d2=0.000073 loss_d3=0.000068 loss_d4=0.000090 loss_all=0.000075
[epoch 031] cv_d0=0.000074 cv_d1=0.000062 cv_d2=0.000075 cv_d3=0.000064 cv_d4=0.000072 cv_all=0.000070
31 MSE Training : tensor(-41.2530, device='cuda:0') [dB] MSE Validation : tensor(-41.5731, device='cuda:0') [dB]
Optimal idx: 2 Optimal : tensor(-41.8824, device='cuda:0') [dB]
[epoch 032] loss_d0=0.000066 loss_d1=0.000054 loss_d2=0.000074 loss_d3=0.000054 loss_d4=0.000070 loss_all=0.000063
[epoch 032] cv_d0=0.000075 cv_d1=0.000062 cv_d2=0.000076 cv_d3=0.000064 cv_d4=0.000072 cv_all=0.000070
32 MSE Training : tensor(-41.9739, device='cuda:0') [dB] MSE Validation : tensor(-41.5586, device='cuda:0') [dB]
Optimal idx: 2 Optimal : tensor(-41.8824, device='cuda:0') [dB]
[epoch 033] loss_d0=0.000060 loss_d1=0.000051 loss_d2=0.000075 loss_d3=0.000072 loss_d4=0.000066 loss_all=0.000065
[epoch 033] cv_d0=0.000075 cv_d1=0.000062 cv_d2=0.000076 cv_d3=0.000065 cv_d4=0.000072 cv_all=0.000070
33 MSE Training : tensor(-41.8870, device='cuda:0') [dB] MSE Validation : tensor(-41.5452, device='cuda:0') [dB]
Optimal idx: 2 Optimal : tensor(-41.8824, device='cuda:0') [dB]
[epoch 034] loss_d0=0.000064 loss_d1=0.000071 loss_d2=0.000097 loss_d3=0.000074 loss_d4=0.000079 loss_all=0.000077
[epoch 034] cv_d0=0.000076 cv_d1=0.000062 cv_d2=0.000076 cv_d3=0.000065 cv_d4=0.000073 cv_all=0.000070
34 MSE Training : tensor(-41.1403, device='cuda:0') [dB] MSE Validation : tensor(-41.5329, device='cuda:0') [dB]
Optimal idx: 2 Optimal : tensor(-41.8824, device='cuda:0') [dB]
[epoch 035] loss_d0=0.000086 loss_d1=0.000075 loss_d2=0.000077 loss_d3=0.000067 loss_d4=0.000079 loss_all=0.000077
[epoch 035] cv_d0=0.000076 cv_d1=0.000062 cv_d2=0.000076 cv_d3=0.000065 cv_d4=0.000073 cv_all=0.000070
35 MSE Training : tensor(-41.1356, device='cuda:0') [dB] MSE Validation : tensor(-41.5271, device='cuda:0') [dB]
Optimal idx: 2 Optimal : tensor(-41.8824, device='cuda:0') [dB]
[epoch 036] loss_d0=0.000090 loss_d1=0.000073 loss_d2=0.000090 loss_d3=0.000063 loss_d4=0.000061 loss_all=0.000075
[epoch 036] cv_d0=0.000076 cv_d1=0.000062 cv_d2=0.000076 cv_d3=0.000065 cv_d4=0.000073 cv_all=0.000070
36 MSE Training : tensor(-41.2265, device='cuda:0') [dB] MSE Validation : tensor(-41.5252, device='cuda:0') [dB]
Optimal idx: 2 Optimal : tensor(-41.8824, device='cuda:0') [dB]
[epoch 037] loss_d0=0.000072 loss_d1=0.000054 loss_d2=0.000073 loss_d3=0.000065 loss_d4=0.000062 loss_all=0.000065
[epoch 037] cv_d0=0.000076 cv_d1=0.000062 cv_d2=0.000076 cv_d3=0.000065 cv_d4=0.000073 cv_all=0.000070
37 MSE Training : tensor(-41.8678, device='cuda:0') [dB] MSE Validation : tensor(-41.5212, device='cuda:0') [dB]
Optimal idx: 2 Optimal : tensor(-41.8824, device='cuda:0') [dB]
[epoch 038] loss_d0=0.000072 loss_d1=0.000079 loss_d2=0.000082 loss_d3=0.000068 loss_d4=0.000088 loss_all=0.000078
[epoch 038] cv_d0=0.000076 cv_d1=0.000062 cv_d2=0.000076 cv_d3=0.000066 cv_d4=0.000073 cv_all=0.000071
38 MSE Training : tensor(-41.1032, device='cuda:0') [dB] MSE Validation : tensor(-41.5158, device='cuda:0') [dB]
Optimal idx: 2 Optimal : tensor(-41.8824, device='cuda:0') [dB]
[epoch 039] loss_d0=0.000067 loss_d1=0.000070 loss_d2=0.000077 loss_d3=0.000068 loss_d4=0.000078 loss_all=0.000072
[epoch 039] cv_d0=0.000076 cv_d1=0.000062 cv_d2=0.000076 cv_d3=0.000066 cv_d4=0.000073 cv_all=0.000071
39 MSE Training : tensor(-41.4275, device='cuda:0') [dB] MSE Validation : tensor(-41.5083, device='cuda:0') [dB]
Optimal idx: 2 Optimal : tensor(-41.8824, device='cuda:0') [dB]
[epoch 040] loss_d0=0.000090 loss_d1=0.000054 loss_d2=0.000087 loss_d3=0.000058 loss_d4=0.000052 loss_all=0.000068
[epoch 040] cv_d0=0.000077 cv_d1=0.000062 cv_d2=0.000076 cv_d3=0.000066 cv_d4=0.000073 cv_all=0.000071
40 MSE Training : tensor(-41.6610, device='cuda:0') [dB] MSE Validation : tensor(-41.4993, device='cuda:0') [dB]
Optimal idx: 2 Optimal : tensor(-41.8824, device='cuda:0') [dB]
[epoch 041] loss_d0=0.000062 loss_d1=0.000064 loss_d2=0.000075 loss_d3=0.000067 loss_d4=0.000059 loss_all=0.000065
[epoch 041] cv_d0=0.000077 cv_d1=0.000062 cv_d2=0.000076 cv_d3=0.000066 cv_d4=0.000074 cv_all=0.000071
41 MSE Training : tensor(-41.8409, device='cuda:0') [dB] MSE Validation : tensor(-41.4895, device='cuda:0') [dB]
Optimal idx: 2 Optimal : tensor(-41.8824, device='cuda:0') [dB]
[epoch 042] loss_d0=0.000078 loss_d1=0.000056 loss_d2=0.000077 loss_d3=0.000058 loss_d4=0.000072 loss_all=0.000068
[epoch 042] cv_d0=0.000078 cv_d1=0.000063 cv_d2=0.000076 cv_d3=0.000066 cv_d4=0.000074 cv_all=0.000071
42 MSE Training : tensor(-41.6648, device='cuda:0') [dB] MSE Validation : tensor(-41.4790, device='cuda:0') [dB]
Optimal idx: 2 Optimal : tensor(-41.8824, device='cuda:0') [dB]
[epoch 043] loss_d0=0.000091 loss_d1=0.000062 loss_d2=0.000075 loss_d3=0.000054 loss_d4=0.000061 loss_all=0.000069
[epoch 043] cv_d0=0.000078 cv_d1=0.000063 cv_d2=0.000076 cv_d3=0.000066 cv_d4=0.000074 cv_all=0.000071
43 MSE Training : tensor(-41.6306, device='cuda:0') [dB] MSE Validation : tensor(-41.4696, device='cuda:0') [dB]
Optimal idx: 2 Optimal : tensor(-41.8824, device='cuda:0') [dB]
[epoch 044] loss_d0=0.000085 loss_d1=0.000058 loss_d2=0.000089 loss_d3=0.000074 loss_d4=0.000069 loss_all=0.000075
[epoch 044] cv_d0=0.000078 cv_d1=0.000063 cv_d2=0.000076 cv_d3=0.000066 cv_d4=0.000074 cv_all=0.000071
44 MSE Training : tensor(-41.2521, device='cuda:0') [dB] MSE Validation : tensor(-41.4598, device='cuda:0') [dB]
Optimal idx: 2 Optimal : tensor(-41.8824, device='cuda:0') [dB]
[epoch 045] loss_d0=0.000074 loss_d1=0.000052 loss_d2=0.000068 loss_d3=0.000072 loss_d4=0.000062 loss_all=0.000066
[epoch 045] cv_d0=0.000079 cv_d1=0.000063 cv_d2=0.000076 cv_d3=0.000066 cv_d4=0.000074 cv_all=0.000072
45 MSE Training : tensor(-41.8258, device='cuda:0') [dB] MSE Validation : tensor(-41.4487, device='cuda:0') [dB]
Optimal idx: 2 Optimal : tensor(-41.8824, device='cuda:0') [dB]
[epoch 046] loss_d0=0.000066 loss_d1=0.000087 loss_d2=0.000089 loss_d3=0.000069 loss_d4=0.000064 loss_all=0.000075
[epoch 046] cv_d0=0.000079 cv_d1=0.000063 cv_d2=0.000076 cv_d3=0.000066 cv_d4=0.000074 cv_all=0.000072
46 MSE Training : tensor(-41.2481, device='cuda:0') [dB] MSE Validation : tensor(-41.4399, device='cuda:0') [dB]
Optimal idx: 2 Optimal : tensor(-41.8824, device='cuda:0') [dB]
[epoch 047] loss_d0=0.000083 loss_d1=0.000073 loss_d2=0.000072 loss_d3=0.000069 loss_d4=0.000083 loss_all=0.000076
[epoch 047] cv_d0=0.000079 cv_d1=0.000063 cv_d2=0.000076 cv_d3=0.000066 cv_d4=0.000075 cv_all=0.000072
47 MSE Training : tensor(-41.1953, device='cuda:0') [dB] MSE Validation : tensor(-41.4303, device='cuda:0') [dB]
Optimal idx: 2 Optimal : tensor(-41.8824, device='cuda:0') [dB]
[epoch 048] loss_d0=0.000069 loss_d1=0.000062 loss_d2=0.000071 loss_d3=0.000060 loss_d4=0.000058 loss_all=0.000064
[epoch 048] cv_d0=0.000079 cv_d1=0.000064 cv_d2=0.000077 cv_d3=0.000066 cv_d4=0.000075 cv_all=0.000072
48 MSE Training : tensor(-41.9449, device='cuda:0') [dB] MSE Validation : tensor(-41.4173, device='cuda:0') [dB]
Optimal idx: 2 Optimal : tensor(-41.8824, device='cuda:0') [dB]
[epoch 049] loss_d0=0.000080 loss_d1=0.000061 loss_d2=0.000071 loss_d3=0.000068 loss_d4=0.000068 loss_all=0.000070
[epoch 049] cv_d0=0.000080 cv_d1=0.000064 cv_d2=0.000077 cv_d3=0.000067 cv_d4=0.000075 cv_all=0.000072
49 MSE Training : tensor(-41.5723, device='cuda:0') [dB] MSE Validation : tensor(-41.4040, device='cuda:0') [dB]
Optimal idx: 2 Optimal : tensor(-41.8824, device='cuda:0') [dB]
[epoch 050] loss_d0=0.000103 loss_d1=0.000054 loss_d2=0.000074 loss_d3=0.000087 loss_d4=0.000069 loss_all=0.000077
[epoch 050] cv_d0=0.000080 cv_d1=0.000064 cv_d2=0.000077 cv_d3=0.000067 cv_d4=0.000076 cv_all=0.000073
50 MSE Training : tensor(-41.1114, device='cuda:0') [dB] MSE Validation : tensor(-41.3881, device='cuda:0') [dB]
Optimal idx: 2 Optimal : tensor(-41.8824, device='cuda:0') [dB]
[epoch 051] loss_d0=0.000058 loss_d1=0.000054 loss_d2=0.000065 loss_d3=0.000059 loss_d4=0.000061 loss_all=0.000059
[epoch 051] cv_d0=0.000080 cv_d1=0.000064 cv_d2=0.000077 cv_d3=0.000067 cv_d4=0.000076 cv_all=0.000073
51 MSE Training : tensor(-42.2631, device='cuda:0') [dB] MSE Validation : tensor(-41.3674, device='cuda:0') [dB]
Optimal idx: 2 Optimal : tensor(-41.8824, device='cuda:0') [dB]
[epoch 052] loss_d0=0.000084 loss_d1=0.000052 loss_d2=0.000079 loss_d3=0.000057 loss_d4=0.000056 loss_all=0.000065
[epoch 052] cv_d0=0.000081 cv_d1=0.000064 cv_d2=0.000077 cv_d3=0.000067 cv_d4=0.000077 cv_all=0.000073
52 MSE Training : tensor(-41.8415, device='cuda:0') [dB] MSE Validation : tensor(-41.3499, device='cuda:0') [dB]
Optimal idx: 2 Optimal : tensor(-41.8824, device='cuda:0') [dB]
[epoch 053] loss_d0=0.000070 loss_d1=0.000059 loss_d2=0.000080 loss_d3=0.000079 loss_d4=0.000083 loss_all=0.000074
[epoch 053] cv_d0=0.000082 cv_d1=0.000065 cv_d2=0.000077 cv_d3=0.000068 cv_d4=0.000077 cv_all=0.000074
53 MSE Training : tensor(-41.3005, device='cuda:0') [dB] MSE Validation : tensor(-41.3302, device='cuda:0') [dB]
Optimal idx: 2 Optimal : tensor(-41.8824, device='cuda:0') [dB]
[epoch 054] loss_d0=0.000084 loss_d1=0.000056 loss_d2=0.000074 loss_d3=0.000050 loss_d4=0.000069 loss_all=0.000067
[epoch 054] cv_d0=0.000082 cv_d1=0.000065 cv_d2=0.000077 cv_d3=0.000068 cv_d4=0.000077 cv_all=0.000074
54 MSE Training : tensor(-41.7676, device='cuda:0') [dB] MSE Validation : tensor(-41.3116, device='cuda:0') [dB]
Optimal idx: 2 Optimal : tensor(-41.8824, device='cuda:0') [dB]
[epoch 055] loss_d0=0.000074 loss_d1=0.000077 loss_d2=0.000084 loss_d3=0.000055 loss_d4=0.000081 loss_all=0.000074
[epoch 055] cv_d0=0.000083 cv_d1=0.000065 cv_d2=0.000078 cv_d3=0.000068 cv_d4=0.000078 cv_all=0.000074
55 MSE Training : tensor(-41.2913, device='cuda:0') [dB] MSE Validation : tensor(-41.2875, device='cuda:0') [dB]
Optimal idx: 2 Optimal : tensor(-41.8824, device='cuda:0') [dB]
[epoch 056] loss_d0=0.000081 loss_d1=0.000066 loss_d2=0.000080 loss_d3=0.000075 loss_d4=0.000066 loss_all=0.000074
[epoch 056] cv_d0=0.000084 cv_d1=0.000065 cv_d2=0.000078 cv_d3=0.000068 cv_d4=0.000078 cv_all=0.000075
56 MSE Training : tensor(-41.3192, device='cuda:0') [dB] MSE Validation : tensor(-41.2636, device='cuda:0') [dB]
Optimal idx: 2 Optimal : tensor(-41.8824, device='cuda:0') [dB]
[epoch 057] loss_d0=0.000092 loss_d1=0.000050 loss_d2=0.000082 loss_d3=0.000062 loss_d4=0.000056 loss_all=0.000069
[epoch 057] cv_d0=0.000085 cv_d1=0.000066 cv_d2=0.000078 cv_d3=0.000069 cv_d4=0.000079 cv_all=0.000075
57 MSE Training : tensor(-41.6430, device='cuda:0') [dB] MSE Validation : tensor(-41.2397, device='cuda:0') [dB]
Optimal idx: 2 Optimal : tensor(-41.8824, device='cuda:0') [dB]
[epoch 058] loss_d0=0.000068 loss_d1=0.000055 loss_d2=0.000081 loss_d3=0.000060 loss_d4=0.000082 loss_all=0.000069
[epoch 058] cv_d0=0.000085 cv_d1=0.000066 cv_d2=0.000079 cv_d3=0.000069 cv_d4=0.000079 cv_all=0.000075
58 MSE Training : tensor(-41.5973, device='cuda:0') [dB] MSE Validation : tensor(-41.2232, device='cuda:0') [dB]
Optimal idx: 2 Optimal : tensor(-41.8824, device='cuda:0') [dB]
[epoch 059] loss_d0=0.000074 loss_d1=0.000065 loss_d2=0.000072 loss_d3=0.000069 loss_d4=0.000072 loss_all=0.000070
[epoch 059] cv_d0=0.000086 cv_d1=0.000066 cv_d2=0.000079 cv_d3=0.000069 cv_d4=0.000079 cv_all=0.000076
59 MSE Training : tensor(-41.5251, device='cuda:0') [dB] MSE Validation : tensor(-41.2107, device='cuda:0') [dB]
Optimal idx: 2 Optimal : tensor(-41.8824, device='cuda:0') [dB]
[epoch 060] loss_d0=0.000079 loss_d1=0.000079 loss_d2=0.000079 loss_d3=0.000072 loss_d4=0.000070 loss_all=0.000076
[epoch 060] cv_d0=0.000086 cv_d1=0.000066 cv_d2=0.000079 cv_d3=0.000069 cv_d4=0.000079 cv_all=0.000076
60 MSE Training : tensor(-41.2089, device='cuda:0') [dB] MSE Validation : tensor(-41.2057, device='cuda:0') [dB]
Optimal idx: 2 Optimal : tensor(-41.8824, device='cuda:0') [dB]
[epoch 061] loss_d0=0.000058 loss_d1=0.000075 loss_d2=0.000090 loss_d3=0.000072 loss_d4=0.000076 loss_all=0.000074
[epoch 061] cv_d0=0.000086 cv_d1=0.000066 cv_d2=0.000079 cv_d3=0.000069 cv_d4=0.000079 cv_all=0.000076
61 MSE Training : tensor(-41.2998, device='cuda:0') [dB] MSE Validation : tensor(-41.2001, device='cuda:0') [dB]
Optimal idx: 2 Optimal : tensor(-41.8824, device='cuda:0') [dB]
[epoch 062] loss_d0=0.000074 loss_d1=0.000055 loss_d2=0.000079 loss_d3=0.000085 loss_d4=0.000055 loss_all=0.000069
[epoch 062] cv_d0=0.000086 cv_d1=0.000066 cv_d2=0.000079 cv_d3=0.000069 cv_d4=0.000079 cv_all=0.000076
62 MSE Training : tensor(-41.5810, device='cuda:0') [dB] MSE Validation : tensor(-41.1973, device='cuda:0') [dB]
Optimal idx: 2 Optimal : tensor(-41.8824, device='cuda:0') [dB]
[epoch 063] loss_d0=0.000084 loss_d1=0.000064 loss_d2=0.000068 loss_d3=0.000072 loss_d4=0.000076 loss_all=0.000073
[epoch 063] cv_d0=0.000086 cv_d1=0.000067 cv_d2=0.000079 cv_d3=0.000069 cv_d4=0.000079 cv_all=0.000076
63 MSE Training : tensor(-41.3769, device='cuda:0') [dB] MSE Validation : tensor(-41.1940, device='cuda:0') [dB]
Optimal idx: 2 Optimal : tensor(-41.8824, device='cuda:0') [dB]
[epoch 064] loss_d0=0.000080 loss_d1=0.000055 loss_d2=0.000079 loss_d3=0.000059 loss_d4=0.000082 loss_all=0.000071
[epoch 064] cv_d0=0.000086 cv_d1=0.000067 cv_d2=0.000079 cv_d3=0.000069 cv_d4=0.000079 cv_all=0.000076
64 MSE Training : tensor(-41.4819, device='cuda:0') [dB] MSE Validation : tensor(-41.1897, device='cuda:0') [dB]
Optimal idx: 2 Optimal : tensor(-41.8824, device='cuda:0') [dB]
[epoch 065] loss_d0=0.000076 loss_d1=0.000075 loss_d2=0.000068 loss_d3=0.000069 loss_d4=0.000068 loss_all=0.000071
[epoch 065] cv_d0=0.000086 cv_d1=0.000067 cv_d2=0.000079 cv_d3=0.000069 cv_d4=0.000079 cv_all=0.000076
65 MSE Training : tensor(-41.4793, device='cuda:0') [dB] MSE Validation : tensor(-41.1852, device='cuda:0') [dB]
Optimal idx: 2 Optimal : tensor(-41.8824, device='cuda:0') [dB]
[epoch 066] loss_d0=0.000061 loss_d1=0.000052 loss_d2=0.000089 loss_d3=0.000068 loss_d4=0.000077 loss_all=0.000069
[epoch 066] cv_d0=0.000086 cv_d1=0.000067 cv_d2=0.000079 cv_d3=0.000069 cv_d4=0.000079 cv_all=0.000076
66 MSE Training : tensor(-41.5884, device='cuda:0') [dB] MSE Validation : tensor(-41.1807, device='cuda:0') [dB]
Optimal idx: 2 Optimal : tensor(-41.8824, device='cuda:0') [dB]
[epoch 067] loss_d0=0.000069 loss_d1=0.000072 loss_d2=0.000086 loss_d3=0.000076 loss_d4=0.000061 loss_all=0.000073
[epoch 067] cv_d0=0.000087 cv_d1=0.000067 cv_d2=0.000079 cv_d3=0.000069 cv_d4=0.000079 cv_all=0.000076
67 MSE Training : tensor(-41.3844, device='cuda:0') [dB] MSE Validation : tensor(-41.1739, device='cuda:0') [dB]
Optimal idx: 2 Optimal : tensor(-41.8824, device='cuda:0') [dB]
[epoch 068] loss_d0=0.000064 loss_d1=0.000066 loss_d2=0.000088 loss_d3=0.000062 loss_d4=0.000090 loss_all=0.000074
[epoch 068] cv_d0=0.000087 cv_d1=0.000068 cv_d2=0.000079 cv_d3=0.000069 cv_d4=0.000080 cv_all=0.000076
68 MSE Training : tensor(-41.3108, device='cuda:0') [dB] MSE Validation : tensor(-41.1647, device='cuda:0') [dB]
Optimal idx: 2 Optimal : tensor(-41.8824, device='cuda:0') [dB]
[epoch 069] loss_d0=0.000097 loss_d1=0.000057 loss_d2=0.000070 loss_d3=0.000064 loss_d4=0.000080 loss_all=0.000074
[epoch 069] cv_d0=0.000087 cv_d1=0.000068 cv_d2=0.000079 cv_d3=0.000069 cv_d4=0.000080 cv_all=0.000077
69 MSE Training : tensor(-41.3198, device='cuda:0') [dB] MSE Validation : tensor(-41.1544, device='cuda:0') [dB]
Optimal idx: 2 Optimal : tensor(-41.8824, device='cuda:0') [dB]
[epoch 070] loss_d0=0.000083 loss_d1=0.000082 loss_d2=0.000078 loss_d3=0.000055 loss_d4=0.000065 loss_all=0.000073
[epoch 070] cv_d0=0.000088 cv_d1=0.000068 cv_d2=0.000079 cv_d3=0.000069 cv_d4=0.000080 cv_all=0.000077
70 MSE Training : tensor(-41.3911, device='cuda:0') [dB] MSE Validation : tensor(-41.1438, device='cuda:0') [dB]
Optimal idx: 2 Optimal : tensor(-41.8824, device='cuda:0') [dB]
[epoch 071] loss_d0=0.000085 loss_d1=0.000078 loss_d2=0.000084 loss_d3=0.000078 loss_d4=0.000093 loss_all=0.000084
[epoch 071] cv_d0=0.000088 cv_d1=0.000068 cv_d2=0.000079 cv_d3=0.000069 cv_d4=0.000080 cv_all=0.000077
71 MSE Training : tensor(-40.7769, device='cuda:0') [dB] MSE Validation : tensor(-41.1336, device='cuda:0') [dB]
Optimal idx: 2 Optimal : tensor(-41.8824, device='cuda:0') [dB]
[epoch 072] loss_d0=0.000067 loss_d1=0.000063 loss_d2=0.000098 loss_d3=0.000067 loss_d4=0.000092 loss_all=0.000078
[epoch 072] cv_d0=0.000088 cv_d1=0.000068 cv_d2=0.000079 cv_d3=0.000070 cv_d4=0.000081 cv_all=0.000077
72 MSE Training : tensor(-41.1041, device='cuda:0') [dB] MSE Validation : tensor(-41.1234, device='cuda:0') [dB]
Optimal idx: 2 Optimal : tensor(-41.8824, device='cuda:0') [dB]
[epoch 073] loss_d0=0.000071 loss_d1=0.000055 loss_d2=0.000078 loss_d3=0.000069 loss_d4=0.000065 loss_all=0.000068
[epoch 073] cv_d0=0.000089 cv_d1=0.000068 cv_d2=0.000080 cv_d3=0.000070 cv_d4=0.000081 cv_all=0.000077
73 MSE Training : tensor(-41.7012, device='cuda:0') [dB] MSE Validation : tensor(-41.1091, device='cuda:0') [dB]
Optimal idx: 2 Optimal : tensor(-41.8824, device='cuda:0') [dB]
[epoch 074] loss_d0=0.000077 loss_d1=0.000064 loss_d2=0.000083 loss_d3=0.000064 loss_d4=0.000116 loss_all=0.000081
[epoch 074] cv_d0=0.000090 cv_d1=0.000068 cv_d2=0.000080 cv_d3=0.000070 cv_d4=0.000081 cv_all=0.000078
74 MSE Training : tensor(-40.9178, device='cuda:0') [dB] MSE Validation : tensor(-41.0940, device='cuda:0') [dB]
Optimal idx: 2 Optimal : tensor(-41.8824, device='cuda:0') [dB]
[epoch 075] loss_d0=0.000095 loss_d1=0.000054 loss_d2=0.000075 loss_d3=0.000067 loss_d4=0.000068 loss_all=0.000072
[epoch 075] cv_d0=0.000090 cv_d1=0.000069 cv_d2=0.000080 cv_d3=0.000070 cv_d4=0.000081 cv_all=0.000078
75 MSE Training : tensor(-41.4445, device='cuda:0') [dB] MSE Validation : tensor(-41.0776, device='cuda:0') [dB]
Optimal idx: 2 Optimal : tensor(-41.8824, device='cuda:0') [dB]
[epoch 076] loss_d0=0.000098 loss_d1=0.000059 loss_d2=0.000080 loss_d3=0.000092 loss_d4=0.000082 loss_all=0.000082
[epoch 076] cv_d0=0.000090 cv_d1=0.000069 cv_d2=0.000080 cv_d3=0.000070 cv_d4=0.000081 cv_all=0.000078
76 MSE Training : tensor(-40.8515, device='cuda:0') [dB] MSE Validation : tensor(-41.0666, device='cuda:0') [dB]
Optimal idx: 2 Optimal : tensor(-41.8824, device='cuda:0') [dB]
[epoch 077] loss_d0=0.000083 loss_d1=0.000059 loss_d2=0.000079 loss_d3=0.000070 loss_d4=0.000067 loss_all=0.000072
[epoch 077] cv_d0=0.000091 cv_d1=0.000069 cv_d2=0.000080 cv_d3=0.000071 cv_d4=0.000081 cv_all=0.000078
77 MSE Training : tensor(-41.4513, device='cuda:0') [dB] MSE Validation : tensor(-41.0571, device='cuda:0') [dB]
Optimal idx: 2 Optimal : tensor(-41.8824, device='cuda:0') [dB]
[epoch 078] loss_d0=0.000077 loss_d1=0.000069 loss_d2=0.000080 loss_d3=0.000078 loss_d4=0.000081 loss_all=0.000077
[epoch 078] cv_d0=0.000091 cv_d1=0.000069 cv_d2=0.000080 cv_d3=0.000071 cv_d4=0.000081 cv_all=0.000079
78 MSE Training : tensor(-41.1457, device='cuda:0') [dB] MSE Validation : tensor(-41.0463, device='cuda:0') [dB]
Optimal idx: 2 Optimal : tensor(-41.8824, device='cuda:0') [dB]
[epoch 079] loss_d0=0.000101 loss_d1=0.000068 loss_d2=0.000088 loss_d3=0.000076 loss_d4=0.000067 loss_all=0.000080
[epoch 079] cv_d0=0.000091 cv_d1=0.000070 cv_d2=0.000081 cv_d3=0.000071 cv_d4=0.000082 cv_all=0.000079
79 MSE Training : tensor(-40.9587, device='cuda:0') [dB] MSE Validation : tensor(-41.0377, device='cuda:0') [dB]
Optimal idx: 2 Optimal : tensor(-41.8824, device='cuda:0') [dB]
[epoch 080] loss_d0=0.000084 loss_d1=0.000073 loss_d2=0.000075 loss_d3=0.000076 loss_d4=0.000079 loss_all=0.000077
[epoch 080] cv_d0=0.000091 cv_d1=0.000070 cv_d2=0.000081 cv_d3=0.000071 cv_d4=0.000082 cv_all=0.000079
80 MSE Training : tensor(-41.1161, device='cuda:0') [dB] MSE Validation : tensor(-41.0292, device='cuda:0') [dB]
Optimal idx: 2 Optimal : tensor(-41.8824, device='cuda:0') [dB]
[epoch 081] loss_d0=0.000072 loss_d1=0.000065 loss_d2=0.000070 loss_d3=0.000064 loss_d4=0.000072 loss_all=0.000069
[epoch 081] cv_d0=0.000091 cv_d1=0.000070 cv_d2=0.000081 cv_d3=0.000071 cv_d4=0.000082 cv_all=0.000079
81 MSE Training : tensor(-41.6350, device='cuda:0') [dB] MSE Validation : tensor(-41.0195, device='cuda:0') [dB]
Optimal idx: 2 Optimal : tensor(-41.8824, device='cuda:0') [dB]
[epoch 082] loss_d0=0.000084 loss_d1=0.000070 loss_d2=0.000082 loss_d3=0.000067 loss_d4=0.000062 loss_all=0.000073
[epoch 082] cv_d0=0.000091 cv_d1=0.000070 cv_d2=0.000081 cv_d3=0.000071 cv_d4=0.000082 cv_all=0.000079
82 MSE Training : tensor(-41.3596, device='cuda:0') [dB] MSE Validation : tensor(-41.0121, device='cuda:0') [dB]
Optimal idx: 2 Optimal : tensor(-41.8824, device='cuda:0') [dB]
[epoch 083] loss_d0=0.000086 loss_d1=0.000059 loss_d2=0.000082 loss_d3=0.000079 loss_d4=0.000075 loss_all=0.000076
[epoch 083] cv_d0=0.000091 cv_d1=0.000070 cv_d2=0.000081 cv_d3=0.000072 cv_d4=0.000082 cv_all=0.000079
83 MSE Training : tensor(-41.1684, device='cuda:0') [dB] MSE Validation : tensor(-41.0036, device='cuda:0') [dB]
Optimal idx: 2 Optimal : tensor(-41.8824, device='cuda:0') [dB]
[epoch 084] loss_d0=0.000104 loss_d1=0.000070 loss_d2=0.000079 loss_d3=0.000087 loss_d4=0.000078 loss_all=0.000083
[epoch 084] cv_d0=0.000092 cv_d1=0.000070 cv_d2=0.000081 cv_d3=0.000072 cv_d4=0.000083 cv_all=0.000080
84 MSE Training : tensor(-40.7870, device='cuda:0') [dB] MSE Validation : tensor(-40.9954, device='cuda:0') [dB]
Optimal idx: 2 Optimal : tensor(-41.8824, device='cuda:0') [dB]
[epoch 085] loss_d0=0.000142 loss_d1=0.000058 loss_d2=0.000076 loss_d3=0.000090 loss_d4=0.000072 loss_all=0.000088
[epoch 085] cv_d0=0.000092 cv_d1=0.000070 cv_d2=0.000081 cv_d3=0.000072 cv_d4=0.000083 cv_all=0.000080
85 MSE Training : tensor(-40.5737, device='cuda:0') [dB] MSE Validation : tensor(-40.9896, device='cuda:0') [dB]
Optimal idx: 2 Optimal : tensor(-41.8824, device='cuda:0') [dB]
[epoch 086] loss_d0=0.000082 loss_d1=0.000074 loss_d2=0.000083 loss_d3=0.000073 loss_d4=0.000087 loss_all=0.000080
[epoch 086] cv_d0=0.000092 cv_d1=0.000071 cv_d2=0.000082 cv_d3=0.000071 cv_d4=0.000083 cv_all=0.000080
86 MSE Training : tensor(-40.9849, device='cuda:0') [dB] MSE Validation : tensor(-40.9817, device='cuda:0') [dB]
Optimal idx: 2 Optimal : tensor(-41.8824, device='cuda:0') [dB]
[epoch 087] loss_d0=0.000090 loss_d1=0.000067 loss_d2=0.000083 loss_d3=0.000066 loss_d4=0.000077 loss_all=0.000077
[epoch 087] cv_d0=0.000092 cv_d1=0.000071 cv_d2=0.000082 cv_d3=0.000071 cv_d4=0.000084 cv_all=0.000080
87 MSE Training : tensor(-41.1633, device='cuda:0') [dB] MSE Validation : tensor(-40.9706, device='cuda:0') [dB]
Optimal idx: 2 Optimal : tensor(-41.8824, device='cuda:0') [dB]
[epoch 088] loss_d0=0.000094 loss_d1=0.000058 loss_d2=0.000074 loss_d3=0.000080 loss_d4=0.000075 loss_all=0.000076
[epoch 088] cv_d0=0.000093 cv_d1=0.000071 cv_d2=0.000082 cv_d3=0.000071 cv_d4=0.000084 cv_all=0.000080
88 MSE Training : tensor(-41.1811, device='cuda:0') [dB] MSE Validation : tensor(-40.9566, device='cuda:0') [dB]
Optimal idx: 2 Optimal : tensor(-41.8824, device='cuda:0') [dB]
[epoch 089] loss_d0=0.000103 loss_d1=0.000062 loss_d2=0.000077 loss_d3=0.000061 loss_d4=0.000082 loss_all=0.000077
[epoch 089] cv_d0=0.000093 cv_d1=0.000071 cv_d2=0.000082 cv_d3=0.000071 cv_d4=0.000084 cv_all=0.000081
89 MSE Training : tensor(-41.1377, device='cuda:0') [dB] MSE Validation : tensor(-40.9411, device='cuda:0') [dB]
Optimal idx: 2 Optimal : tensor(-41.8824, device='cuda:0') [dB]
[epoch 090] loss_d0=0.000083 loss_d1=0.000092 loss_d2=0.000102 loss_d3=0.000087 loss_d4=0.000100 loss_all=0.000093
[epoch 090] cv_d0=0.000094 cv_d1=0.000072 cv_d2=0.000082 cv_d3=0.000072 cv_d4=0.000085 cv_all=0.000081
90 MSE Training : tensor(-40.3257, device='cuda:0') [dB] MSE Validation : tensor(-40.9308, device='cuda:0') [dB]
Optimal idx: 2 Optimal : tensor(-41.8824, device='cuda:0') [dB]
[epoch 091] loss_d0=0.000086 loss_d1=0.000064 loss_d2=0.000077 loss_d3=0.000085 loss_d4=0.000086 loss_all=0.000080
[epoch 091] cv_d0=0.000094 cv_d1=0.000072 cv_d2=0.000082 cv_d3=0.000072 cv_d4=0.000085 cv_all=0.000081
91 MSE Training : tensor(-40.9863, device='cuda:0') [dB] MSE Validation : tensor(-40.9233, device='cuda:0') [dB]
Optimal idx: 2 Optimal : tensor(-41.8824, device='cuda:0') [dB]
[epoch 092] loss_d0=0.000076 loss_d1=0.000064 loss_d2=0.000075 loss_d3=0.000080 loss_d4=0.000074 loss_all=0.000074
[epoch 092] cv_d0=0.000094 cv_d1=0.000072 cv_d2=0.000082 cv_d3=0.000072 cv_d4=0.000085 cv_all=0.000081
92 MSE Training : tensor(-41.3117, device='cuda:0') [dB] MSE Validation : tensor(-40.9172, device='cuda:0') [dB]
Optimal idx: 2 Optimal : tensor(-41.8824, device='cuda:0') [dB]
[epoch 093] loss_d0=0.000092 loss_d1=0.000059 loss_d2=0.000068 loss_d3=0.000079 loss_d4=0.000064 loss_all=0.000072
[epoch 093] cv_d0=0.000094 cv_d1=0.000072 cv_d2=0.000083 cv_d3=0.000072 cv_d4=0.000085 cv_all=0.000081
93 MSE Training : tensor(-41.4128, device='cuda:0') [dB] MSE Validation : tensor(-40.9098, device='cuda:0') [dB]
Optimal idx: 2 Optimal : tensor(-41.8824, device='cuda:0') [dB]
[epoch 094] loss_d0=0.000084 loss_d1=0.000080 loss_d2=0.000092 loss_d3=0.000070 loss_d4=0.000083 loss_all=0.000082
[epoch 094] cv_d0=0.000095 cv_d1=0.000072 cv_d2=0.000083 cv_d3=0.000072 cv_d4=0.000085 cv_all=0.000081
94 MSE Training : tensor(-40.8683, device='cuda:0') [dB] MSE Validation : tensor(-40.8998, device='cuda:0') [dB]
Optimal idx: 2 Optimal : tensor(-41.8824, device='cuda:0') [dB]
[epoch 095] loss_d0=0.000098 loss_d1=0.000068 loss_d2=0.000094 loss_d3=0.000074 loss_d4=0.000085 loss_all=0.000084
[epoch 095] cv_d0=0.000095 cv_d1=0.000072 cv_d2=0.000083 cv_d3=0.000072 cv_d4=0.000085 cv_all=0.000081
95 MSE Training : tensor(-40.7635, device='cuda:0') [dB] MSE Validation : tensor(-40.8910, device='cuda:0') [dB]
Optimal idx: 2 Optimal : tensor(-41.8824, device='cuda:0') [dB]
[epoch 096] loss_d0=0.000088 loss_d1=0.000058 loss_d2=0.000081 loss_d3=0.000077 loss_d4=0.000077 loss_all=0.000076
[epoch 096] cv_d0=0.000096 cv_d1=0.000073 cv_d2=0.000083 cv_d3=0.000072 cv_d4=0.000085 cv_all=0.000082
96 MSE Training : tensor(-41.1817, device='cuda:0') [dB] MSE Validation : tensor(-40.8772, device='cuda:0') [dB]
Optimal idx: 2 Optimal : tensor(-41.8824, device='cuda:0') [dB]
[epoch 097] loss_d0=0.000106 loss_d1=0.000062 loss_d2=0.000102 loss_d3=0.000083 loss_d4=0.000072 loss_all=0.000085
[epoch 097] cv_d0=0.000096 cv_d1=0.000073 cv_d2=0.000083 cv_d3=0.000072 cv_d4=0.000085 cv_all=0.000082
97 MSE Training : tensor(-40.7139, device='cuda:0') [dB] MSE Validation : tensor(-40.8633, device='cuda:0') [dB]
Optimal idx: 2 Optimal : tensor(-41.8824, device='cuda:0') [dB]
[epoch 098] loss_d0=0.000091 loss_d1=0.000070 loss_d2=0.000095 loss_d3=0.000087 loss_d4=0.000084 loss_all=0.000085
[epoch 098] cv_d0=0.000097 cv_d1=0.000073 cv_d2=0.000083 cv_d3=0.000073 cv_d4=0.000085 cv_all=0.000082
98 MSE Training : tensor(-40.6853, device='cuda:0') [dB] MSE Validation : tensor(-40.8461, device='cuda:0') [dB]
Optimal idx: 2 Optimal : tensor(-41.8824, device='cuda:0') [dB]
[epoch 099] loss_d0=0.000091 loss_d1=0.000067 loss_d2=0.000082 loss_d3=0.000064 loss_d4=0.000082 loss_all=0.000077
[epoch 099] cv_d0=0.000098 cv_d1=0.000074 cv_d2=0.000084 cv_d3=0.000073 cv_d4=0.000085 cv_all=0.000083
99 MSE Training : tensor(-41.1186, device='cuda:0') [dB] MSE Validation : tensor(-40.8274, device='cuda:0') [dB]
Optimal idx: 2 Optimal : tensor(-41.8824, device='cuda:0') [dB]
[epoch 100] loss_d0=0.000122 loss_d1=0.000073 loss_d2=0.000077 loss_d3=0.000072 loss_d4=0.000064 loss_all=0.000082
[epoch 100] cv_d0=0.000098 cv_d1=0.000074 cv_d2=0.000084 cv_d3=0.000073 cv_d4=0.000086 cv_all=0.000083
100 MSE Training : tensor(-40.8837, device='cuda:0') [dB] MSE Validation : tensor(-40.8137, device='cuda:0') [dB]
Optimal idx: 2 Optimal : tensor(-41.8824, device='cuda:0') [dB]
[epoch 101] loss_d0=0.000084 loss_d1=0.000070 loss_d2=0.000076 loss_d3=0.000066 loss_d4=0.000077 loss_all=0.000074
[epoch 101] cv_d0=0.000099 cv_d1=0.000074 cv_d2=0.000084 cv_d3=0.000073 cv_d4=0.000086 cv_all=0.000083
101 MSE Training : tensor(-41.2788, device='cuda:0') [dB] MSE Validation : tensor(-40.7975, device='cuda:0') [dB]
Optimal idx: 2 Optimal : tensor(-41.8824, device='cuda:0') [dB]
[epoch 102] loss_d0=0.000085 loss_d1=0.000055 loss_d2=0.000067 loss_d3=0.000070 loss_d4=0.000067 loss_all=0.000069
[epoch 102] cv_d0=0.000100 cv_d1=0.000075 cv_d2=0.000084 cv_d3=0.000073 cv_d4=0.000086 cv_all=0.000084
102 MSE Training : tensor(-41.6265, device='cuda:0') [dB] MSE Validation : tensor(-40.7789, device='cuda:0') [dB]
Optimal idx: 2 Optimal : tensor(-41.8824, device='cuda:0') [dB]
[epoch 103] loss_d0=0.000084 loss_d1=0.000087 loss_d2=0.000090 loss_d3=0.000064 loss_d4=0.000068 loss_all=0.000079
[epoch 103] cv_d0=0.000101 cv_d1=0.000075 cv_d2=0.000084 cv_d3=0.000073 cv_d4=0.000087 cv_all=0.000084
103 MSE Training : tensor(-41.0415, device='cuda:0') [dB] MSE Validation : tensor(-40.7596, device='cuda:0') [dB]
Optimal idx: 2 Optimal : tensor(-41.8824, device='cuda:0') [dB]
[epoch 104] loss_d0=0.000123 loss_d1=0.000068 loss_d2=0.000086 loss_d3=0.000080 loss_d4=0.000100 loss_all=0.000091
[epoch 104] cv_d0=0.000101 cv_d1=0.000075 cv_d2=0.000084 cv_d3=0.000074 cv_d4=0.000087 cv_all=0.000084
104 MSE Training : tensor(-40.3873, device='cuda:0') [dB] MSE Validation : tensor(-40.7492, device='cuda:0') [dB]
Optimal idx: 2 Optimal : tensor(-41.8824, device='cuda:0') [dB]
[epoch 105] loss_d0=0.000091 loss_d1=0.000078 loss_d2=0.000089 loss_d3=0.000082 loss_d4=0.000086 loss_all=0.000085
[epoch 105] cv_d0=0.000101 cv_d1=0.000075 cv_d2=0.000084 cv_d3=0.000074 cv_d4=0.000087 cv_all=0.000084
105 MSE Training : tensor(-40.6874, device='cuda:0') [dB] MSE Validation : tensor(-40.7447, device='cuda:0') [dB]
Optimal idx: 2 Optimal : tensor(-41.8824, device='cuda:0') [dB]
[epoch 106] loss_d0=0.000139 loss_d1=0.000056 loss_d2=0.000072 loss_d3=0.000069 loss_d4=0.000079 loss_all=0.000083
[epoch 106] cv_d0=0.000101 cv_d1=0.000075 cv_d2=0.000084 cv_d3=0.000074 cv_d4=0.000088 cv_all=0.000084
106 MSE Training : tensor(-40.8067, device='cuda:0') [dB] MSE Validation : tensor(-40.7477, device='cuda:0') [dB]
Optimal idx: 2 Optimal : tensor(-41.8824, device='cuda:0') [dB]
[epoch 107] loss_d0=0.000108 loss_d1=0.000058 loss_d2=0.000069 loss_d3=0.000062 loss_d4=0.000070 loss_all=0.000074
[epoch 107] cv_d0=0.000100 cv_d1=0.000075 cv_d2=0.000084 cv_d3=0.000074 cv_d4=0.000088 cv_all=0.000084
107 MSE Training : tensor(-41.3365, device='cuda:0') [dB] MSE Validation : tensor(-40.7512, device='cuda:0') [dB]
Optimal idx: 2 Optimal : tensor(-41.8824, device='cuda:0') [dB]
[epoch 108] loss_d0=0.000078 loss_d1=0.000068 loss_d2=0.000080 loss_d3=0.000067 loss_d4=0.000064 loss_all=0.000072
[epoch 108] cv_d0=0.000100 cv_d1=0.000075 cv_d2=0.000084 cv_d3=0.000074 cv_d4=0.000088 cv_all=0.000084
108 MSE Training : tensor(-41.4552, device='cuda:0') [dB] MSE Validation : tensor(-40.7487, device='cuda:0') [dB]
Optimal idx: 2 Optimal : tensor(-41.8824, device='cuda:0') [dB]
[epoch 109] loss_d0=0.000085 loss_d1=0.000067 loss_d2=0.000089 loss_d3=0.000075 loss_d4=0.000096 loss_all=0.000082
[epoch 109] cv_d0=0.000100 cv_d1=0.000075 cv_d2=0.000084 cv_d3=0.000074 cv_d4=0.000088 cv_all=0.000084
109 MSE Training : tensor(-40.8390, device='cuda:0') [dB] MSE Validation : tensor(-40.7419, device='cuda:0') [dB]
Optimal idx: 2 Optimal : tensor(-41.8824, device='cuda:0') [dB]
[epoch 110] loss_d0=0.000071 loss_d1=0.000070 loss_d2=0.000067 loss_d3=0.000072 loss_d4=0.000058 loss_all=0.000068
[epoch 110] cv_d0=0.000100 cv_d1=0.000075 cv_d2=0.000084 cv_d3=0.000074 cv_d4=0.000089 cv_all=0.000084
110 MSE Training : tensor(-41.7049, device='cuda:0') [dB] MSE Validation : tensor(-40.7318, device='cuda:0') [dB]
Optimal idx: 2 Optimal : tensor(-41.8824, device='cuda:0') [dB]
[epoch 111] loss_d0=0.000069 loss_d1=0.000078 loss_d2=0.000097 loss_d3=0.000075 loss_d4=0.000081 loss_all=0.000080
[epoch 111] cv_d0=0.000100 cv_d1=0.000075 cv_d2=0.000085 cv_d3=0.000074 cv_d4=0.000089 cv_all=0.000085
111 MSE Training : tensor(-40.9745, device='cuda:0') [dB] MSE Validation : tensor(-40.7214, device='cuda:0') [dB]
Optimal idx: 2 Optimal : tensor(-41.8824, device='cuda:0') [dB]
[epoch 112] loss_d0=0.000096 loss_d1=0.000062 loss_d2=0.000060 loss_d3=0.000081 loss_d4=0.000067 loss_all=0.000073
[epoch 112] cv_d0=0.000101 cv_d1=0.000075 cv_d2=0.000085 cv_d3=0.000075 cv_d4=0.000090 cv_all=0.000085
112 MSE Training : tensor(-41.3602, device='cuda:0') [dB] MSE Validation : tensor(-40.7099, device='cuda:0') [dB]
Optimal idx: 2 Optimal : tensor(-41.8824, device='cuda:0') [dB]
[epoch 113] loss_d0=0.000095 loss_d1=0.000070 loss_d2=0.000069 loss_d3=0.000075 loss_d4=0.000094 loss_all=0.000081
[epoch 113] cv_d0=0.000101 cv_d1=0.000075 cv_d2=0.000085 cv_d3=0.000075 cv_d4=0.000090 cv_all=0.000085
113 MSE Training : tensor(-40.9285, device='cuda:0') [dB] MSE Validation : tensor(-40.7012, device='cuda:0') [dB]
Optimal idx: 2 Optimal : tensor(-41.8824, device='cuda:0') [dB]
[epoch 114] loss_d0=0.000084 loss_d1=0.000066 loss_d2=0.000081 loss_d3=0.000083 loss_d4=0.000088 loss_all=0.000080
[epoch 114] cv_d0=0.000101 cv_d1=0.000075 cv_d2=0.000085 cv_d3=0.000075 cv_d4=0.000090 cv_all=0.000085
114 MSE Training : tensor(-40.9535, device='cuda:0') [dB] MSE Validation : tensor(-40.6936, device='cuda:0') [dB]
Optimal idx: 2 Optimal : tensor(-41.8824, device='cuda:0') [dB]
[epoch 115] loss_d0=0.000127 loss_d1=0.000083 loss_d2=0.000083 loss_d3=0.000065 loss_d4=0.000074 loss_all=0.000087
[epoch 115] cv_d0=0.000101 cv_d1=0.000075 cv_d2=0.000085 cv_d3=0.000075 cv_d4=0.000090 cv_all=0.000085
115 MSE Training : tensor(-40.6267, device='cuda:0') [dB] MSE Validation : tensor(-40.6888, device='cuda:0') [dB]
Optimal idx: 2 Optimal : tensor(-41.8824, device='cuda:0') [dB]
[epoch 116] loss_d0=0.000114 loss_d1=0.000065 loss_d2=0.000095 loss_d3=0.000077 loss_d4=0.000081 loss_all=0.000086
[epoch 116] cv_d0=0.000101 cv_d1=0.000076 cv_d2=0.000085 cv_d3=0.000075 cv_d4=0.000090 cv_all=0.000085
116 MSE Training : tensor(-40.6403, device='cuda:0') [dB] MSE Validation : tensor(-40.6824, device='cuda:0') [dB]
Optimal idx: 2 Optimal : tensor(-41.8824, device='cuda:0') [dB]
[epoch 117] loss_d0=0.000100 loss_d1=0.000096 loss_d2=0.000080 loss_d3=0.000095 loss_d4=0.000083 loss_all=0.000091
[epoch 117] cv_d0=0.000101 cv_d1=0.000076 cv_d2=0.000085 cv_d3=0.000076 cv_d4=0.000090 cv_all=0.000086
117 MSE Training : tensor(-40.4184, device='cuda:0') [dB] MSE Validation : tensor(-40.6730, device='cuda:0') [dB]
Optimal idx: 2 Optimal : tensor(-41.8824, device='cuda:0') [dB]
[epoch 118] loss_d0=0.000107 loss_d1=0.000057 loss_d2=0.000083 loss_d3=0.000087 loss_d4=0.000092 loss_all=0.000085
[epoch 118] cv_d0=0.000101 cv_d1=0.000076 cv_d2=0.000086 cv_d3=0.000076 cv_d4=0.000090 cv_all=0.000086
118 MSE Training : tensor(-40.6921, device='cuda:0') [dB] MSE Validation : tensor(-40.6674, device='cuda:0') [dB]
Optimal idx: 2 Optimal : tensor(-41.8824, device='cuda:0') [dB]
[epoch 119] loss_d0=0.000092 loss_d1=0.000061 loss_d2=0.000096 loss_d3=0.000077 loss_d4=0.000083 loss_all=0.000082
[epoch 119] cv_d0=0.000101 cv_d1=0.000076 cv_d2=0.000086 cv_d3=0.000077 cv_d4=0.000090 cv_all=0.000086
119 MSE Training : tensor(-40.8786, device='cuda:0') [dB] MSE Validation : tensor(-40.6586, device='cuda:0') [dB]
Optimal idx: 2 Optimal : tensor(-41.8824, device='cuda:0') [dB]
[epoch 120] loss_d0=0.000089 loss_d1=0.000066 loss_d2=0.000088 loss_d3=0.000079 loss_d4=0.000065 loss_all=0.000077
[epoch 120] cv_d0=0.000102 cv_d1=0.000077 cv_d2=0.000086 cv_d3=0.000077 cv_d4=0.000090 cv_all=0.000086
120 MSE Training : tensor(-41.1157, device='cuda:0') [dB] MSE Validation : tensor(-40.6473, device='cuda:0') [dB]
Optimal idx: 2 Optimal : tensor(-41.8824, device='cuda:0') [dB]
[epoch 121] loss_d0=0.000107 loss_d1=0.000067 loss_d2=0.000083 loss_d3=0.000069 loss_d4=0.000075 loss_all=0.000080
[epoch 121] cv_d0=0.000102 cv_d1=0.000077 cv_d2=0.000086 cv_d3=0.000077 cv_d4=0.000090 cv_all=0.000086
121 MSE Training : tensor(-40.9653, device='cuda:0') [dB] MSE Validation : tensor(-40.6362, device='cuda:0') [dB]
Optimal idx: 2 Optimal : tensor(-41.8824, device='cuda:0') [dB]
[epoch 122] loss_d0=0.000115 loss_d1=0.000067 loss_d2=0.000066 loss_d3=0.000066 loss_d4=0.000078 loss_all=0.000078
[epoch 122] cv_d0=0.000103 cv_d1=0.000077 cv_d2=0.000086 cv_d3=0.000077 cv_d4=0.000090 cv_all=0.000087
122 MSE Training : tensor(-41.0519, device='cuda:0') [dB] MSE Validation : tensor(-40.6240, device='cuda:0') [dB]
Optimal idx: 2 Optimal : tensor(-41.8824, device='cuda:0') [dB]
[epoch 123] loss_d0=0.000083 loss_d1=0.000086 loss_d2=0.000086 loss_d3=0.000073 loss_d4=0.000077 loss_all=0.000081
[epoch 123] cv_d0=0.000103 cv_d1=0.000077 cv_d2=0.000086 cv_d3=0.000077 cv_d4=0.000090 cv_all=0.000087
123 MSE Training : tensor(-40.9085, device='cuda:0') [dB] MSE Validation : tensor(-40.6142, device='cuda:0') [dB]
Optimal idx: 2 Optimal : tensor(-41.8824, device='cuda:0') [dB]
[epoch 124] loss_d0=0.000076 loss_d1=0.000060 loss_d2=0.000085 loss_d3=0.000081 loss_d4=0.000071 loss_all=0.000075
[epoch 124] cv_d0=0.000104 cv_d1=0.000078 cv_d2=0.000087 cv_d3=0.000077 cv_d4=0.000090 cv_all=0.000087
124 MSE Training : tensor(-41.2777, device='cuda:0') [dB] MSE Validation : tensor(-40.6030, device='cuda:0') [dB]
Optimal idx: 2 Optimal : tensor(-41.8824, device='cuda:0') [dB]
[epoch 125] loss_d0=0.000093 loss_d1=0.000061 loss_d2=0.000092 loss_d3=0.000066 loss_d4=0.000091 loss_all=0.000080
[epoch 125] cv_d0=0.000104 cv_d1=0.000078 cv_d2=0.000087 cv_d3=0.000077 cv_d4=0.000090 cv_all=0.000087
125 MSE Training : tensor(-40.9456, device='cuda:0') [dB] MSE Validation : tensor(-40.5908, device='cuda:0') [dB]
Optimal idx: 2 Optimal : tensor(-41.8824, device='cuda:0') [dB]
[epoch 126] loss_d0=0.000102 loss_d1=0.000088 loss_d2=0.000091 loss_d3=0.000075 loss_d4=0.000104 loss_all=0.000092
[epoch 126] cv_d0=0.000105 cv_d1=0.000078 cv_d2=0.000087 cv_d3=0.000076 cv_d4=0.000091 cv_all=0.000088
126 MSE Training : tensor(-40.3781, device='cuda:0') [dB] MSE Validation : tensor(-40.5794, device='cuda:0') [dB]
Optimal idx: 2 Optimal : tensor(-41.8824, device='cuda:0') [dB]
[epoch 127] loss_d0=0.000097 loss_d1=0.000087 loss_d2=0.000070 loss_d3=0.000090 loss_d4=0.000078 loss_all=0.000084
[epoch 127] cv_d0=0.000106 cv_d1=0.000078 cv_d2=0.000087 cv_d3=0.000076 cv_d4=0.000091 cv_all=0.000088
127 MSE Training : tensor(-40.7389, device='cuda:0') [dB] MSE Validation : tensor(-40.5681, device='cuda:0') [dB]
Optimal idx: 2 Optimal : tensor(-41.8824, device='cuda:0') [dB]
[epoch 128] loss_d0=0.000088 loss_d1=0.000074 loss_d2=0.000086 loss_d3=0.000084 loss_d4=0.000093 loss_all=0.000085
[epoch 128] cv_d0=0.000107 cv_d1=0.000079 cv_d2=0.000088 cv_d3=0.000075 cv_d4=0.000091 cv_all=0.000088
128 MSE Training : tensor(-40.7094, device='cuda:0') [dB] MSE Validation : tensor(-40.5540, device='cuda:0') [dB]
Optimal idx: 2 Optimal : tensor(-41.8824, device='cuda:0') [dB]
[epoch 129] loss_d0=0.000089 loss_d1=0.000065 loss_d2=0.000105 loss_d3=0.000087 loss_d4=0.000078 loss_all=0.000085
[epoch 129] cv_d0=0.000108 cv_d1=0.000079 cv_d2=0.000088 cv_d3=0.000075 cv_d4=0.000091 cv_all=0.000088
129 MSE Training : tensor(-40.7230, device='cuda:0') [dB] MSE Validation : tensor(-40.5441, device='cuda:0') [dB]
Optimal idx: 2 Optimal : tensor(-41.8824, device='cuda:0') [dB]
[epoch 130] loss_d0=0.000105 loss_d1=0.000081 loss_d2=0.000099 loss_d3=0.000082 loss_d4=0.000084 loss_all=0.000090
[epoch 130] cv_d0=0.000108 cv_d1=0.000079 cv_d2=0.000088 cv_d3=0.000075 cv_d4=0.000091 cv_all=0.000088
130 MSE Training : tensor(-40.4577, device='cuda:0') [dB] MSE Validation : tensor(-40.5388, device='cuda:0') [dB]
Optimal idx: 2 Optimal : tensor(-41.8824, device='cuda:0') [dB]
[epoch 131] loss_d0=0.000091 loss_d1=0.000096 loss_d2=0.000114 loss_d3=0.000086 loss_d4=0.000091 loss_all=0.000096
[epoch 131] cv_d0=0.000108 cv_d1=0.000079 cv_d2=0.000088 cv_d3=0.000076 cv_d4=0.000091 cv_all=0.000088
131 MSE Training : tensor(-40.1895, device='cuda:0') [dB] MSE Validation : tensor(-40.5363, device='cuda:0') [dB]
Optimal idx: 2 Optimal : tensor(-41.8824, device='cuda:0') [dB]
[epoch 132] loss_d0=0.000113 loss_d1=0.000065 loss_d2=0.000069 loss_d3=0.000062 loss_d4=0.000080 loss_all=0.000078
[epoch 132] cv_d0=0.000108 cv_d1=0.000079 cv_d2=0.000088 cv_d3=0.000076 cv_d4=0.000092 cv_all=0.000088
132 MSE Training : tensor(-41.0868, device='cuda:0') [dB] MSE Validation : tensor(-40.5337, device='cuda:0') [dB]
Optimal idx: 2 Optimal : tensor(-41.8824, device='cuda:0') [dB]
[epoch 133] loss_d0=0.000112 loss_d1=0.000076 loss_d2=0.000061 loss_d3=0.000073 loss_d4=0.000095 loss_all=0.000083
[epoch 133] cv_d0=0.000107 cv_d1=0.000079 cv_d2=0.000088 cv_d3=0.000076 cv_d4=0.000092 cv_all=0.000088
133 MSE Training : tensor(-40.7931, device='cuda:0') [dB] MSE Validation : tensor(-40.5342, device='cuda:0') [dB]
Optimal idx: 2 Optimal : tensor(-41.8824, device='cuda:0') [dB]
[epoch 134] loss_d0=0.000114 loss_d1=0.000077 loss_d2=0.000089 loss_d3=0.000073 loss_d4=0.000079 loss_all=0.000086
[epoch 134] cv_d0=0.000107 cv_d1=0.000079 cv_d2=0.000088 cv_d3=0.000077 cv_d4=0.000093 cv_all=0.000088
134 MSE Training : tensor(-40.6334, device='cuda:0') [dB] MSE Validation : tensor(-40.5313, device='cuda:0') [dB]
Optimal idx: 2 Optimal : tensor(-41.8824, device='cuda:0') [dB]
[epoch 135] loss_d0=0.000124 loss_d1=0.000054 loss_d2=0.000062 loss_d3=0.000089 loss_d4=0.000092 loss_all=0.000084
[epoch 135] cv_d0=0.000106 cv_d1=0.000079 cv_d2=0.000088 cv_d3=0.000078 cv_d4=0.000093 cv_all=0.000089
135 MSE Training : tensor(-40.7385, device='cuda:0') [dB] MSE Validation : tensor(-40.5261, device='cuda:0') [dB]
Optimal idx: 2 Optimal : tensor(-41.8824, device='cuda:0') [dB]
[epoch 136] loss_d0=0.000084 loss_d1=0.000077 loss_d2=0.000086 loss_d3=0.000093 loss_d4=0.000101 loss_all=0.000088
[epoch 136] cv_d0=0.000106 cv_d1=0.000079 cv_d2=0.000088 cv_d3=0.000078 cv_d4=0.000094 cv_all=0.000089
136 MSE Training : tensor(-40.5429, device='cuda:0') [dB] MSE Validation : tensor(-40.5150, device='cuda:0') [dB]
Optimal idx: 2 Optimal : tensor(-41.8824, device='cuda:0') [dB]
[epoch 137] loss_d0=0.000109 loss_d1=0.000121 loss_d2=0.000099 loss_d3=0.000105 loss_d4=0.000098 loss_all=0.000106
[epoch 137] cv_d0=0.000106 cv_d1=0.000079 cv_d2=0.000088 cv_d3=0.000079 cv_d4=0.000094 cv_all=0.000089
137 MSE Training : tensor(-39.7348, device='cuda:0') [dB] MSE Validation : tensor(-40.5028, device='cuda:0') [dB]
Optimal idx: 2 Optimal : tensor(-41.8824, device='cuda:0') [dB]
[epoch 138] loss_d0=0.000083 loss_d1=0.000069 loss_d2=0.000088 loss_d3=0.000086 loss_d4=0.000075 loss_all=0.000080
[epoch 138] cv_d0=0.000106 cv_d1=0.000079 cv_d2=0.000088 cv_d3=0.000080 cv_d4=0.000095 cv_all=0.000089
138 MSE Training : tensor(-40.9509, device='cuda:0') [dB] MSE Validation : tensor(-40.4855, device='cuda:0') [dB]
Optimal idx: 2 Optimal : tensor(-41.8824, device='cuda:0') [dB]
[epoch 139] loss_d0=0.000078 loss_d1=0.000082 loss_d2=0.000079 loss_d3=0.000086 loss_d4=0.000075 loss_all=0.000080
[epoch 139] cv_d0=0.000106 cv_d1=0.000079 cv_d2=0.000088 cv_d3=0.000080 cv_d4=0.000096 cv_all=0.000090
139 MSE Training : tensor(-40.9682, device='cuda:0') [dB] MSE Validation : tensor(-40.4685, device='cuda:0') [dB]
Optimal idx: 2 Optimal : tensor(-41.8824, device='cuda:0') [dB]
[epoch 140] loss_d0=0.000092 loss_d1=0.000082 loss_d2=0.000084 loss_d3=0.000090 loss_d4=0.000094 loss_all=0.000088
[epoch 140] cv_d0=0.000106 cv_d1=0.000079 cv_d2=0.000088 cv_d3=0.000080 cv_d4=0.000096 cv_all=0.000090
140 MSE Training : tensor(-40.5370, device='cuda:0') [dB] MSE Validation : tensor(-40.4577, device='cuda:0') [dB]
Optimal idx: 2 Optimal : tensor(-41.8824, device='cuda:0') [dB]
[epoch 141] loss_d0=0.000104 loss_d1=0.000091 loss_d2=0.000098 loss_d3=0.000080 loss_d4=0.000098 loss_all=0.000094
[epoch 141] cv_d0=0.000107 cv_d1=0.000079 cv_d2=0.000088 cv_d3=0.000080 cv_d4=0.000097 cv_all=0.000090
141 MSE Training : tensor(-40.2597, device='cuda:0') [dB] MSE Validation : tensor(-40.4486, device='cuda:0') [dB]
Optimal idx: 2 Optimal : tensor(-41.8824, device='cuda:0') [dB]
[epoch 142] loss_d0=0.000076 loss_d1=0.000075 loss_d2=0.000096 loss_d3=0.000099 loss_d4=0.000079 loss_all=0.000085
[epoch 142] cv_d0=0.000107 cv_d1=0.000079 cv_d2=0.000088 cv_d3=0.000080 cv_d4=0.000097 cv_all=0.000090
142 MSE Training : tensor(-40.7070, device='cuda:0') [dB] MSE Validation : tensor(-40.4452, device='cuda:0') [dB]
Optimal idx: 2 Optimal : tensor(-41.8824, device='cuda:0') [dB]
[epoch 143] loss_d0=0.000107 loss_d1=0.000090 loss_d2=0.000087 loss_d3=0.000084 loss_d4=0.000105 loss_all=0.000094
[epoch 143] cv_d0=0.000108 cv_d1=0.000079 cv_d2=0.000088 cv_d3=0.000080 cv_d4=0.000096 cv_all=0.000090
143 MSE Training : tensor(-40.2472, device='cuda:0') [dB] MSE Validation : tensor(-40.4455, device='cuda:0') [dB]
Optimal idx: 2 Optimal : tensor(-41.8824, device='cuda:0') [dB]
[epoch 144] loss_d0=0.000097 loss_d1=0.000091 loss_d2=0.000092 loss_d3=0.000092 loss_d4=0.000092 loss_all=0.000093
[epoch 144] cv_d0=0.000108 cv_d1=0.000079 cv_d2=0.000088 cv_d3=0.000080 cv_d4=0.000096 cv_all=0.000090
144 MSE Training : tensor(-40.3215, device='cuda:0') [dB] MSE Validation : tensor(-40.4445, device='cuda:0') [dB]
Optimal idx: 2 Optimal : tensor(-41.8824, device='cuda:0') [dB]
[epoch 145] loss_d0=0.000094 loss_d1=0.000079 loss_d2=0.000079 loss_d3=0.000077 loss_d4=0.000083 loss_all=0.000083
[epoch 145] cv_d0=0.000109 cv_d1=0.000079 cv_d2=0.000088 cv_d3=0.000079 cv_d4=0.000096 cv_all=0.000090
145 MSE Training : tensor(-40.8335, device='cuda:0') [dB] MSE Validation : tensor(-40.4409, device='cuda:0') [dB]
Optimal idx: 2 Optimal : tensor(-41.8824, device='cuda:0') [dB]
[epoch 146] loss_d0=0.000112 loss_d1=0.000087 loss_d2=0.000081 loss_d3=0.000077 loss_d4=0.000123 loss_all=0.000096
[epoch 146] cv_d0=0.000109 cv_d1=0.000079 cv_d2=0.000088 cv_d3=0.000079 cv_d4=0.000096 cv_all=0.000090
146 MSE Training : tensor(-40.1779, device='cuda:0') [dB] MSE Validation : tensor(-40.4381, device='cuda:0') [dB]
Optimal idx: 2 Optimal : tensor(-41.8824, device='cuda:0') [dB]
[epoch 147] loss_d0=0.000093 loss_d1=0.000069 loss_d2=0.000108 loss_d3=0.000080 loss_d4=0.000099 loss_all=0.000090
[epoch 147] cv_d0=0.000110 cv_d1=0.000079 cv_d2=0.000088 cv_d3=0.000079 cv_d4=0.000096 cv_all=0.000090
147 MSE Training : tensor(-40.4706, device='cuda:0') [dB] MSE Validation : tensor(-40.4338, device='cuda:0') [dB]
Optimal idx: 2 Optimal : tensor(-41.8824, device='cuda:0') [dB]
[epoch 148] loss_d0=0.000115 loss_d1=0.000082 loss_d2=0.000096 loss_d3=0.000079 loss_d4=0.000069 loss_all=0.000088
[epoch 148] cv_d0=0.000110 cv_d1=0.000080 cv_d2=0.000089 cv_d3=0.000079 cv_d4=0.000096 cv_all=0.000091
148 MSE Training : tensor(-40.5465, device='cuda:0') [dB] MSE Validation : tensor(-40.4294, device='cuda:0') [dB]
Optimal idx: 2 Optimal : tensor(-41.8824, device='cuda:0') [dB]
[epoch 149] loss_d0=0.000119 loss_d1=0.000079 loss_d2=0.000101 loss_d3=0.000077 loss_d4=0.000098 loss_all=0.000095
[epoch 149] cv_d0=0.000110 cv_d1=0.000080 cv_d2=0.000089 cv_d3=0.000079 cv_d4=0.000096 cv_all=0.000091
149 MSE Training : tensor(-40.2341, device='cuda:0') [dB] MSE Validation : tensor(-40.4264, device='cuda:0') [dB]
Optimal idx: 2 Optimal : tensor(-41.8824, device='cuda:0') [dB]
[epoch 150] loss_d0=0.000084 loss_d1=0.000078 loss_d2=0.000083 loss_d3=0.000061 loss_d4=0.000088 loss_all=0.000079
[epoch 150] cv_d0=0.000110 cv_d1=0.000080 cv_d2=0.000089 cv_d3=0.000079 cv_d4=0.000096 cv_all=0.000091
150 MSE Training : tensor(-41.0399, device='cuda:0') [dB] MSE Validation : tensor(-40.4217, device='cuda:0') [dB]
Optimal idx: 2 Optimal : tensor(-41.8824, device='cuda:0') [dB]
[epoch 151] loss_d0=0.000115 loss_d1=0.000078 loss_d2=0.000080 loss_d3=0.000069 loss_d4=0.000082 loss_all=0.000085
[epoch 151] cv_d0=0.000110 cv_d1=0.000080 cv_d2=0.000089 cv_d3=0.000079 cv_d4=0.000096 cv_all=0.000091
151 MSE Training : tensor(-40.7132, device='cuda:0') [dB] MSE Validation : tensor(-40.4157, device='cuda:0') [dB]
Optimal idx: 2 Optimal : tensor(-41.8824, device='cuda:0') [dB]
[epoch 152] loss_d0=0.000088 loss_d1=0.000070 loss_d2=0.000073 loss_d3=0.000063 loss_d4=0.000087 loss_all=0.000076
[epoch 152] cv_d0=0.000111 cv_d1=0.000081 cv_d2=0.000089 cv_d3=0.000079 cv_d4=0.000096 cv_all=0.000091
152 MSE Training : tensor(-41.1803, device='cuda:0') [dB] MSE Validation : tensor(-40.4071, device='cuda:0') [dB]
Optimal idx: 2 Optimal : tensor(-41.8824, device='cuda:0') [dB]
[epoch 153] loss_d0=0.000102 loss_d1=0.000113 loss_d2=0.000093 loss_d3=0.000088 loss_d4=0.000100 loss_all=0.000100
[epoch 153] cv_d0=0.000111 cv_d1=0.000081 cv_d2=0.000089 cv_d3=0.000079 cv_d4=0.000095 cv_all=0.000091
153 MSE Training : tensor(-40.0210, device='cuda:0') [dB] MSE Validation : tensor(-40.4003, device='cuda:0') [dB]
Optimal idx: 2 Optimal : tensor(-41.8824, device='cuda:0') [dB]
[epoch 154] loss_d0=0.000124 loss_d1=0.000068 loss_d2=0.000089 loss_d3=0.000082 loss_d4=0.000072 loss_all=0.000087
[epoch 154] cv_d0=0.000112 cv_d1=0.000081 cv_d2=0.000090 cv_d3=0.000079 cv_d4=0.000095 cv_all=0.000091
154 MSE Training : tensor(-40.6079, device='cuda:0') [dB] MSE Validation : tensor(-40.3920, device='cuda:0') [dB]
Optimal idx: 2 Optimal : tensor(-41.8824, device='cuda:0') [dB]
[epoch 155] loss_d0=0.000117 loss_d1=0.000067 loss_d2=0.000097 loss_d3=0.000067 loss_d4=0.000111 loss_all=0.000092
[epoch 155] cv_d0=0.000112 cv_d1=0.000081 cv_d2=0.000090 cv_d3=0.000079 cv_d4=0.000095 cv_all=0.000092
155 MSE Training : tensor(-40.3565, device='cuda:0') [dB] MSE Validation : tensor(-40.3852, device='cuda:0') [dB]
Optimal idx: 2 Optimal : tensor(-41.8824, device='cuda:0') [dB]
[epoch 156] loss_d0=0.000086 loss_d1=0.000062 loss_d2=0.000089 loss_d3=0.000110 loss_d4=0.000105 loss_all=0.000091
[epoch 156] cv_d0=0.000112 cv_d1=0.000082 cv_d2=0.000090 cv_d3=0.000079 cv_d4=0.000095 cv_all=0.000092
156 MSE Training : tensor(-40.4327, device='cuda:0') [dB] MSE Validation : tensor(-40.3790, device='cuda:0') [dB]
Optimal idx: 2 Optimal : tensor(-41.8824, device='cuda:0') [dB]
[epoch 157] loss_d0=0.000090 loss_d1=0.000075 loss_d2=0.000075 loss_d3=0.000072 loss_d4=0.000090 loss_all=0.000080
[epoch 157] cv_d0=0.000113 cv_d1=0.000082 cv_d2=0.000090 cv_d3=0.000079 cv_d4=0.000095 cv_all=0.000092
157 MSE Training : tensor(-40.9496, device='cuda:0') [dB] MSE Validation : tensor(-40.3705, device='cuda:0') [dB]
Optimal idx: 2 Optimal : tensor(-41.8824, device='cuda:0') [dB]
[epoch 158] loss_d0=0.000110 loss_d1=0.000059 loss_d2=0.000073 loss_d3=0.000078 loss_d4=0.000088 loss_all=0.000082
[epoch 158] cv_d0=0.000113 cv_d1=0.000082 cv_d2=0.000091 cv_d3=0.000079 cv_d4=0.000095 cv_all=0.000092
158 MSE Training : tensor(-40.8761, device='cuda:0') [dB] MSE Validation : tensor(-40.3599, device='cuda:0') [dB]
Optimal idx: 2 Optimal : tensor(-41.8824, device='cuda:0') [dB]
[epoch 159] loss_d0=0.000132 loss_d1=0.000070 loss_d2=0.000090 loss_d3=0.000091 loss_d4=0.000092 loss_all=0.000095
[epoch 159] cv_d0=0.000113 cv_d1=0.000082 cv_d2=0.000091 cv_d3=0.000079 cv_d4=0.000095 cv_all=0.000092
159 MSE Training : tensor(-40.2266, device='cuda:0') [dB] MSE Validation : tensor(-40.3526, device='cuda:0') [dB]
Optimal idx: 2 Optimal : tensor(-41.8824, device='cuda:0') [dB]
[epoch 160] loss_d0=0.000123 loss_d1=0.000074 loss_d2=0.000093 loss_d3=0.000081 loss_d4=0.000095 loss_all=0.000093
[epoch 160] cv_d0=0.000114 cv_d1=0.000083 cv_d2=0.000091 cv_d3=0.000079 cv_d4=0.000095 cv_all=0.000092
160 MSE Training : tensor(-40.3109, device='cuda:0') [dB] MSE Validation : tensor(-40.3480, device='cuda:0') [dB]
Optimal idx: 2 Optimal : tensor(-41.8824, device='cuda:0') [dB]
[epoch 161] loss_d0=0.000102 loss_d1=0.000065 loss_d2=0.000089 loss_d3=0.000079 loss_d4=0.000099 loss_all=0.000087
[epoch 161] cv_d0=0.000114 cv_d1=0.000083 cv_d2=0.000091 cv_d3=0.000079 cv_d4=0.000095 cv_all=0.000092
161 MSE Training : tensor(-40.6205, device='cuda:0') [dB] MSE Validation : tensor(-40.3446, device='cuda:0') [dB]
Optimal idx: 2 Optimal : tensor(-41.8824, device='cuda:0') [dB]
[epoch 162] loss_d0=0.000097 loss_d1=0.000065 loss_d2=0.000098 loss_d3=0.000084 loss_d4=0.000115 loss_all=0.000092
[epoch 162] cv_d0=0.000114 cv_d1=0.000083 cv_d2=0.000091 cv_d3=0.000079 cv_d4=0.000095 cv_all=0.000092
162 MSE Training : tensor(-40.3703, device='cuda:0') [dB] MSE Validation : tensor(-40.3439, device='cuda:0') [dB]
Optimal idx: 2 Optimal : tensor(-41.8824, device='cuda:0') [dB]
[epoch 163] loss_d0=0.000113 loss_d1=0.000083 loss_d2=0.000096 loss_d3=0.000074 loss_d4=0.000089 loss_all=0.000091
[epoch 163] cv_d0=0.000114 cv_d1=0.000083 cv_d2=0.000091 cv_d3=0.000079 cv_d4=0.000095 cv_all=0.000092
163 MSE Training : tensor(-40.4175, device='cuda:0') [dB] MSE Validation : tensor(-40.3427, device='cuda:0') [dB]
Optimal idx: 2 Optimal : tensor(-41.8824, device='cuda:0') [dB]
[epoch 164] loss_d0=0.000101 loss_d1=0.000090 loss_d2=0.000105 loss_d3=0.000071 loss_d4=0.000076 loss_all=0.000089
[epoch 164] cv_d0=0.000114 cv_d1=0.000083 cv_d2=0.000091 cv_d3=0.000079 cv_d4=0.000095 cv_all=0.000092
164 MSE Training : tensor(-40.5253, device='cuda:0') [dB] MSE Validation : tensor(-40.3415, device='cuda:0') [dB]
Optimal idx: 2 Optimal : tensor(-41.8824, device='cuda:0') [dB]
[epoch 165] loss_d0=0.000106 loss_d1=0.000069 loss_d2=0.000082 loss_d3=0.000084 loss_d4=0.000095 loss_all=0.000087
[epoch 165] cv_d0=0.000114 cv_d1=0.000083 cv_d2=0.000091 cv_d3=0.000079 cv_d4=0.000096 cv_all=0.000093
165 MSE Training : tensor(-40.5885, device='cuda:0') [dB] MSE Validation : tensor(-40.3378, device='cuda:0') [dB]
Optimal idx: 2 Optimal : tensor(-41.8824, device='cuda:0') [dB]
[epoch 166] loss_d0=0.000143 loss_d1=0.000088 loss_d2=0.000091 loss_d3=0.000078 loss_d4=0.000072 loss_all=0.000094
[epoch 166] cv_d0=0.000114 cv_d1=0.000083 cv_d2=0.000091 cv_d3=0.000079 cv_d4=0.000096 cv_all=0.000093
166 MSE Training : tensor(-40.2481, device='cuda:0') [dB] MSE Validation : tensor(-40.3331, device='cuda:0') [dB]
Optimal idx: 2 Optimal : tensor(-41.8824, device='cuda:0') [dB]
[epoch 167] loss_d0=0.000096 loss_d1=0.000069 loss_d2=0.000089 loss_d3=0.000106 loss_d4=0.000081 loss_all=0.000088
[epoch 167] cv_d0=0.000114 cv_d1=0.000083 cv_d2=0.000091 cv_d3=0.000079 cv_d4=0.000097 cv_all=0.000093
167 MSE Training : tensor(-40.5444, device='cuda:0') [dB] MSE Validation : tensor(-40.3251, device='cuda:0') [dB]
Optimal idx: 2 Optimal : tensor(-41.8824, device='cuda:0') [dB]
[epoch 168] loss_d0=0.000100 loss_d1=0.000076 loss_d2=0.000085 loss_d3=0.000079 loss_d4=0.000090 loss_all=0.000086
[epoch 168] cv_d0=0.000114 cv_d1=0.000083 cv_d2=0.000091 cv_d3=0.000080 cv_d4=0.000097 cv_all=0.000093
168 MSE Training : tensor(-40.6582, device='cuda:0') [dB] MSE Validation : tensor(-40.3167, device='cuda:0') [dB]
Optimal idx: 2 Optimal : tensor(-41.8824, device='cuda:0') [dB]
[epoch 169] loss_d0=0.000087 loss_d1=0.000103 loss_d2=0.000106 loss_d3=0.000072 loss_d4=0.000100 loss_all=0.000094
[epoch 169] cv_d0=0.000115 cv_d1=0.000083 cv_d2=0.000091 cv_d3=0.000080 cv_d4=0.000098 cv_all=0.000093
169 MSE Training : tensor(-40.2900, device='cuda:0') [dB] MSE Validation : tensor(-40.3075, device='cuda:0') [dB]
Optimal idx: 2 Optimal : tensor(-41.8824, device='cuda:0') [dB]
[epoch 170] loss_d0=0.000112 loss_d1=0.000072 loss_d2=0.000078 loss_d3=0.000085 loss_d4=0.000098 loss_all=0.000089
[epoch 170] cv_d0=0.000115 cv_d1=0.000083 cv_d2=0.000091 cv_d3=0.000080 cv_d4=0.000098 cv_all=0.000093
170 MSE Training : tensor(-40.4969, device='cuda:0') [dB] MSE Validation : tensor(-40.2987, device='cuda:0') [dB]
Optimal idx: 2 Optimal : tensor(-41.8824, device='cuda:0') [dB]
[epoch 171] loss_d0=0.000079 loss_d1=0.000084 loss_d2=0.000104 loss_d3=0.000077 loss_d4=0.000109 loss_all=0.000091
[epoch 171] cv_d0=0.000115 cv_d1=0.000084 cv_d2=0.000091 cv_d3=0.000080 cv_d4=0.000098 cv_all=0.000094
171 MSE Training : tensor(-40.4267, device='cuda:0') [dB] MSE Validation : tensor(-40.2895, device='cuda:0') [dB]
Optimal idx: 2 Optimal : tensor(-41.8824, device='cuda:0') [dB]
[epoch 172] loss_d0=0.000143 loss_d1=0.000072 loss_d2=0.000087 loss_d3=0.000084 loss_d4=0.000101 loss_all=0.000097
[epoch 172] cv_d0=0.000116 cv_d1=0.000084 cv_d2=0.000091 cv_d3=0.000080 cv_d4=0.000098 cv_all=0.000094
172 MSE Training : tensor(-40.1100, device='cuda:0') [dB] MSE Validation : tensor(-40.2821, device='cuda:0') [dB]
Optimal idx: 2 Optimal : tensor(-41.8824, device='cuda:0') [dB]
[epoch 173] loss_d0=0.000104 loss_d1=0.000060 loss_d2=0.000094 loss_d3=0.000072 loss_d4=0.000090 loss_all=0.000084
[epoch 173] cv_d0=0.000116 cv_d1=0.000084 cv_d2=0.000091 cv_d3=0.000080 cv_d4=0.000098 cv_all=0.000094
173 MSE Training : tensor(-40.7511, device='cuda:0') [dB] MSE Validation : tensor(-40.2740, device='cuda:0') [dB]
Optimal idx: 2 Optimal : tensor(-41.8824, device='cuda:0') [dB]
[epoch 174] loss_d0=0.000129 loss_d1=0.000071 loss_d2=0.000088 loss_d3=0.000102 loss_d4=0.000092 loss_all=0.000096
[epoch 174] cv_d0=0.000116 cv_d1=0.000084 cv_d2=0.000091 cv_d3=0.000080 cv_d4=0.000098 cv_all=0.000094
174 MSE Training : tensor(-40.1601, device='cuda:0') [dB] MSE Validation : tensor(-40.2672, device='cuda:0') [dB]
Optimal idx: 2 Optimal : tensor(-41.8824, device='cuda:0') [dB]
[epoch 175] loss_d0=0.000094 loss_d1=0.000100 loss_d2=0.000102 loss_d3=0.000088 loss_d4=0.000095 loss_all=0.000096
[epoch 175] cv_d0=0.000117 cv_d1=0.000084 cv_d2=0.000092 cv_d3=0.000080 cv_d4=0.000098 cv_all=0.000094
175 MSE Training : tensor(-40.1926, device='cuda:0') [dB] MSE Validation : tensor(-40.2635, device='cuda:0') [dB]
Optimal idx: 2 Optimal : tensor(-41.8824, device='cuda:0') [dB]
[epoch 176] loss_d0=0.000139 loss_d1=0.000079 loss_d2=0.000094 loss_d3=0.000088 loss_d4=0.000105 loss_all=0.000101
[epoch 176] cv_d0=0.000117 cv_d1=0.000084 cv_d2=0.000092 cv_d3=0.000080 cv_d4=0.000098 cv_all=0.000094
176 MSE Training : tensor(-39.9562, device='cuda:0') [dB] MSE Validation : tensor(-40.2575, device='cuda:0') [dB]
Optimal idx: 2 Optimal : tensor(-41.8824, device='cuda:0') [dB]
[epoch 177] loss_d0=0.000105 loss_d1=0.000118 loss_d2=0.000109 loss_d3=0.000081 loss_d4=0.000102 loss_all=0.000103
[epoch 177] cv_d0=0.000117 cv_d1=0.000085 cv_d2=0.000092 cv_d3=0.000080 cv_d4=0.000098 cv_all=0.000094
177 MSE Training : tensor(-39.8667, device='cuda:0') [dB] MSE Validation : tensor(-40.2532, device='cuda:0') [dB]
Optimal idx: 2 Optimal : tensor(-41.8824, device='cuda:0') [dB]
[epoch 178] loss_d0=0.000100 loss_d1=0.000089 loss_d2=0.000115 loss_d3=0.000075 loss_d4=0.000086 loss_all=0.000093
[epoch 178] cv_d0=0.000117 cv_d1=0.000085 cv_d2=0.000092 cv_d3=0.000080 cv_d4=0.000098 cv_all=0.000094
178 MSE Training : tensor(-40.3123, device='cuda:0') [dB] MSE Validation : tensor(-40.2477, device='cuda:0') [dB]
Optimal idx: 2 Optimal : tensor(-41.8824, device='cuda:0') [dB]
[epoch 179] loss_d0=0.000095 loss_d1=0.000077 loss_d2=0.000095 loss_d3=0.000088 loss_d4=0.000091 loss_all=0.000089
[epoch 179] cv_d0=0.000117 cv_d1=0.000085 cv_d2=0.000092 cv_d3=0.000080 cv_d4=0.000099 cv_all=0.000095
179 MSE Training : tensor(-40.4983, device='cuda:0') [dB] MSE Validation : tensor(-40.2411, device='cuda:0') [dB]
Optimal idx: 2 Optimal : tensor(-41.8824, device='cuda:0') [dB]
[epoch 180] loss_d0=0.000110 loss_d1=0.000097 loss_d2=0.000081 loss_d3=0.000091 loss_d4=0.000110 loss_all=0.000098
[epoch 180] cv_d0=0.000117 cv_d1=0.000085 cv_d2=0.000092 cv_d3=0.000080 cv_d4=0.000099 cv_all=0.000095
180 MSE Training : tensor(-40.1016, device='cuda:0') [dB] MSE Validation : tensor(-40.2356, device='cuda:0') [dB]
Optimal idx: 2 Optimal : tensor(-41.8824, device='cuda:0') [dB]
[epoch 181] loss_d0=0.000103 loss_d1=0.000094 loss_d2=0.000114 loss_d3=0.000080 loss_d4=0.000098 loss_all=0.000098
[epoch 181] cv_d0=0.000117 cv_d1=0.000085 cv_d2=0.000092 cv_d3=0.000081 cv_d4=0.000099 cv_all=0.000095
181 MSE Training : tensor(-40.1043, device='cuda:0') [dB] MSE Validation : tensor(-40.2314, device='cuda:0') [dB]
Optimal idx: 2 Optimal : tensor(-41.8824, device='cuda:0') [dB]
[epoch 182] loss_d0=0.000117 loss_d1=0.000089 loss_d2=0.000130 loss_d3=0.000079 loss_d4=0.000077 loss_all=0.000098
[epoch 182] cv_d0=0.000117 cv_d1=0.000085 cv_d2=0.000092 cv_d3=0.000081 cv_d4=0.000099 cv_all=0.000095
182 MSE Training : tensor(-40.0703, device='cuda:0') [dB] MSE Validation : tensor(-40.2253, device='cuda:0') [dB]
Optimal idx: 2 Optimal : tensor(-41.8824, device='cuda:0') [dB]
[epoch 183] loss_d0=0.000087 loss_d1=0.000094 loss_d2=0.000101 loss_d3=0.000103 loss_d4=0.000098 loss_all=0.000096
[epoch 183] cv_d0=0.000117 cv_d1=0.000085 cv_d2=0.000092 cv_d3=0.000081 cv_d4=0.000099 cv_all=0.000095
183 MSE Training : tensor(-40.1571, device='cuda:0') [dB] MSE Validation : tensor(-40.2191, device='cuda:0') [dB]
Optimal idx: 2 Optimal : tensor(-41.8824, device='cuda:0') [dB]
[epoch 184] loss_d0=0.000120 loss_d1=0.000109 loss_d2=0.000093 loss_d3=0.000081 loss_d4=0.000097 loss_all=0.000100
[epoch 184] cv_d0=0.000118 cv_d1=0.000085 cv_d2=0.000092 cv_d3=0.000082 cv_d4=0.000099 cv_all=0.000095
184 MSE Training : tensor(-39.9971, device='cuda:0') [dB] MSE Validation : tensor(-40.2108, device='cuda:0') [dB]
Optimal idx: 2 Optimal : tensor(-41.8824, device='cuda:0') [dB]
[epoch 185] loss_d0=0.000110 loss_d1=0.000102 loss_d2=0.000089 loss_d3=0.000090 loss_d4=0.000124 loss_all=0.000103
[epoch 185] cv_d0=0.000118 cv_d1=0.000085 cv_d2=0.000092 cv_d3=0.000082 cv_d4=0.000100 cv_all=0.000095
185 MSE Training : tensor(-39.8713, device='cuda:0') [dB] MSE Validation : tensor(-40.2036, device='cuda:0') [dB]
Optimal idx: 2 Optimal : tensor(-41.8824, device='cuda:0') [dB]
[epoch 186] loss_d0=0.000081 loss_d1=0.000083 loss_d2=0.000083 loss_d3=0.000071 loss_d4=0.000072 loss_all=0.000078
[epoch 186] cv_d0=0.000118 cv_d1=0.000085 cv_d2=0.000092 cv_d3=0.000082 cv_d4=0.000100 cv_all=0.000096
186 MSE Training : tensor(-41.0883, device='cuda:0') [dB] MSE Validation : tensor(-40.1944, device='cuda:0') [dB]
Optimal idx: 2 Optimal : tensor(-41.8824, device='cuda:0') [dB]
[epoch 187] loss_d0=0.000098 loss_d1=0.000098 loss_d2=0.000086 loss_d3=0.000081 loss_d4=0.000085 loss_all=0.000090
[epoch 187] cv_d0=0.000119 cv_d1=0.000085 cv_d2=0.000092 cv_d3=0.000082 cv_d4=0.000100 cv_all=0.000096
187 MSE Training : tensor(-40.4660, device='cuda:0') [dB] MSE Validation : tensor(-40.1851, device='cuda:0') [dB]
Optimal idx: 2 Optimal : tensor(-41.8824, device='cuda:0') [dB]
[epoch 188] loss_d0=0.000133 loss_d1=0.000089 loss_d2=0.000099 loss_d3=0.000077 loss_d4=0.000090 loss_all=0.000098
[epoch 188] cv_d0=0.000120 cv_d1=0.000085 cv_d2=0.000092 cv_d3=0.000082 cv_d4=0.000101 cv_all=0.000096
188 MSE Training : tensor(-40.1031, device='cuda:0') [dB] MSE Validation : tensor(-40.1747, device='cuda:0') [dB]
Optimal idx: 2 Optimal : tensor(-41.8824, device='cuda:0') [dB]
[epoch 189] loss_d0=0.000119 loss_d1=0.000086 loss_d2=0.000097 loss_d3=0.000085 loss_d4=0.000110 loss_all=0.000099
[epoch 189] cv_d0=0.000120 cv_d1=0.000085 cv_d2=0.000092 cv_d3=0.000082 cv_d4=0.000101 cv_all=0.000096
189 MSE Training : tensor(-40.0300, device='cuda:0') [dB] MSE Validation : tensor(-40.1704, device='cuda:0') [dB]
Optimal idx: 2 Optimal : tensor(-41.8824, device='cuda:0') [dB]
[epoch 190] loss_d0=0.000108 loss_d1=0.000085 loss_d2=0.000086 loss_d3=0.000094 loss_d4=0.000095 loss_all=0.000094
[epoch 190] cv_d0=0.000121 cv_d1=0.000085 cv_d2=0.000092 cv_d3=0.000082 cv_d4=0.000101 cv_all=0.000096
190 MSE Training : tensor(-40.2836, device='cuda:0') [dB] MSE Validation : tensor(-40.1635, device='cuda:0') [dB]
Optimal idx: 2 Optimal : tensor(-41.8824, device='cuda:0') [dB]
[epoch 191] loss_d0=0.000117 loss_d1=0.000097 loss_d2=0.000086 loss_d3=0.000076 loss_d4=0.000093 loss_all=0.000094
[epoch 191] cv_d0=0.000122 cv_d1=0.000086 cv_d2=0.000093 cv_d3=0.000081 cv_d4=0.000101 cv_all=0.000096
191 MSE Training : tensor(-40.2735, device='cuda:0') [dB] MSE Validation : tensor(-40.1585, device='cuda:0') [dB]
Optimal idx: 2 Optimal : tensor(-41.8824, device='cuda:0') [dB]
[epoch 192] loss_d0=0.000100 loss_d1=0.000094 loss_d2=0.000102 loss_d3=0.000089 loss_d4=0.000100 loss_all=0.000097
[epoch 192] cv_d0=0.000122 cv_d1=0.000086 cv_d2=0.000093 cv_d3=0.000081 cv_d4=0.000100 cv_all=0.000096
192 MSE Training : tensor(-40.1297, device='cuda:0') [dB] MSE Validation : tensor(-40.1577, device='cuda:0') [dB]
Optimal idx: 2 Optimal : tensor(-41.8824, device='cuda:0') [dB]
[epoch 193] loss_d0=0.000116 loss_d1=0.000112 loss_d2=0.000122 loss_d3=0.000101 loss_d4=0.000117 loss_all=0.000114
[epoch 193] cv_d0=0.000122 cv_d1=0.000086 cv_d2=0.000093 cv_d3=0.000081 cv_d4=0.000100 cv_all=0.000096
193 MSE Training : tensor(-39.4388, device='cuda:0') [dB] MSE Validation : tensor(-40.1629, device='cuda:0') [dB]
Optimal idx: 2 Optimal : tensor(-41.8824, device='cuda:0') [dB]
[epoch 194] loss_d0=0.000123 loss_d1=0.000070 loss_d2=0.000089 loss_d3=0.000076 loss_d4=0.000096 loss_all=0.000091
[epoch 194] cv_d0=0.000122 cv_d1=0.000086 cv_d2=0.000093 cv_d3=0.000081 cv_d4=0.000100 cv_all=0.000096
194 MSE Training : tensor(-40.4240, device='cuda:0') [dB] MSE Validation : tensor(-40.1610, device='cuda:0') [dB]
Optimal idx: 2 Optimal : tensor(-41.8824, device='cuda:0') [dB]
[epoch 195] loss_d0=0.000121 loss_d1=0.000092 loss_d2=0.000082 loss_d3=0.000088 loss_d4=0.000083 loss_all=0.000093
[epoch 195] cv_d0=0.000122 cv_d1=0.000087 cv_d2=0.000094 cv_d3=0.000081 cv_d4=0.000100 cv_all=0.000097
195 MSE Training : tensor(-40.3119, device='cuda:0') [dB] MSE Validation : tensor(-40.1533, device='cuda:0') [dB]
Optimal idx: 2 Optimal : tensor(-41.8824, device='cuda:0') [dB]
[epoch 196] loss_d0=0.000115 loss_d1=0.000091 loss_d2=0.000105 loss_d3=0.000085 loss_d4=0.000114 loss_all=0.000102
[epoch 196] cv_d0=0.000122 cv_d1=0.000087 cv_d2=0.000095 cv_d3=0.000081 cv_d4=0.000099 cv_all=0.000097
196 MSE Training : tensor(-39.9133, device='cuda:0') [dB] MSE Validation : tensor(-40.1412, device='cuda:0') [dB]
Optimal idx: 2 Optimal : tensor(-41.8824, device='cuda:0') [dB]
[epoch 197] loss_d0=0.000106 loss_d1=0.000092 loss_d2=0.000090 loss_d3=0.000094 loss_d4=0.000096 loss_all=0.000096
[epoch 197] cv_d0=0.000122 cv_d1=0.000087 cv_d2=0.000095 cv_d3=0.000081 cv_d4=0.000099 cv_all=0.000097
197 MSE Training : tensor(-40.1940, device='cuda:0') [dB] MSE Validation : tensor(-40.1329, device='cuda:0') [dB]
Optimal idx: 2 Optimal : tensor(-41.8824, device='cuda:0') [dB]
[epoch 198] loss_d0=0.000097 loss_d1=0.000080 loss_d2=0.000095 loss_d3=0.000073 loss_d4=0.000086 loss_all=0.000086
[epoch 198] cv_d0=0.000123 cv_d1=0.000088 cv_d2=0.000095 cv_d3=0.000081 cv_d4=0.000099 cv_all=0.000097
198 MSE Training : tensor(-40.6550, device='cuda:0') [dB] MSE Validation : tensor(-40.1234, device='cuda:0') [dB]
Optimal idx: 2 Optimal : tensor(-41.8824, device='cuda:0') [dB]
[epoch 199] loss_d0=0.000125 loss_d1=0.000074 loss_d2=0.000090 loss_d3=0.000109 loss_d4=0.000096 loss_all=0.000099
[epoch 199] cv_d0=0.000123 cv_d1=0.000088 cv_d2=0.000096 cv_d3=0.000081 cv_d4=0.000099 cv_all=0.000097
199 MSE Training : tensor(-40.0406, device='cuda:0') [dB] MSE Validation : tensor(-40.1147, device='cuda:0') [dB]
Optimal idx: 2 Optimal : tensor(-41.8824, device='cuda:0') [dB]
[epoch 200] loss_d0=0.000098 loss_d1=0.000089 loss_d2=0.000097 loss_d3=0.000094 loss_d4=0.000109 loss_all=0.000098
[epoch 200] cv_d0=0.000123 cv_d1=0.000088 cv_d2=0.000096 cv_d3=0.000081 cv_d4=0.000099 cv_all=0.000098
200 MSE Training : tensor(-40.1093, device='cuda:0') [dB] MSE Validation : tensor(-40.1099, device='cuda:0') [dB]
Optimal idx: 2 Optimal : tensor(-41.8824, device='cuda:0') [dB]
[epoch 201] loss_d0=0.000121 loss_d1=0.000100 loss_d2=0.000102 loss_d3=0.000098 loss_d4=0.000102 loss_all=0.000105
[epoch 201] cv_d0=0.000123 cv_d1=0.000089 cv_d2=0.000096 cv_d3=0.000081 cv_d4=0.000099 cv_all=0.000098
201 MSE Training : tensor(-39.8029, device='cuda:0') [dB] MSE Validation : tensor(-40.1045, device='cuda:0') [dB]
Optimal idx: 2 Optimal : tensor(-41.8824, device='cuda:0') [dB]
[epoch 202] loss_d0=0.000119 loss_d1=0.000093 loss_d2=0.000098 loss_d3=0.000079 loss_d4=0.000101 loss_all=0.000098
[epoch 202] cv_d0=0.000123 cv_d1=0.000088 cv_d2=0.000096 cv_d3=0.000081 cv_d4=0.000099 cv_all=0.000098
202 MSE Training : tensor(-40.0839, device='cuda:0') [dB] MSE Validation : tensor(-40.1064, device='cuda:0') [dB]
Optimal idx: 2 Optimal : tensor(-41.8824, device='cuda:0') [dB]
[epoch 203] loss_d0=0.000099 loss_d1=0.000075 loss_d2=0.000088 loss_d3=0.000073 loss_d4=0.000122 loss_all=0.000092
[epoch 203] cv_d0=0.000123 cv_d1=0.000088 cv_d2=0.000096 cv_d3=0.000081 cv_d4=0.000099 cv_all=0.000097
203 MSE Training : tensor(-40.3830, device='cuda:0') [dB] MSE Validation : tensor(-40.1131, device='cuda:0') [dB]
Optimal idx: 2 Optimal : tensor(-41.8824, device='cuda:0') [dB]
[epoch 204] loss_d0=0.000159 loss_d1=0.000079 loss_d2=0.000085 loss_d3=0.000081 loss_d4=0.000108 loss_all=0.000103
[epoch 204] cv_d0=0.000122 cv_d1=0.000088 cv_d2=0.000095 cv_d3=0.000081 cv_d4=0.000100 cv_all=0.000097
204 MSE Training : tensor(-39.8901, device='cuda:0') [dB] MSE Validation : tensor(-40.1205, device='cuda:0') [dB]
Optimal idx: 2 Optimal : tensor(-41.8824, device='cuda:0') [dB]
[epoch 205] loss_d0=0.000107 loss_d1=0.000082 loss_d2=0.000087 loss_d3=0.000084 loss_d4=0.000091 loss_all=0.000090
[epoch 205] cv_d0=0.000122 cv_d1=0.000088 cv_d2=0.000095 cv_d3=0.000082 cv_d4=0.000100 cv_all=0.000097
205 MSE Training : tensor(-40.4532, device='cuda:0') [dB] MSE Validation : tensor(-40.1250, device='cuda:0') [dB]
Optimal idx: 2 Optimal : tensor(-41.8824, device='cuda:0') [dB]
[epoch 206] loss_d0=0.000158 loss_d1=0.000093 loss_d2=0.000083 loss_d3=0.000083 loss_d4=0.000095 loss_all=0.000103
[epoch 206] cv_d0=0.000121 cv_d1=0.000088 cv_d2=0.000095 cv_d3=0.000082 cv_d4=0.000100 cv_all=0.000097
206 MSE Training : tensor(-39.8914, device='cuda:0') [dB] MSE Validation : tensor(-40.1290, device='cuda:0') [dB]
Optimal idx: 2 Optimal : tensor(-41.8824, device='cuda:0') [dB]
[epoch 207] loss_d0=0.000119 loss_d1=0.000101 loss_d2=0.000105 loss_d3=0.000093 loss_d4=0.000096 loss_all=0.000103
[epoch 207] cv_d0=0.000121 cv_d1=0.000087 cv_d2=0.000094 cv_d3=0.000083 cv_d4=0.000101 cv_all=0.000097
207 MSE Training : tensor(-39.8875, device='cuda:0') [dB] MSE Validation : tensor(-40.1273, device='cuda:0') [dB]
Optimal idx: 2 Optimal : tensor(-41.8824, device='cuda:0') [dB]
[epoch 208] loss_d0=0.000118 loss_d1=0.000072 loss_d2=0.000106 loss_d3=0.000080 loss_d4=0.000100 loss_all=0.000095
[epoch 208] cv_d0=0.000120 cv_d1=0.000087 cv_d2=0.000094 cv_d3=0.000084 cv_d4=0.000102 cv_all=0.000097
208 MSE Training : tensor(-40.2220, device='cuda:0') [dB] MSE Validation : tensor(-40.1177, device='cuda:0') [dB]
Optimal idx: 2 Optimal : tensor(-41.8824, device='cuda:0') [dB]
[epoch 209] loss_d0=0.000111 loss_d1=0.000069 loss_d2=0.000075 loss_d3=0.000065 loss_d4=0.000093 loss_all=0.000082
[epoch 209] cv_d0=0.000121 cv_d1=0.000087 cv_d2=0.000094 cv_d3=0.000084 cv_d4=0.000103 cv_all=0.000098
209 MSE Training : tensor(-40.8388, device='cuda:0') [dB] MSE Validation : tensor(-40.0999, device='cuda:0') [dB]
Optimal idx: 2 Optimal : tensor(-41.8824, device='cuda:0') [dB]
[epoch 210] loss_d0=0.000094 loss_d1=0.000101 loss_d2=0.000092 loss_d3=0.000116 loss_d4=0.000119 loss_all=0.000104
[epoch 210] cv_d0=0.000121 cv_d1=0.000087 cv_d2=0.000094 cv_d3=0.000085 cv_d4=0.000103 cv_all=0.000098
210 MSE Training : tensor(-39.8154, device='cuda:0') [dB] MSE Validation : tensor(-40.0825, device='cuda:0') [dB]
Optimal idx: 2 Optimal : tensor(-41.8824, device='cuda:0') [dB]
[epoch 211] loss_d0=0.000102 loss_d1=0.000079 loss_d2=0.000079 loss_d3=0.000100 loss_d4=0.000103 loss_all=0.000093
[epoch 211] cv_d0=0.000122 cv_d1=0.000087 cv_d2=0.000094 cv_d3=0.000085 cv_d4=0.000104 cv_all=0.000099
211 MSE Training : tensor(-40.3308, device='cuda:0') [dB] MSE Validation : tensor(-40.0650, device='cuda:0') [dB]
Optimal idx: 2 Optimal : tensor(-41.8824, device='cuda:0') [dB]
[epoch 212] loss_d0=0.000108 loss_d1=0.000076 loss_d2=0.000088 loss_d3=0.000072 loss_d4=0.000077 loss_all=0.000084
[epoch 212] cv_d0=0.000122 cv_d1=0.000088 cv_d2=0.000094 cv_d3=0.000086 cv_d4=0.000105 cv_all=0.000099
212 MSE Training : tensor(-40.7491, device='cuda:0') [dB] MSE Validation : tensor(-40.0475, device='cuda:0') [dB]
Optimal idx: 2 Optimal : tensor(-41.8824, device='cuda:0') [dB]
[epoch 213] loss_d0=0.000111 loss_d1=0.000111 loss_d2=0.000113 loss_d3=0.000077 loss_d4=0.000114 loss_all=0.000105
[epoch 213] cv_d0=0.000123 cv_d1=0.000088 cv_d2=0.000094 cv_d3=0.000086 cv_d4=0.000105 cv_all=0.000099
213 MSE Training : tensor(-39.7793, device='cuda:0') [dB] MSE Validation : tensor(-40.0378, device='cuda:0') [dB]
Optimal idx: 2 Optimal : tensor(-41.8824, device='cuda:0') [dB]
[epoch 214] loss_d0=0.000115 loss_d1=0.000071 loss_d2=0.000087 loss_d3=0.000099 loss_d4=0.000093 loss_all=0.000093
[epoch 214] cv_d0=0.000123 cv_d1=0.000088 cv_d2=0.000094 cv_d3=0.000086 cv_d4=0.000105 cv_all=0.000099
214 MSE Training : tensor(-40.3227, device='cuda:0') [dB] MSE Validation : tensor(-40.0314, device='cuda:0') [dB]
Optimal idx: 2 Optimal : tensor(-41.8824, device='cuda:0') [dB]
[epoch 215] loss_d0=0.000111 loss_d1=0.000091 loss_d2=0.000111 loss_d3=0.000086 loss_d4=0.000099 loss_all=0.000100
[epoch 215] cv_d0=0.000123 cv_d1=0.000088 cv_d2=0.000094 cv_d3=0.000086 cv_d4=0.000105 cv_all=0.000099
215 MSE Training : tensor(-40.0211, device='cuda:0') [dB] MSE Validation : tensor(-40.0337, device='cuda:0') [dB]
Optimal idx: 2 Optimal : tensor(-41.8824, device='cuda:0') [dB]
[epoch 216] loss_d0=0.000122 loss_d1=0.000075 loss_d2=0.000094 loss_d3=0.000091 loss_d4=0.000098 loss_all=0.000096
[epoch 216] cv_d0=0.000124 cv_d1=0.000088 cv_d2=0.000095 cv_d3=0.000085 cv_d4=0.000104 cv_all=0.000099
216 MSE Training : tensor(-40.1879, device='cuda:0') [dB] MSE Validation : tensor(-40.0367, device='cuda:0') [dB]
Optimal idx: 2 Optimal : tensor(-41.8824, device='cuda:0') [dB]
[epoch 217] loss_d0=0.000097 loss_d1=0.000103 loss_d2=0.000100 loss_d3=0.000107 loss_d4=0.000112 loss_all=0.000104
[epoch 217] cv_d0=0.000124 cv_d1=0.000088 cv_d2=0.000095 cv_d3=0.000085 cv_d4=0.000104 cv_all=0.000099
217 MSE Training : tensor(-39.8360, device='cuda:0') [dB] MSE Validation : tensor(-40.0424, device='cuda:0') [dB]
Optimal idx: 2 Optimal : tensor(-41.8824, device='cuda:0') [dB]
[epoch 218] loss_d0=0.000118 loss_d1=0.000095 loss_d2=0.000093 loss_d3=0.000081 loss_d4=0.000086 loss_all=0.000095
[epoch 218] cv_d0=0.000124 cv_d1=0.000088 cv_d2=0.000095 cv_d3=0.000084 cv_d4=0.000103 cv_all=0.000099
218 MSE Training : tensor(-40.2376, device='cuda:0') [dB] MSE Validation : tensor(-40.0452, device='cuda:0') [dB]
Optimal idx: 2 Optimal : tensor(-41.8824, device='cuda:0') [dB]
[epoch 219] loss_d0=0.000122 loss_d1=0.000085 loss_d2=0.000093 loss_d3=0.000102 loss_d4=0.000085 loss_all=0.000097
[epoch 219] cv_d0=0.000124 cv_d1=0.000089 cv_d2=0.000095 cv_d3=0.000084 cv_d4=0.000103 cv_all=0.000099
219 MSE Training : tensor(-40.1184, device='cuda:0') [dB] MSE Validation : tensor(-40.0506, device='cuda:0') [dB]
Optimal idx: 2 Optimal : tensor(-41.8824, device='cuda:0') [dB]
[epoch 220] loss_d0=0.000132 loss_d1=0.000093 loss_d2=0.000105 loss_d3=0.000075 loss_d4=0.000091 loss_all=0.000099
[epoch 220] cv_d0=0.000124 cv_d1=0.000089 cv_d2=0.000095 cv_d3=0.000083 cv_d4=0.000102 cv_all=0.000099
220 MSE Training : tensor(-40.0401, device='cuda:0') [dB] MSE Validation : tensor(-40.0572, device='cuda:0') [dB]
Optimal idx: 2 Optimal : tensor(-41.8824, device='cuda:0') [dB]
[epoch 221] loss_d0=0.000105 loss_d1=0.000087 loss_d2=0.000088 loss_d3=0.000096 loss_d4=0.000077 loss_all=0.000090
[epoch 221] cv_d0=0.000124 cv_d1=0.000089 cv_d2=0.000096 cv_d3=0.000083 cv_d4=0.000102 cv_all=0.000099
221 MSE Training : tensor(-40.4362, device='cuda:0') [dB] MSE Validation : tensor(-40.0615, device='cuda:0') [dB]
Optimal idx: 2 Optimal : tensor(-41.8824, device='cuda:0') [dB]
[epoch 222] loss_d0=0.000102 loss_d1=0.000074 loss_d2=0.000112 loss_d3=0.000102 loss_d4=0.000109 loss_all=0.000100
[epoch 222] cv_d0=0.000124 cv_d1=0.000089 cv_d2=0.000096 cv_d3=0.000082 cv_d4=0.000102 cv_all=0.000099
222 MSE Training : tensor(-40.0056, device='cuda:0') [dB] MSE Validation : tensor(-40.0624, device='cuda:0') [dB]
Optimal idx: 2 Optimal : tensor(-41.8824, device='cuda:0') [dB]
[epoch 223] loss_d0=0.000116 loss_d1=0.000088 loss_d2=0.000081 loss_d3=0.000083 loss_d4=0.000099 loss_all=0.000094
[epoch 223] cv_d0=0.000124 cv_d1=0.000089 cv_d2=0.000096 cv_d3=0.000082 cv_d4=0.000102 cv_all=0.000099
223 MSE Training : tensor(-40.2890, device='cuda:0') [dB] MSE Validation : tensor(-40.0598, device='cuda:0') [dB]
Optimal idx: 2 Optimal : tensor(-41.8824, device='cuda:0') [dB]
[epoch 224] loss_d0=0.000101 loss_d1=0.000091 loss_d2=0.000099 loss_d3=0.000085 loss_d4=0.000107 loss_all=0.000097
[epoch 224] cv_d0=0.000124 cv_d1=0.000089 cv_d2=0.000096 cv_d3=0.000082 cv_d4=0.000102 cv_all=0.000099
224 MSE Training : tensor(-40.1418, device='cuda:0') [dB] MSE Validation : tensor(-40.0554, device='cuda:0') [dB]
Optimal idx: 2 Optimal : tensor(-41.8824, device='cuda:0') [dB]
[epoch 225] loss_d0=0.000092 loss_d1=0.000100 loss_d2=0.000081 loss_d3=0.000103 loss_d4=0.000121 loss_all=0.000099
[epoch 225] cv_d0=0.000124 cv_d1=0.000089 cv_d2=0.000096 cv_d3=0.000082 cv_d4=0.000102 cv_all=0.000099
225 MSE Training : tensor(-40.0239, device='cuda:0') [dB] MSE Validation : tensor(-40.0501, device='cuda:0') [dB]
Optimal idx: 2 Optimal : tensor(-41.8824, device='cuda:0') [dB]
[epoch 226] loss_d0=0.000123 loss_d1=0.000099 loss_d2=0.000090 loss_d3=0.000082 loss_d4=0.000087 loss_all=0.000096
[epoch 226] cv_d0=0.000124 cv_d1=0.000090 cv_d2=0.000096 cv_d3=0.000082 cv_d4=0.000102 cv_all=0.000099
226 MSE Training : tensor(-40.1637, device='cuda:0') [dB] MSE Validation : tensor(-40.0448, device='cuda:0') [dB]
Optimal idx: 2 Optimal : tensor(-41.8824, device='cuda:0') [dB]
[epoch 227] loss_d0=0.000087 loss_d1=0.000091 loss_d2=0.000109 loss_d3=0.000070 loss_d4=0.000095 loss_all=0.000090
[epoch 227] cv_d0=0.000125 cv_d1=0.000090 cv_d2=0.000096 cv_d3=0.000082 cv_d4=0.000102 cv_all=0.000099
227 MSE Training : tensor(-40.4385, device='cuda:0') [dB] MSE Validation : tensor(-40.0403, device='cuda:0') [dB]
Optimal idx: 2 Optimal : tensor(-41.8824, device='cuda:0') [dB]
[epoch 228] loss_d0=0.000085 loss_d1=0.000076 loss_d2=0.000089 loss_d3=0.000087 loss_d4=0.000098 loss_all=0.000087
[epoch 228] cv_d0=0.000125 cv_d1=0.000090 cv_d2=0.000097 cv_d3=0.000083 cv_d4=0.000103 cv_all=0.000099
228 MSE Training : tensor(-40.5956, device='cuda:0') [dB] MSE Validation : tensor(-40.0349, device='cuda:0') [dB]
Optimal idx: 2 Optimal : tensor(-41.8824, device='cuda:0') [dB]
[epoch 229] loss_d0=0.000137 loss_d1=0.000107 loss_d2=0.000112 loss_d3=0.000087 loss_d4=0.000087 loss_all=0.000106
[epoch 229] cv_d0=0.000125 cv_d1=0.000089 cv_d2=0.000096 cv_d3=0.000083 cv_d4=0.000103 cv_all=0.000099
229 MSE Training : tensor(-39.7448, device='cuda:0') [dB] MSE Validation : tensor(-40.0312, device='cuda:0') [dB]
Optimal idx: 2 Optimal : tensor(-41.8824, device='cuda:0') [dB]
[epoch 230] loss_d0=0.000130 loss_d1=0.000089 loss_d2=0.000093 loss_d3=0.000077 loss_d4=0.000092 loss_all=0.000096
[epoch 230] cv_d0=0.000125 cv_d1=0.000089 cv_d2=0.000096 cv_d3=0.000083 cv_d4=0.000104 cv_all=0.000099
230 MSE Training : tensor(-40.1617, device='cuda:0') [dB] MSE Validation : tensor(-40.0259, device='cuda:0') [dB]
Optimal idx: 2 Optimal : tensor(-41.8824, device='cuda:0') [dB]
[epoch 231] loss_d0=0.000116 loss_d1=0.000109 loss_d2=0.000103 loss_d3=0.000101 loss_d4=0.000107 loss_all=0.000107
[epoch 231] cv_d0=0.000126 cv_d1=0.000089 cv_d2=0.000096 cv_d3=0.000083 cv_d4=0.000104 cv_all=0.000100
231 MSE Training : tensor(-39.7047, device='cuda:0') [dB] MSE Validation : tensor(-40.0186, device='cuda:0') [dB]
Optimal idx: 2 Optimal : tensor(-41.8824, device='cuda:0') [dB]
[epoch 232] loss_d0=0.000121 loss_d1=0.000079 loss_d2=0.000091 loss_d3=0.000072 loss_d4=0.000108 loss_all=0.000094
[epoch 232] cv_d0=0.000126 cv_d1=0.000089 cv_d2=0.000096 cv_d3=0.000083 cv_d4=0.000104 cv_all=0.000100
232 MSE Training : tensor(-40.2595, device='cuda:0') [dB] MSE Validation : tensor(-40.0073, device='cuda:0') [dB]
Optimal idx: 2 Optimal : tensor(-41.8824, device='cuda:0') [dB]
[epoch 233] loss_d0=0.000126 loss_d1=0.000070 loss_d2=0.000089 loss_d3=0.000070 loss_d4=0.000101 loss_all=0.000091
[epoch 233] cv_d0=0.000127 cv_d1=0.000089 cv_d2=0.000096 cv_d3=0.000083 cv_d4=0.000105 cv_all=0.000100
233 MSE Training : tensor(-40.3992, device='cuda:0') [dB] MSE Validation : tensor(-39.9937, device='cuda:0') [dB]
Optimal idx: 2 Optimal : tensor(-41.8824, device='cuda:0') [dB]
[epoch 234] loss_d0=0.000095 loss_d1=0.000102 loss_d2=0.000107 loss_d3=0.000096 loss_d4=0.000105 loss_all=0.000101
[epoch 234] cv_d0=0.000128 cv_d1=0.000090 cv_d2=0.000096 cv_d3=0.000083 cv_d4=0.000105 cv_all=0.000100
234 MSE Training : tensor(-39.9616, device='cuda:0') [dB] MSE Validation : tensor(-39.9784, device='cuda:0') [dB]
Optimal idx: 2 Optimal : tensor(-41.8824, device='cuda:0') [dB]
[epoch 235] loss_d0=0.000093 loss_d1=0.000107 loss_d2=0.000123 loss_d3=0.000101 loss_d4=0.000084 loss_all=0.000102
[epoch 235] cv_d0=0.000129 cv_d1=0.000090 cv_d2=0.000096 cv_d3=0.000084 cv_d4=0.000106 cv_all=0.000101
235 MSE Training : tensor(-39.9314, device='cuda:0') [dB] MSE Validation : tensor(-39.9615, device='cuda:0') [dB]
Optimal idx: 2 Optimal : tensor(-41.8824, device='cuda:0') [dB]
[epoch 236] loss_d0=0.000113 loss_d1=0.000075 loss_d2=0.000091 loss_d3=0.000104 loss_d4=0.000107 loss_all=0.000098
[epoch 236] cv_d0=0.000130 cv_d1=0.000090 cv_d2=0.000096 cv_d3=0.000084 cv_d4=0.000106 cv_all=0.000101
236 MSE Training : tensor(-40.0846, device='cuda:0') [dB] MSE Validation : tensor(-39.9489, device='cuda:0') [dB]
Optimal idx: 2 Optimal : tensor(-41.8824, device='cuda:0') [dB]
[epoch 237] loss_d0=0.000106 loss_d1=0.000080 loss_d2=0.000079 loss_d3=0.000079 loss_d4=0.000078 loss_all=0.000084
[epoch 237] cv_d0=0.000131 cv_d1=0.000090 cv_d2=0.000096 cv_d3=0.000084 cv_d4=0.000106 cv_all=0.000102
237 MSE Training : tensor(-40.7435, device='cuda:0') [dB] MSE Validation : tensor(-39.9330, device='cuda:0') [dB]
Optimal idx: 2 Optimal : tensor(-41.8824, device='cuda:0') [dB]
[epoch 238] loss_d0=0.000086 loss_d1=0.000083 loss_d2=0.000080 loss_d3=0.000070 loss_d4=0.000131 loss_all=0.000090
[epoch 238] cv_d0=0.000132 cv_d1=0.000090 cv_d2=0.000097 cv_d3=0.000084 cv_d4=0.000107 cv_all=0.000102
238 MSE Training : tensor(-40.4671, device='cuda:0') [dB] MSE Validation : tensor(-39.9160, device='cuda:0') [dB]
Optimal idx: 2 Optimal : tensor(-41.8824, device='cuda:0') [dB]
[epoch 239] loss_d0=0.000103 loss_d1=0.000136 loss_d2=0.000087 loss_d3=0.000073 loss_d4=0.000099 loss_all=0.000100
[epoch 239] cv_d0=0.000132 cv_d1=0.000091 cv_d2=0.000097 cv_d3=0.000084 cv_d4=0.000107 cv_all=0.000102
239 MSE Training : tensor(-40.0187, device='cuda:0') [dB] MSE Validation : tensor(-39.9067, device='cuda:0') [dB]
Optimal idx: 2 Optimal : tensor(-41.8824, device='cuda:0') [dB]
[epoch 240] loss_d0=0.000107 loss_d1=0.000086 loss_d2=0.000103 loss_d3=0.000086 loss_d4=0.000122 loss_all=0.000101
[epoch 240] cv_d0=0.000132 cv_d1=0.000091 cv_d2=0.000097 cv_d3=0.000085 cv_d4=0.000107 cv_all=0.000102
240 MSE Training : tensor(-39.9697, device='cuda:0') [dB] MSE Validation : tensor(-39.9080, device='cuda:0') [dB]
Optimal idx: 2 Optimal : tensor(-41.8824, device='cuda:0') [dB]
[epoch 241] loss_d0=0.000106 loss_d1=0.000077 loss_d2=0.000095 loss_d3=0.000114 loss_d4=0.000145 loss_all=0.000107
[epoch 241] cv_d0=0.000131 cv_d1=0.000091 cv_d2=0.000097 cv_d3=0.000085 cv_d4=0.000106 cv_all=0.000102
241 MSE Training : tensor(-39.6887, device='cuda:0') [dB] MSE Validation : tensor(-39.9208, device='cuda:0') [dB]
Optimal idx: 2 Optimal : tensor(-41.8824, device='cuda:0') [dB]
[epoch 242] loss_d0=0.000077 loss_d1=0.000087 loss_d2=0.000096 loss_d3=0.000075 loss_d4=0.000101 loss_all=0.000087
[epoch 242] cv_d0=0.000131 cv_d1=0.000091 cv_d2=0.000097 cv_d3=0.000085 cv_d4=0.000105 cv_all=0.000102
242 MSE Training : tensor(-40.5933, device='cuda:0') [dB] MSE Validation : tensor(-39.9274, device='cuda:0') [dB]
Optimal idx: 2 Optimal : tensor(-41.8824, device='cuda:0') [dB]
[epoch 243] loss_d0=0.000120 loss_d1=0.000090 loss_d2=0.000098 loss_d3=0.000084 loss_d4=0.000093 loss_all=0.000097
[epoch 243] cv_d0=0.000130 cv_d1=0.000091 cv_d2=0.000097 cv_d3=0.000085 cv_d4=0.000104 cv_all=0.000101
243 MSE Training : tensor(-40.1343, device='cuda:0') [dB] MSE Validation : tensor(-39.9361, device='cuda:0') [dB]
Optimal idx: 2 Optimal : tensor(-41.8824, device='cuda:0') [dB]
[epoch 244] loss_d0=0.000109 loss_d1=0.000083 loss_d2=0.000106 loss_d3=0.000124 loss_d4=0.000077 loss_all=0.000100
[epoch 244] cv_d0=0.000130 cv_d1=0.000091 cv_d2=0.000098 cv_d3=0.000085 cv_d4=0.000104 cv_all=0.000101
244 MSE Training : tensor(-40.0062, device='cuda:0') [dB] MSE Validation : tensor(-39.9430, device='cuda:0') [dB]
Optimal idx: 2 Optimal : tensor(-41.8824, device='cuda:0') [dB]
[epoch 245] loss_d0=0.000098 loss_d1=0.000107 loss_d2=0.000093 loss_d3=0.000090 loss_d4=0.000105 loss_all=0.000099
[epoch 245] cv_d0=0.000130 cv_d1=0.000091 cv_d2=0.000098 cv_d3=0.000084 cv_d4=0.000104 cv_all=0.000101
245 MSE Training : tensor(-40.0558, device='cuda:0') [dB] MSE Validation : tensor(-39.9448, device='cuda:0') [dB]
Optimal idx: 2 Optimal : tensor(-41.8824, device='cuda:0') [dB]
[epoch 246] loss_d0=0.000109 loss_d1=0.000067 loss_d2=0.000077 loss_d3=0.000084 loss_d4=0.000082 loss_all=0.000084
[epoch 246] cv_d0=0.000130 cv_d1=0.000091 cv_d2=0.000098 cv_d3=0.000084 cv_d4=0.000103 cv_all=0.000101
246 MSE Training : tensor(-40.7629, device='cuda:0') [dB] MSE Validation : tensor(-39.9415, device='cuda:0') [dB]
Optimal idx: 2 Optimal : tensor(-41.8824, device='cuda:0') [dB]
[epoch 247] loss_d0=0.000127 loss_d1=0.000102 loss_d2=0.000074 loss_d3=0.000083 loss_d4=0.000110 loss_all=0.000099
[epoch 247] cv_d0=0.000130 cv_d1=0.000091 cv_d2=0.000098 cv_d3=0.000084 cv_d4=0.000103 cv_all=0.000101
247 MSE Training : tensor(-40.0316, device='cuda:0') [dB] MSE Validation : tensor(-39.9386, device='cuda:0') [dB]
Optimal idx: 2 Optimal : tensor(-41.8824, device='cuda:0') [dB]
[epoch 248] loss_d0=0.000080 loss_d1=0.000084 loss_d2=0.000092 loss_d3=0.000088 loss_d4=0.000116 loss_all=0.000092
[epoch 248] cv_d0=0.000130 cv_d1=0.000091 cv_d2=0.000099 cv_d3=0.000084 cv_d4=0.000104 cv_all=0.000102
248 MSE Training : tensor(-40.3645, device='cuda:0') [dB] MSE Validation : tensor(-39.9352, device='cuda:0') [dB]
Optimal idx: 2 Optimal : tensor(-41.8824, device='cuda:0') [dB]
[epoch 249] loss_d0=0.000132 loss_d1=0.000075 loss_d2=0.000108 loss_d3=0.000079 loss_d4=0.000117 loss_all=0.000102
[epoch 249] cv_d0=0.000130 cv_d1=0.000091 cv_d2=0.000099 cv_d3=0.000084 cv_d4=0.000104 cv_all=0.000102
249 MSE Training : tensor(-39.9134, device='cuda:0') [dB] MSE Validation : tensor(-39.9331, device='cuda:0') [dB]
Optimal idx: 2 Optimal : tensor(-41.8824, device='cuda:0') [dB]
[epoch 250] loss_d0=0.000104 loss_d1=0.000083 loss_d2=0.000081 loss_d3=0.000078 loss_d4=0.000084 loss_all=0.000086
[epoch 250] cv_d0=0.000130 cv_d1=0.000091 cv_d2=0.000099 cv_d3=0.000084 cv_d4=0.000104 cv_all=0.000102
250 MSE Training : tensor(-40.6428, device='cuda:0') [dB] MSE Validation : tensor(-39.9301, device='cuda:0') [dB]
Optimal idx: 2 Optimal : tensor(-41.8824, device='cuda:0') [dB]
[epoch 251] loss_d0=0.000145 loss_d1=0.000087 loss_d2=0.000094 loss_d3=0.000106 loss_d4=0.000092 loss_all=0.000105
[epoch 251] cv_d0=0.000130 cv_d1=0.000091 cv_d2=0.000099 cv_d3=0.000084 cv_d4=0.000104 cv_all=0.000102
251 MSE Training : tensor(-39.7848, device='cuda:0') [dB] MSE Validation : tensor(-39.9291, device='cuda:0') [dB]
Optimal idx: 2 Optimal : tensor(-41.8824, device='cuda:0') [dB]
[epoch 252] loss_d0=0.000111 loss_d1=0.000076 loss_d2=0.000110 loss_d3=0.000084 loss_d4=0.000117 loss_all=0.000100
[epoch 252] cv_d0=0.000130 cv_d1=0.000091 cv_d2=0.000099 cv_d3=0.000085 cv_d4=0.000104 cv_all=0.000102
252 MSE Training : tensor(-40.0119, device='cuda:0') [dB] MSE Validation : tensor(-39.9286, device='cuda:0') [dB]
Optimal idx: 2 Optimal : tensor(-41.8824, device='cuda:0') [dB]
[epoch 253] loss_d0=0.000121 loss_d1=0.000086 loss_d2=0.000109 loss_d3=0.000099 loss_d4=0.000091 loss_all=0.000101
[epoch 253] cv_d0=0.000129 cv_d1=0.000091 cv_d2=0.000098 cv_d3=0.000085 cv_d4=0.000105 cv_all=0.000102
253 MSE Training : tensor(-39.9549, device='cuda:0') [dB] MSE Validation : tensor(-39.9285, device='cuda:0') [dB]
Optimal idx: 2 Optimal : tensor(-41.8824, device='cuda:0') [dB]
[epoch 254] loss_d0=0.000160 loss_d1=0.000071 loss_d2=0.000094 loss_d3=0.000086 loss_d4=0.000093 loss_all=0.000101
[epoch 254] cv_d0=0.000129 cv_d1=0.000091 cv_d2=0.000098 cv_d3=0.000085 cv_d4=0.000105 cv_all=0.000102
254 MSE Training : tensor(-39.9655, device='cuda:0') [dB] MSE Validation : tensor(-39.9271, device='cuda:0') [dB]
Optimal idx: 2 Optimal : tensor(-41.8824, device='cuda:0') [dB]
[epoch 255] loss_d0=0.000123 loss_d1=0.000102 loss_d2=0.000094 loss_d3=0.000096 loss_d4=0.000113 loss_all=0.000105
[epoch 255] cv_d0=0.000129 cv_d1=0.000091 cv_d2=0.000098 cv_d3=0.000086 cv_d4=0.000106 cv_all=0.000102
255 MSE Training : tensor(-39.7705, device='cuda:0') [dB] MSE Validation : tensor(-39.9247, device='cuda:0') [dB]
Optimal idx: 2 Optimal : tensor(-41.8824, device='cuda:0') [dB]
[epoch 256] loss_d0=0.000112 loss_d1=0.000091 loss_d2=0.000094 loss_d3=0.000082 loss_d4=0.000139 loss_all=0.000104
[epoch 256] cv_d0=0.000129 cv_d1=0.000091 cv_d2=0.000098 cv_d3=0.000086 cv_d4=0.000106 cv_all=0.000102
256 MSE Training : tensor(-39.8437, device='cuda:0') [dB] MSE Validation : tensor(-39.9217, device='cuda:0') [dB]
Optimal idx: 2 Optimal : tensor(-41.8824, device='cuda:0') [dB]
[epoch 257] loss_d0=0.000110 loss_d1=0.000100 loss_d2=0.000087 loss_d3=0.000093 loss_d4=0.000126 loss_all=0.000103
[epoch 257] cv_d0=0.000129 cv_d1=0.000091 cv_d2=0.000098 cv_d3=0.000086 cv_d4=0.000106 cv_all=0.000102
257 MSE Training : tensor(-39.8690, device='cuda:0') [dB] MSE Validation : tensor(-39.9192, device='cuda:0') [dB]
Optimal idx: 2 Optimal : tensor(-41.8824, device='cuda:0') [dB]
[epoch 258] loss_d0=0.000149 loss_d1=0.000087 loss_d2=0.000097 loss_d3=0.000114 loss_d4=0.000102 loss_all=0.000110
[epoch 258] cv_d0=0.000129 cv_d1=0.000091 cv_d2=0.000098 cv_d3=0.000085 cv_d4=0.000107 cv_all=0.000102
258 MSE Training : tensor(-39.5989, device='cuda:0') [dB] MSE Validation : tensor(-39.9186, device='cuda:0') [dB]
Optimal idx: 2 Optimal : tensor(-41.8824, device='cuda:0') [dB]
[epoch 259] loss_d0=0.000113 loss_d1=0.000098 loss_d2=0.000113 loss_d3=0.000077 loss_d4=0.000077 loss_all=0.000095
[epoch 259] cv_d0=0.000129 cv_d1=0.000091 cv_d2=0.000098 cv_d3=0.000085 cv_d4=0.000107 cv_all=0.000102
259 MSE Training : tensor(-40.2042, device='cuda:0') [dB] MSE Validation : tensor(-39.9161, device='cuda:0') [dB]
Optimal idx: 2 Optimal : tensor(-41.8824, device='cuda:0') [dB]
[epoch 260] loss_d0=0.000104 loss_d1=0.000105 loss_d2=0.000085 loss_d3=0.000089 loss_d4=0.000089 loss_all=0.000095
[epoch 260] cv_d0=0.000129 cv_d1=0.000091 cv_d2=0.000098 cv_d3=0.000085 cv_d4=0.000107 cv_all=0.000102
260 MSE Training : tensor(-40.2451, device='cuda:0') [dB] MSE Validation : tensor(-39.9101, device='cuda:0') [dB]
Optimal idx: 2 Optimal : tensor(-41.8824, device='cuda:0') [dB]
[epoch 261] loss_d0=0.000129 loss_d1=0.000071 loss_d2=0.000093 loss_d3=0.000082 loss_d4=0.000111 loss_all=0.000097
[epoch 261] cv_d0=0.000130 cv_d1=0.000091 cv_d2=0.000098 cv_d3=0.000085 cv_d4=0.000107 cv_all=0.000102
261 MSE Training : tensor(-40.1309, device='cuda:0') [dB] MSE Validation : tensor(-39.9022, device='cuda:0') [dB]
Optimal idx: 2 Optimal : tensor(-41.8824, device='cuda:0') [dB]
[epoch 262] loss_d0=0.000117 loss_d1=0.000086 loss_d2=0.000113 loss_d3=0.000098 loss_d4=0.000086 loss_all=0.000100
[epoch 262] cv_d0=0.000130 cv_d1=0.000092 cv_d2=0.000098 cv_d3=0.000085 cv_d4=0.000108 cv_all=0.000102
262 MSE Training : tensor(-39.9960, device='cuda:0') [dB] MSE Validation : tensor(-39.8941, device='cuda:0') [dB]
Optimal idx: 2 Optimal : tensor(-41.8824, device='cuda:0') [dB]
[epoch 263] loss_d0=0.000109 loss_d1=0.000067 loss_d2=0.000100 loss_d3=0.000096 loss_d4=0.000094 loss_all=0.000093
[epoch 263] cv_d0=0.000131 cv_d1=0.000092 cv_d2=0.000098 cv_d3=0.000085 cv_d4=0.000108 cv_all=0.000103
263 MSE Training : tensor(-40.2995, device='cuda:0') [dB] MSE Validation : tensor(-39.8846, device='cuda:0') [dB]
Optimal idx: 2 Optimal : tensor(-41.8824, device='cuda:0') [dB]
[epoch 264] loss_d0=0.000136 loss_d1=0.000097 loss_d2=0.000107 loss_d3=0.000087 loss_d4=0.000094 loss_all=0.000104
[epoch 264] cv_d0=0.000131 cv_d1=0.000092 cv_d2=0.000098 cv_d3=0.000085 cv_d4=0.000108 cv_all=0.000103
264 MSE Training : tensor(-39.8272, device='cuda:0') [dB] MSE Validation : tensor(-39.8765, device='cuda:0') [dB]
Optimal idx: 2 Optimal : tensor(-41.8824, device='cuda:0') [dB]
[epoch 265] loss_d0=0.000115 loss_d1=0.000101 loss_d2=0.000090 loss_d3=0.000091 loss_d4=0.000089 loss_all=0.000097
[epoch 265] cv_d0=0.000132 cv_d1=0.000092 cv_d2=0.000098 cv_d3=0.000085 cv_d4=0.000108 cv_all=0.000103
265 MSE Training : tensor(-40.1228, device='cuda:0') [dB] MSE Validation : tensor(-39.8681, device='cuda:0') [dB]
Optimal idx: 2 Optimal : tensor(-41.8824, device='cuda:0') [dB]
[epoch 266] loss_d0=0.000113 loss_d1=0.000097 loss_d2=0.000094 loss_d3=0.000097 loss_d4=0.000106 loss_all=0.000101
[epoch 266] cv_d0=0.000132 cv_d1=0.000093 cv_d2=0.000098 cv_d3=0.000085 cv_d4=0.000108 cv_all=0.000103
266 MSE Training : tensor(-39.9388, device='cuda:0') [dB] MSE Validation : tensor(-39.8637, device='cuda:0') [dB]
Optimal idx: 2 Optimal : tensor(-41.8824, device='cuda:0') [dB]
[epoch 267] loss_d0=0.000152 loss_d1=0.000104 loss_d2=0.000138 loss_d3=0.000090 loss_d4=0.000119 loss_all=0.000121
[epoch 267] cv_d0=0.000132 cv_d1=0.000093 cv_d2=0.000098 cv_d3=0.000085 cv_d4=0.000108 cv_all=0.000103
267 MSE Training : tensor(-39.1824, device='cuda:0') [dB] MSE Validation : tensor(-39.8614, device='cuda:0') [dB]
Optimal idx: 2 Optimal : tensor(-41.8824, device='cuda:0') [dB]
[epoch 268] loss_d0=0.000121 loss_d1=0.000108 loss_d2=0.000094 loss_d3=0.000099 loss_d4=0.000129 loss_all=0.000110
[epoch 268] cv_d0=0.000132 cv_d1=0.000093 cv_d2=0.000098 cv_d3=0.000085 cv_d4=0.000108 cv_all=0.000103
268 MSE Training : tensor(-39.5810, device='cuda:0') [dB] MSE Validation : tensor(-39.8602, device='cuda:0') [dB]
Optimal idx: 2 Optimal : tensor(-41.8824, device='cuda:0') [dB]
[epoch 269] loss_d0=0.000147 loss_d1=0.000085 loss_d2=0.000084 loss_d3=0.000094 loss_d4=0.000089 loss_all=0.000100
[epoch 269] cv_d0=0.000132 cv_d1=0.000093 cv_d2=0.000099 cv_d3=0.000085 cv_d4=0.000108 cv_all=0.000103
269 MSE Training : tensor(-40.0040, device='cuda:0') [dB] MSE Validation : tensor(-39.8579, device='cuda:0') [dB]
Optimal idx: 2 Optimal : tensor(-41.8824, device='cuda:0') [dB]
[epoch 270] loss_d0=0.000114 loss_d1=0.000062 loss_d2=0.000090 loss_d3=0.000082 loss_d4=0.000083 loss_all=0.000086
[epoch 270] cv_d0=0.000132 cv_d1=0.000093 cv_d2=0.000099 cv_d3=0.000085 cv_d4=0.000108 cv_all=0.000104
270 MSE Training : tensor(-40.6452, device='cuda:0') [dB] MSE Validation : tensor(-39.8480, device='cuda:0') [dB]
Optimal idx: 2 Optimal : tensor(-41.8824, device='cuda:0') [dB]
[epoch 271] loss_d0=0.000097 loss_d1=0.000082 loss_d2=0.000081 loss_d3=0.000088 loss_d4=0.000114 loss_all=0.000092
[epoch 271] cv_d0=0.000133 cv_d1=0.000094 cv_d2=0.000099 cv_d3=0.000085 cv_d4=0.000108 cv_all=0.000104
271 MSE Training : tensor(-40.3473, device='cuda:0') [dB] MSE Validation : tensor(-39.8392, device='cuda:0') [dB]
Optimal idx: 2 Optimal : tensor(-41.8824, device='cuda:0') [dB]
[epoch 272] loss_d0=0.000134 loss_d1=0.000092 loss_d2=0.000095 loss_d3=0.000105 loss_d4=0.000116 loss_all=0.000108
[epoch 272] cv_d0=0.000133 cv_d1=0.000094 cv_d2=0.000100 cv_d3=0.000085 cv_d4=0.000108 cv_all=0.000104
272 MSE Training : tensor(-39.6502, device='cuda:0') [dB] MSE Validation : tensor(-39.8329, device='cuda:0') [dB]
Optimal idx: 2 Optimal : tensor(-41.8824, device='cuda:0') [dB]
[epoch 273] loss_d0=0.000187 loss_d1=0.000071 loss_d2=0.000084 loss_d3=0.000079 loss_d4=0.000106 loss_all=0.000105
[epoch 273] cv_d0=0.000133 cv_d1=0.000094 cv_d2=0.000100 cv_d3=0.000085 cv_d4=0.000108 cv_all=0.000104
273 MSE Training : tensor(-39.7719, device='cuda:0') [dB] MSE Validation : tensor(-39.8337, device='cuda:0') [dB]
Optimal idx: 2 Optimal : tensor(-41.8824, device='cuda:0') [dB]
[epoch 274] loss_d0=0.000120 loss_d1=0.000078 loss_d2=0.000099 loss_d3=0.000067 loss_d4=0.000091 loss_all=0.000091
[epoch 274] cv_d0=0.000132 cv_d1=0.000094 cv_d2=0.000100 cv_d3=0.000085 cv_d4=0.000108 cv_all=0.000104
274 MSE Training : tensor(-40.3963, device='cuda:0') [dB] MSE Validation : tensor(-39.8365, device='cuda:0') [dB]
Optimal idx: 2 Optimal : tensor(-41.8824, device='cuda:0') [dB]
[epoch 275] loss_d0=0.000138 loss_d1=0.000101 loss_d2=0.000107 loss_d3=0.000093 loss_d4=0.000097 loss_all=0.000107
[epoch 275] cv_d0=0.000132 cv_d1=0.000094 cv_d2=0.000100 cv_d3=0.000085 cv_d4=0.000108 cv_all=0.000104
275 MSE Training : tensor(-39.6961, device='cuda:0') [dB] MSE Validation : tensor(-39.8399, device='cuda:0') [dB]
Optimal idx: 2 Optimal : tensor(-41.8824, device='cuda:0') [dB]
[epoch 276] loss_d0=0.000107 loss_d1=0.000091 loss_d2=0.000082 loss_d3=0.000086 loss_d4=0.000081 loss_all=0.000089
[epoch 276] cv_d0=0.000132 cv_d1=0.000094 cv_d2=0.000100 cv_d3=0.000085 cv_d4=0.000108 cv_all=0.000104
276 MSE Training : tensor(-40.4819, device='cuda:0') [dB] MSE Validation : tensor(-39.8440, device='cuda:0') [dB]
Optimal idx: 2 Optimal : tensor(-41.8824, device='cuda:0') [dB]
[epoch 277] loss_d0=0.000116 loss_d1=0.000077 loss_d2=0.000083 loss_d3=0.000072 loss_d4=0.000086 loss_all=0.000087
[epoch 277] cv_d0=0.000132 cv_d1=0.000094 cv_d2=0.000100 cv_d3=0.000085 cv_d4=0.000108 cv_all=0.000104
277 MSE Training : tensor(-40.6196, device='cuda:0') [dB] MSE Validation : tensor(-39.8445, device='cuda:0') [dB]
Optimal idx: 2 Optimal : tensor(-41.8824, device='cuda:0') [dB]
[epoch 278] loss_d0=0.000086 loss_d1=0.000108 loss_d2=0.000112 loss_d3=0.000094 loss_d4=0.000108 loss_all=0.000102
[epoch 278] cv_d0=0.000132 cv_d1=0.000094 cv_d2=0.000099 cv_d3=0.000085 cv_d4=0.000108 cv_all=0.000104
278 MSE Training : tensor(-39.9303, device='cuda:0') [dB] MSE Validation : tensor(-39.8437, device='cuda:0') [dB]
Optimal idx: 2 Optimal : tensor(-41.8824, device='cuda:0') [dB]
[epoch 279] loss_d0=0.000115 loss_d1=0.000094 loss_d2=0.000080 loss_d3=0.000090 loss_d4=0.000130 loss_all=0.000102
[epoch 279] cv_d0=0.000132 cv_d1=0.000093 cv_d2=0.000099 cv_d3=0.000085 cv_d4=0.000108 cv_all=0.000104
279 MSE Training : tensor(-39.9217, device='cuda:0') [dB] MSE Validation : tensor(-39.8415, device='cuda:0') [dB]
Optimal idx: 2 Optimal : tensor(-41.8824, device='cuda:0') [dB]
[epoch 280] loss_d0=0.000136 loss_d1=0.000108 loss_d2=0.000105 loss_d3=0.000077 loss_d4=0.000106 loss_all=0.000106
[epoch 280] cv_d0=0.000132 cv_d1=0.000093 cv_d2=0.000099 cv_d3=0.000086 cv_d4=0.000109 cv_all=0.000104
280 MSE Training : tensor(-39.7326, device='cuda:0') [dB] MSE Validation : tensor(-39.8402, device='cuda:0') [dB]
Optimal idx: 2 Optimal : tensor(-41.8824, device='cuda:0') [dB]
[epoch 281] loss_d0=0.000155 loss_d1=0.000085 loss_d2=0.000073 loss_d3=0.000084 loss_d4=0.000095 loss_all=0.000098
[epoch 281] cv_d0=0.000132 cv_d1=0.000093 cv_d2=0.000099 cv_d3=0.000086 cv_d4=0.000109 cv_all=0.000104
281 MSE Training : tensor(-40.0751, device='cuda:0') [dB] MSE Validation : tensor(-39.8397, device='cuda:0') [dB]
Optimal idx: 2 Optimal : tensor(-41.8824, device='cuda:0') [dB]
[epoch 282] loss_d0=0.000094 loss_d1=0.000084 loss_d2=0.000077 loss_d3=0.000103 loss_d4=0.000098 loss_all=0.000091
[epoch 282] cv_d0=0.000132 cv_d1=0.000093 cv_d2=0.000099 cv_d3=0.000086 cv_d4=0.000109 cv_all=0.000104
282 MSE Training : tensor(-40.3969, device='cuda:0') [dB] MSE Validation : tensor(-39.8340, device='cuda:0') [dB]
Optimal idx: 2 Optimal : tensor(-41.8824, device='cuda:0') [dB]
[epoch 283] loss_d0=0.000115 loss_d1=0.000100 loss_d2=0.000087 loss_d3=0.000091 loss_d4=0.000093 loss_all=0.000097
[epoch 283] cv_d0=0.000133 cv_d1=0.000093 cv_d2=0.000099 cv_d3=0.000087 cv_d4=0.000109 cv_all=0.000104
283 MSE Training : tensor(-40.1180, device='cuda:0') [dB] MSE Validation : tensor(-39.8242, device='cuda:0') [dB]
Optimal idx: 2 Optimal : tensor(-41.8824, device='cuda:0') [dB]
[epoch 284] loss_d0=0.000100 loss_d1=0.000080 loss_d2=0.000105 loss_d3=0.000075 loss_d4=0.000108 loss_all=0.000094
[epoch 284] cv_d0=0.000134 cv_d1=0.000093 cv_d2=0.000099 cv_d3=0.000087 cv_d4=0.000110 cv_all=0.000104
284 MSE Training : tensor(-40.2782, device='cuda:0') [dB] MSE Validation : tensor(-39.8130, device='cuda:0') [dB]
Optimal idx: 2 Optimal : tensor(-41.8824, device='cuda:0') [dB]
[epoch 285] loss_d0=0.000092 loss_d1=0.000087 loss_d2=0.000090 loss_d3=0.000075 loss_d4=0.000101 loss_all=0.000089
[epoch 285] cv_d0=0.000135 cv_d1=0.000093 cv_d2=0.000099 cv_d3=0.000087 cv_d4=0.000110 cv_all=0.000105
285 MSE Training : tensor(-40.4990, device='cuda:0') [dB] MSE Validation : tensor(-39.7999, device='cuda:0') [dB]
Optimal idx: 2 Optimal : tensor(-41.8824, device='cuda:0') [dB]
[epoch 286] loss_d0=0.000144 loss_d1=0.000083 loss_d2=0.000105 loss_d3=0.000085 loss_d4=0.000121 loss_all=0.000108
[epoch 286] cv_d0=0.000135 cv_d1=0.000093 cv_d2=0.000099 cv_d3=0.000087 cv_d4=0.000110 cv_all=0.000105
286 MSE Training : tensor(-39.6805, device='cuda:0') [dB] MSE Validation : tensor(-39.7950, device='cuda:0') [dB]
Optimal idx: 2 Optimal : tensor(-41.8824, device='cuda:0') [dB]
[epoch 287] loss_d0=0.000140 loss_d1=0.000105 loss_d2=0.000105 loss_d3=0.000077 loss_d4=0.000081 loss_all=0.000102
[epoch 287] cv_d0=0.000135 cv_d1=0.000094 cv_d2=0.000099 cv_d3=0.000086 cv_d4=0.000110 cv_all=0.000105
287 MSE Training : tensor(-39.9259, device='cuda:0') [dB] MSE Validation : tensor(-39.7902, device='cuda:0') [dB]
Optimal idx: 2 Optimal : tensor(-41.8824, device='cuda:0') [dB]
[epoch 288] loss_d0=0.000102 loss_d1=0.000092 loss_d2=0.000085 loss_d3=0.000104 loss_d4=0.000161 loss_all=0.000109
[epoch 288] cv_d0=0.000135 cv_d1=0.000094 cv_d2=0.000100 cv_d3=0.000086 cv_d4=0.000109 cv_all=0.000105
288 MSE Training : tensor(-39.6303, device='cuda:0') [dB] MSE Validation : tensor(-39.7960, device='cuda:0') [dB]
Optimal idx: 2 Optimal : tensor(-41.8824, device='cuda:0') [dB]
[epoch 289] loss_d0=0.000089 loss_d1=0.000108 loss_d2=0.000130 loss_d3=0.000117 loss_d4=0.000135 loss_all=0.000116
[epoch 289] cv_d0=0.000135 cv_d1=0.000094 cv_d2=0.000100 cv_d3=0.000085 cv_d4=0.000108 cv_all=0.000105
289 MSE Training : tensor(-39.3692, device='cuda:0') [dB] MSE Validation : tensor(-39.8042, device='cuda:0') [dB]
Optimal idx: 2 Optimal : tensor(-41.8824, device='cuda:0') [dB]
[epoch 290] loss_d0=0.000125 loss_d1=0.000086 loss_d2=0.000091 loss_d3=0.000107 loss_d4=0.000133 loss_all=0.000108
[epoch 290] cv_d0=0.000135 cv_d1=0.000094 cv_d2=0.000100 cv_d3=0.000085 cv_d4=0.000108 cv_all=0.000104
290 MSE Training : tensor(-39.6474, device='cuda:0') [dB] MSE Validation : tensor(-39.8106, device='cuda:0') [dB]
Optimal idx: 2 Optimal : tensor(-41.8824, device='cuda:0') [dB]
[epoch 291] loss_d0=0.000097 loss_d1=0.000098 loss_d2=0.000104 loss_d3=0.000089 loss_d4=0.000139 loss_all=0.000105
[epoch 291] cv_d0=0.000135 cv_d1=0.000094 cv_d2=0.000101 cv_d3=0.000085 cv_d4=0.000107 cv_all=0.000104
291 MSE Training : tensor(-39.7778, device='cuda:0') [dB] MSE Validation : tensor(-39.8121, device='cuda:0') [dB]
Optimal idx: 2 Optimal : tensor(-41.8824, device='cuda:0') [dB]
[epoch 292] loss_d0=0.000124 loss_d1=0.000072 loss_d2=0.000086 loss_d3=0.000085 loss_d4=0.000110 loss_all=0.000095
[epoch 292] cv_d0=0.000135 cv_d1=0.000094 cv_d2=0.000101 cv_d3=0.000085 cv_d4=0.000107 cv_all=0.000104
292 MSE Training : tensor(-40.2033, device='cuda:0') [dB] MSE Validation : tensor(-39.8112, device='cuda:0') [dB]
Optimal idx: 2 Optimal : tensor(-41.8824, device='cuda:0') [dB]
[epoch 293] loss_d0=0.000141 loss_d1=0.000110 loss_d2=0.000122 loss_d3=0.000074 loss_d4=0.000090 loss_all=0.000108
[epoch 293] cv_d0=0.000135 cv_d1=0.000094 cv_d2=0.000101 cv_d3=0.000085 cv_d4=0.000107 cv_all=0.000104
293 MSE Training : tensor(-39.6829, device='cuda:0') [dB] MSE Validation : tensor(-39.8108, device='cuda:0') [dB]
Optimal idx: 2 Optimal : tensor(-41.8824, device='cuda:0') [dB]
[epoch 294] loss_d0=0.000148 loss_d1=0.000114 loss_d2=0.000098 loss_d3=0.000083 loss_d4=0.000094 loss_all=0.000108
[epoch 294] cv_d0=0.000135 cv_d1=0.000094 cv_d2=0.000101 cv_d3=0.000085 cv_d4=0.000107 cv_all=0.000105
294 MSE Training : tensor(-39.6816, device='cuda:0') [dB] MSE Validation : tensor(-39.8079, device='cuda:0') [dB]
Optimal idx: 2 Optimal : tensor(-41.8824, device='cuda:0') [dB]
[epoch 295] loss_d0=0.000148 loss_d1=0.000097 loss_d2=0.000109 loss_d3=0.000085 loss_d4=0.000098 loss_all=0.000107
[epoch 295] cv_d0=0.000134 cv_d1=0.000094 cv_d2=0.000101 cv_d3=0.000086 cv_d4=0.000108 cv_all=0.000105
295 MSE Training : tensor(-39.6986, device='cuda:0') [dB] MSE Validation : tensor(-39.8036, device='cuda:0') [dB]
Optimal idx: 2 Optimal : tensor(-41.8824, device='cuda:0') [dB]
[epoch 296] loss_d0=0.000132 loss_d1=0.000111 loss_d2=0.000116 loss_d3=0.000099 loss_d4=0.000119 loss_all=0.000116
[epoch 296] cv_d0=0.000134 cv_d1=0.000094 cv_d2=0.000101 cv_d3=0.000086 cv_d4=0.000108 cv_all=0.000105
296 MSE Training : tensor(-39.3742, device='cuda:0') [dB] MSE Validation : tensor(-39.8017, device='cuda:0') [dB]
Optimal idx: 2 Optimal : tensor(-41.8824, device='cuda:0') [dB]
[epoch 297] loss_d0=0.000123 loss_d1=0.000085 loss_d2=0.000097 loss_d3=0.000103 loss_d4=0.000090 loss_all=0.000100
[epoch 297] cv_d0=0.000133 cv_d1=0.000094 cv_d2=0.000101 cv_d3=0.000087 cv_d4=0.000108 cv_all=0.000105
297 MSE Training : tensor(-40.0106, device='cuda:0') [dB] MSE Validation : tensor(-39.8015, device='cuda:0') [dB]
Optimal idx: 2 Optimal : tensor(-41.8824, device='cuda:0') [dB]
[epoch 298] loss_d0=0.000124 loss_d1=0.000111 loss_d2=0.000121 loss_d3=0.000093 loss_d4=0.000114 loss_all=0.000113
[epoch 298] cv_d0=0.000133 cv_d1=0.000094 cv_d2=0.000100 cv_d3=0.000087 cv_d4=0.000109 cv_all=0.000105
298 MSE Training : tensor(-39.4856, device='cuda:0') [dB] MSE Validation : tensor(-39.8011, device='cuda:0') [dB]
Optimal idx: 2 Optimal : tensor(-41.8824, device='cuda:0') [dB]
[epoch 299] loss_d0=0.000131 loss_d1=0.000097 loss_d2=0.000132 loss_d3=0.000089 loss_d4=0.000119 loss_all=0.000114
[epoch 299] cv_d0=0.000132 cv_d1=0.000094 cv_d2=0.000100 cv_d3=0.000088 cv_d4=0.000109 cv_all=0.000105
299 MSE Training : tensor(-39.4431, device='cuda:0') [dB] MSE Validation : tensor(-39.8011, device='cuda:0') [dB]
Optimal idx: 2 Optimal : tensor(-41.8824, device='cuda:0') [dB]
[epoch 300] loss_d0=0.000091 loss_d1=0.000078 loss_d2=0.000097 loss_d3=0.000106 loss_d4=0.000118 loss_all=0.000098
[epoch 300] cv_d0=0.000132 cv_d1=0.000094 cv_d2=0.000100 cv_d3=0.000088 cv_d4=0.000109 cv_all=0.000105
300 MSE Training : tensor(-40.0877, device='cuda:0') [dB] MSE Validation : tensor(-39.7995, device='cuda:0') [dB]
Optimal idx: 2 Optimal : tensor(-41.8824, device='cuda:0') [dB]
[epoch 301] loss_d0=0.000120 loss_d1=0.000103 loss_d2=0.000117 loss_d3=0.000095 loss_d4=0.000135 loss_all=0.000114
[epoch 301] cv_d0=0.000132 cv_d1=0.000094 cv_d2=0.000100 cv_d3=0.000088 cv_d4=0.000109 cv_all=0.000105
301 MSE Training : tensor(-39.4345, device='cuda:0') [dB] MSE Validation : tensor(-39.7975, device='cuda:0') [dB]
Optimal idx: 2 Optimal : tensor(-41.8824, device='cuda:0') [dB]
[epoch 302] loss_d0=0.000117 loss_d1=0.000094 loss_d2=0.000097 loss_d3=0.000087 loss_d4=0.000076 loss_all=0.000094
[epoch 302] cv_d0=0.000133 cv_d1=0.000094 cv_d2=0.000100 cv_d3=0.000089 cv_d4=0.000109 cv_all=0.000105
302 MSE Training : tensor(-40.2634, device='cuda:0') [dB] MSE Validation : tensor(-39.7926, device='cuda:0') [dB]
Optimal idx: 2 Optimal : tensor(-41.8824, device='cuda:0') [dB]
[epoch 303] loss_d0=0.000135 loss_d1=0.000089 loss_d2=0.000090 loss_d3=0.000118 loss_d4=0.000113 loss_all=0.000109
[epoch 303] cv_d0=0.000133 cv_d1=0.000094 cv_d2=0.000100 cv_d3=0.000089 cv_d4=0.000110 cv_all=0.000105
303 MSE Training : tensor(-39.6286, device='cuda:0') [dB] MSE Validation : tensor(-39.7879, device='cuda:0') [dB]
Optimal idx: 2 Optimal : tensor(-41.8824, device='cuda:0') [dB]
[epoch 304] loss_d0=0.000100 loss_d1=0.000096 loss_d2=0.000126 loss_d3=0.000124 loss_d4=0.000119 loss_all=0.000113
[epoch 304] cv_d0=0.000134 cv_d1=0.000094 cv_d2=0.000100 cv_d3=0.000089 cv_d4=0.000110 cv_all=0.000105
304 MSE Training : tensor(-39.4696, device='cuda:0') [dB] MSE Validation : tensor(-39.7837, device='cuda:0') [dB]
Optimal idx: 2 Optimal : tensor(-41.8824, device='cuda:0') [dB]
[epoch 305] loss_d0=0.000103 loss_d1=0.000070 loss_d2=0.000096 loss_d3=0.000079 loss_d4=0.000097 loss_all=0.000089
[epoch 305] cv_d0=0.000135 cv_d1=0.000094 cv_d2=0.000100 cv_d3=0.000088 cv_d4=0.000110 cv_all=0.000105
305 MSE Training : tensor(-40.5089, device='cuda:0') [dB] MSE Validation : tensor(-39.7775, device='cuda:0') [dB]
Optimal idx: 2 Optimal : tensor(-41.8824, device='cuda:0') [dB]
[epoch 306] loss_d0=0.000115 loss_d1=0.000087 loss_d2=0.000087 loss_d3=0.000080 loss_d4=0.000104 loss_all=0.000095
[epoch 306] cv_d0=0.000136 cv_d1=0.000094 cv_d2=0.000100 cv_d3=0.000088 cv_d4=0.000109 cv_all=0.000105
306 MSE Training : tensor(-40.2414, device='cuda:0') [dB] MSE Validation : tensor(-39.7681, device='cuda:0') [dB]
Optimal idx: 2 Optimal : tensor(-41.8824, device='cuda:0') [dB]
[epoch 307] loss_d0=0.000118 loss_d1=0.000092 loss_d2=0.000084 loss_d3=0.000108 loss_d4=0.000099 loss_all=0.000100
[epoch 307] cv_d0=0.000137 cv_d1=0.000094 cv_d2=0.000100 cv_d3=0.000088 cv_d4=0.000109 cv_all=0.000106
307 MSE Training : tensor(-39.9904, device='cuda:0') [dB] MSE Validation : tensor(-39.7574, device='cuda:0') [dB]
Optimal idx: 2 Optimal : tensor(-41.8824, device='cuda:0') [dB]
[epoch 308] loss_d0=0.000129 loss_d1=0.000092 loss_d2=0.000101 loss_d3=0.000088 loss_d4=0.000125 loss_all=0.000107
[epoch 308] cv_d0=0.000138 cv_d1=0.000094 cv_d2=0.000101 cv_d3=0.000088 cv_d4=0.000109 cv_all=0.000106
308 MSE Training : tensor(-39.7008, device='cuda:0') [dB] MSE Validation : tensor(-39.7477, device='cuda:0') [dB]
Optimal idx: 2 Optimal : tensor(-41.8824, device='cuda:0') [dB]
[epoch 309] loss_d0=0.000095 loss_d1=0.000079 loss_d2=0.000093 loss_d3=0.000096 loss_d4=0.000114 loss_all=0.000096
[epoch 309] cv_d0=0.000139 cv_d1=0.000095 cv_d2=0.000101 cv_d3=0.000087 cv_d4=0.000110 cv_all=0.000106
309 MSE Training : tensor(-40.1963, device='cuda:0') [dB] MSE Validation : tensor(-39.7346, device='cuda:0') [dB]
Optimal idx: 2 Optimal : tensor(-41.8824, device='cuda:0') [dB]
[epoch 310] loss_d0=0.000114 loss_d1=0.000085 loss_d2=0.000120 loss_d3=0.000077 loss_d4=0.000084 loss_all=0.000096
[epoch 310] cv_d0=0.000140 cv_d1=0.000095 cv_d2=0.000101 cv_d3=0.000087 cv_d4=0.000110 cv_all=0.000107
310 MSE Training : tensor(-40.1746, device='cuda:0') [dB] MSE Validation : tensor(-39.7208, device='cuda:0') [dB]
Optimal idx: 2 Optimal : tensor(-41.8824, device='cuda:0') [dB]
[epoch 311] loss_d0=0.000142 loss_d1=0.000103 loss_d2=0.000104 loss_d3=0.000089 loss_d4=0.000081 loss_all=0.000104
[epoch 311] cv_d0=0.000141 cv_d1=0.000095 cv_d2=0.000101 cv_d3=0.000087 cv_d4=0.000110 cv_all=0.000107
311 MSE Training : tensor(-39.8395, device='cuda:0') [dB] MSE Validation : tensor(-39.7075, device='cuda:0') [dB]
Optimal idx: 2 Optimal : tensor(-41.8824, device='cuda:0') [dB]
[epoch 312] loss_d0=0.000124 loss_d1=0.000100 loss_d2=0.000109 loss_d3=0.000099 loss_d4=0.000103 loss_all=0.000107
[epoch 312] cv_d0=0.000143 cv_d1=0.000095 cv_d2=0.000102 cv_d3=0.000087 cv_d4=0.000110 cv_all=0.000107
312 MSE Training : tensor(-39.7004, device='cuda:0') [dB] MSE Validation : tensor(-39.6945, device='cuda:0') [dB]
Optimal idx: 2 Optimal : tensor(-41.8824, device='cuda:0') [dB]
[epoch 313] loss_d0=0.000179 loss_d1=0.000085 loss_d2=0.000092 loss_d3=0.000106 loss_d4=0.000081 loss_all=0.000109
[epoch 313] cv_d0=0.000143 cv_d1=0.000095 cv_d2=0.000101 cv_d3=0.000087 cv_d4=0.000111 cv_all=0.000107
313 MSE Training : tensor(-39.6420, device='cuda:0') [dB] MSE Validation : tensor(-39.6881, device='cuda:0') [dB]
Optimal idx: 2 Optimal : tensor(-41.8824, device='cuda:0') [dB]
[epoch 314] loss_d0=0.000143 loss_d1=0.000074 loss_d2=0.000091 loss_d3=0.000087 loss_d4=0.000144 loss_all=0.000108
[epoch 314] cv_d0=0.000143 cv_d1=0.000095 cv_d2=0.000101 cv_d3=0.000087 cv_d4=0.000111 cv_all=0.000107
314 MSE Training : tensor(-39.6705, device='cuda:0') [dB] MSE Validation : tensor(-39.6881, device='cuda:0') [dB]
Optimal idx: 2 Optimal : tensor(-41.8824, device='cuda:0') [dB]
[epoch 315] loss_d0=0.000163 loss_d1=0.000103 loss_d2=0.000092 loss_d3=0.000082 loss_d4=0.000089 loss_all=0.000106
[epoch 315] cv_d0=0.000142 cv_d1=0.000095 cv_d2=0.000101 cv_d3=0.000087 cv_d4=0.000111 cv_all=0.000107
315 MSE Training : tensor(-39.7642, device='cuda:0') [dB] MSE Validation : tensor(-39.6915, device='cuda:0') [dB]
Optimal idx: 2 Optimal : tensor(-41.8824, device='cuda:0') [dB]
[epoch 316] loss_d0=0.000096 loss_d1=0.000085 loss_d2=0.000103 loss_d3=0.000086 loss_d4=0.000122 loss_all=0.000098
[epoch 316] cv_d0=0.000142 cv_d1=0.000095 cv_d2=0.000101 cv_d3=0.000088 cv_d4=0.000111 cv_all=0.000107
316 MSE Training : tensor(-40.0714, device='cuda:0') [dB] MSE Validation : tensor(-39.6949, device='cuda:0') [dB]
Optimal idx: 2 Optimal : tensor(-41.8824, device='cuda:0') [dB]
[epoch 317] loss_d0=0.000129 loss_d1=0.000101 loss_d2=0.000093 loss_d3=0.000100 loss_d4=0.000104 loss_all=0.000106
[epoch 317] cv_d0=0.000141 cv_d1=0.000095 cv_d2=0.000101 cv_d3=0.000088 cv_d4=0.000111 cv_all=0.000107
317 MSE Training : tensor(-39.7631, device='cuda:0') [dB] MSE Validation : tensor(-39.7002, device='cuda:0') [dB]
Optimal idx: 2 Optimal : tensor(-41.8824, device='cuda:0') [dB]
[epoch 318] loss_d0=0.000145 loss_d1=0.000091 loss_d2=0.000091 loss_d3=0.000088 loss_d4=0.000125 loss_all=0.000108
[epoch 318] cv_d0=0.000140 cv_d1=0.000095 cv_d2=0.000101 cv_d3=0.000088 cv_d4=0.000111 cv_all=0.000107
318 MSE Training : tensor(-39.6718, device='cuda:0') [dB] MSE Validation : tensor(-39.7097, device='cuda:0') [dB]
Optimal idx: 2 Optimal : tensor(-41.8824, device='cuda:0') [dB]
[epoch 319] loss_d0=0.000114 loss_d1=0.000085 loss_d2=0.000095 loss_d3=0.000091 loss_d4=0.000113 loss_all=0.000099
[epoch 319] cv_d0=0.000140 cv_d1=0.000095 cv_d2=0.000101 cv_d3=0.000088 cv_d4=0.000111 cv_all=0.000107
319 MSE Training : tensor(-40.0231, device='cuda:0') [dB] MSE Validation : tensor(-39.7196, device='cuda:0') [dB]
Optimal idx: 2 Optimal : tensor(-41.8824, device='cuda:0') [dB]
[epoch 320] loss_d0=0.000130 loss_d1=0.000084 loss_d2=0.000090 loss_d3=0.000086 loss_d4=0.000113 loss_all=0.000100
[epoch 320] cv_d0=0.000139 cv_d1=0.000095 cv_d2=0.000101 cv_d3=0.000087 cv_d4=0.000111 cv_all=0.000106
320 MSE Training : tensor(-39.9785, device='cuda:0') [dB] MSE Validation : tensor(-39.7277, device='cuda:0') [dB]
Optimal idx: 2 Optimal : tensor(-41.8824, device='cuda:0') [dB]
[epoch 321] loss_d0=0.000124 loss_d1=0.000073 loss_d2=0.000093 loss_d3=0.000075 loss_d4=0.000088 loss_all=0.000091
[epoch 321] cv_d0=0.000138 cv_d1=0.000095 cv_d2=0.000101 cv_d3=0.000087 cv_d4=0.000110 cv_all=0.000106
321 MSE Training : tensor(-40.4312, device='cuda:0') [dB] MSE Validation : tensor(-39.7324, device='cuda:0') [dB]
Optimal idx: 2 Optimal : tensor(-41.8824, device='cuda:0') [dB]
[epoch 322] loss_d0=0.000143 loss_d1=0.000107 loss_d2=0.000114 loss_d3=0.000090 loss_d4=0.000095 loss_all=0.000110
[epoch 322] cv_d0=0.000138 cv_d1=0.000095 cv_d2=0.000101 cv_d3=0.000088 cv_d4=0.000110 cv_all=0.000106
322 MSE Training : tensor(-39.5880, device='cuda:0') [dB] MSE Validation : tensor(-39.7364, device='cuda:0') [dB]
Optimal idx: 2 Optimal : tensor(-41.8824, device='cuda:0') [dB]
[epoch 323] loss_d0=0.000123 loss_d1=0.000088 loss_d2=0.000094 loss_d3=0.000084 loss_d4=0.000127 loss_all=0.000103
[epoch 323] cv_d0=0.000137 cv_d1=0.000095 cv_d2=0.000101 cv_d3=0.000088 cv_d4=0.000110 cv_all=0.000106
323 MSE Training : tensor(-39.8663, device='cuda:0') [dB] MSE Validation : tensor(-39.7404, device='cuda:0') [dB]
Optimal idx: 2 Optimal : tensor(-41.8824, device='cuda:0') [dB]
[epoch 324] loss_d0=0.000142 loss_d1=0.000100 loss_d2=0.000094 loss_d3=0.000095 loss_d4=0.000097 loss_all=0.000105
[epoch 324] cv_d0=0.000137 cv_d1=0.000095 cv_d2=0.000101 cv_d3=0.000088 cv_d4=0.000110 cv_all=0.000106
324 MSE Training : tensor(-39.7677, device='cuda:0') [dB] MSE Validation : tensor(-39.7435, device='cuda:0') [dB]
Optimal idx: 2 Optimal : tensor(-41.8824, device='cuda:0') [dB]
[epoch 325] loss_d0=0.000097 loss_d1=0.000082 loss_d2=0.000103 loss_d3=0.000088 loss_d4=0.000114 loss_all=0.000097
[epoch 325] cv_d0=0.000136 cv_d1=0.000095 cv_d2=0.000101 cv_d3=0.000088 cv_d4=0.000110 cv_all=0.000106
325 MSE Training : tensor(-40.1416, device='cuda:0') [dB] MSE Validation : tensor(-39.7449, device='cuda:0') [dB]
Optimal idx: 2 Optimal : tensor(-41.8824, device='cuda:0') [dB]
[epoch 326] loss_d0=0.000143 loss_d1=0.000105 loss_d2=0.000097 loss_d3=0.000089 loss_d4=0.000095 loss_all=0.000106
[epoch 326] cv_d0=0.000136 cv_d1=0.000095 cv_d2=0.000101 cv_d3=0.000088 cv_d4=0.000110 cv_all=0.000106
326 MSE Training : tensor(-39.7582, device='cuda:0') [dB] MSE Validation : tensor(-39.7449, device='cuda:0') [dB]
Optimal idx: 2 Optimal : tensor(-41.8824, device='cuda:0') [dB]
[epoch 327] loss_d0=0.000112 loss_d1=0.000085 loss_d2=0.000098 loss_d3=0.000085 loss_d4=0.000100 loss_all=0.000096
[epoch 327] cv_d0=0.000136 cv_d1=0.000095 cv_d2=0.000101 cv_d3=0.000088 cv_d4=0.000110 cv_all=0.000106
327 MSE Training : tensor(-40.1718, device='cuda:0') [dB] MSE Validation : tensor(-39.7445, device='cuda:0') [dB]
Optimal idx: 2 Optimal : tensor(-41.8824, device='cuda:0') [dB]
[epoch 328] loss_d0=0.000096 loss_d1=0.000081 loss_d2=0.000119 loss_d3=0.000083 loss_d4=0.000103 loss_all=0.000096
[epoch 328] cv_d0=0.000136 cv_d1=0.000095 cv_d2=0.000101 cv_d3=0.000089 cv_d4=0.000110 cv_all=0.000106
328 MSE Training : tensor(-40.1609, device='cuda:0') [dB] MSE Validation : tensor(-39.7430, device='cuda:0') [dB]
Optimal idx: 2 Optimal : tensor(-41.8824, device='cuda:0') [dB]
[epoch 329] loss_d0=0.000107 loss_d1=0.000091 loss_d2=0.000107 loss_d3=0.000147 loss_d4=0.000109 loss_all=0.000112
[epoch 329] cv_d0=0.000136 cv_d1=0.000095 cv_d2=0.000101 cv_d3=0.000089 cv_d4=0.000110 cv_all=0.000106
329 MSE Training : tensor(-39.5071, device='cuda:0') [dB] MSE Validation : tensor(-39.7413, device='cuda:0') [dB]
Optimal idx: 2 Optimal : tensor(-41.8824, device='cuda:0') [dB]
[epoch 330] loss_d0=0.000139 loss_d1=0.000117 loss_d2=0.000115 loss_d3=0.000086 loss_d4=0.000108 loss_all=0.000113
[epoch 330] cv_d0=0.000136 cv_d1=0.000095 cv_d2=0.000101 cv_d3=0.000089 cv_d4=0.000110 cv_all=0.000106
330 MSE Training : tensor(-39.4713, device='cuda:0') [dB] MSE Validation : tensor(-39.7385, device='cuda:0') [dB]
Optimal idx: 2 Optimal : tensor(-41.8824, device='cuda:0') [dB]
[epoch 331] loss_d0=0.000125 loss_d1=0.000074 loss_d2=0.000096 loss_d3=0.000082 loss_d4=0.000084 loss_all=0.000092
[epoch 331] cv_d0=0.000136 cv_d1=0.000095 cv_d2=0.000101 cv_d3=0.000089 cv_d4=0.000110 cv_all=0.000106
331 MSE Training : tensor(-40.3593, device='cuda:0') [dB] MSE Validation : tensor(-39.7339, device='cuda:0') [dB]
Optimal idx: 2 Optimal : tensor(-41.8824, device='cuda:0') [dB]
[epoch 332] loss_d0=0.000107 loss_d1=0.000083 loss_d2=0.000109 loss_d3=0.000083 loss_d4=0.000134 loss_all=0.000103
[epoch 332] cv_d0=0.000136 cv_d1=0.000096 cv_d2=0.000101 cv_d3=0.000090 cv_d4=0.000111 cv_all=0.000106
332 MSE Training : tensor(-39.8597, device='cuda:0') [dB] MSE Validation : tensor(-39.7290, device='cuda:0') [dB]
Optimal idx: 2 Optimal : tensor(-41.8824, device='cuda:0') [dB]
[epoch 333] loss_d0=0.000150 loss_d1=0.000094 loss_d2=0.000090 loss_d3=0.000083 loss_d4=0.000107 loss_all=0.000105
[epoch 333] cv_d0=0.000136 cv_d1=0.000096 cv_d2=0.000101 cv_d3=0.000090 cv_d4=0.000111 cv_all=0.000107
333 MSE Training : tensor(-39.7984, device='cuda:0') [dB] MSE Validation : tensor(-39.7251, device='cuda:0') [dB]
Optimal idx: 2 Optimal : tensor(-41.8824, device='cuda:0') [dB]
[epoch 334] loss_d0=0.000117 loss_d1=0.000071 loss_d2=0.000104 loss_d3=0.000084 loss_d4=0.000115 loss_all=0.000098
[epoch 334] cv_d0=0.000136 cv_d1=0.000096 cv_d2=0.000101 cv_d3=0.000090 cv_d4=0.000111 cv_all=0.000107
334 MSE Training : tensor(-40.0848, device='cuda:0') [dB] MSE Validation : tensor(-39.7218, device='cuda:0') [dB]
Optimal idx: 2 Optimal : tensor(-41.8824, device='cuda:0') [dB]
[epoch 335] loss_d0=0.000107 loss_d1=0.000091 loss_d2=0.000107 loss_d3=0.000087 loss_d4=0.000113 loss_all=0.000101
[epoch 335] cv_d0=0.000136 cv_d1=0.000095 cv_d2=0.000101 cv_d3=0.000090 cv_d4=0.000111 cv_all=0.000107
335 MSE Training : tensor(-39.9530, device='cuda:0') [dB] MSE Validation : tensor(-39.7170, device='cuda:0') [dB]
Optimal idx: 2 Optimal : tensor(-41.8824, device='cuda:0') [dB]
[epoch 336] loss_d0=0.000127 loss_d1=0.000089 loss_d2=0.000108 loss_d3=0.000111 loss_d4=0.000105 loss_all=0.000108
[epoch 336] cv_d0=0.000137 cv_d1=0.000095 cv_d2=0.000101 cv_d3=0.000090 cv_d4=0.000111 cv_all=0.000107
336 MSE Training : tensor(-39.6703, device='cuda:0') [dB] MSE Validation : tensor(-39.7132, device='cuda:0') [dB]
Optimal idx: 2 Optimal : tensor(-41.8824, device='cuda:0') [dB]
[epoch 337] loss_d0=0.000130 loss_d1=0.000114 loss_d2=0.000112 loss_d3=0.000099 loss_d4=0.000116 loss_all=0.000114
[epoch 337] cv_d0=0.000137 cv_d1=0.000095 cv_d2=0.000101 cv_d3=0.000090 cv_d4=0.000111 cv_all=0.000107
337 MSE Training : tensor(-39.4234, device='cuda:0') [dB] MSE Validation : tensor(-39.7102, device='cuda:0') [dB]
Optimal idx: 2 Optimal : tensor(-41.8824, device='cuda:0') [dB]
[epoch 338] loss_d0=0.000115 loss_d1=0.000096 loss_d2=0.000120 loss_d3=0.000102 loss_d4=0.000099 loss_all=0.000107
[epoch 338] cv_d0=0.000138 cv_d1=0.000095 cv_d2=0.000101 cv_d3=0.000089 cv_d4=0.000111 cv_all=0.000107
338 MSE Training : tensor(-39.7261, device='cuda:0') [dB] MSE Validation : tensor(-39.7078, device='cuda:0') [dB]
Optimal idx: 2 Optimal : tensor(-41.8824, device='cuda:0') [dB]
[epoch 339] loss_d0=0.000113 loss_d1=0.000088 loss_d2=0.000097 loss_d3=0.000091 loss_d4=0.000099 loss_all=0.000098
[epoch 339] cv_d0=0.000139 cv_d1=0.000095 cv_d2=0.000101 cv_d3=0.000089 cv_d4=0.000111 cv_all=0.000107
339 MSE Training : tensor(-40.1044, device='cuda:0') [dB] MSE Validation : tensor(-39.7038, device='cuda:0') [dB]
Optimal idx: 2 Optimal : tensor(-41.8824, device='cuda:0') [dB]
[epoch 340] loss_d0=0.000119 loss_d1=0.000072 loss_d2=0.000108 loss_d3=0.000089 loss_d4=0.000103 loss_all=0.000098
[epoch 340] cv_d0=0.000139 cv_d1=0.000096 cv_d2=0.000101 cv_d3=0.000089 cv_d4=0.000111 cv_all=0.000107
340 MSE Training : tensor(-40.0888, device='cuda:0') [dB] MSE Validation : tensor(-39.6966, device='cuda:0') [dB]
Optimal idx: 2 Optimal : tensor(-41.8824, device='cuda:0') [dB]
[epoch 341] loss_d0=0.000106 loss_d1=0.000110 loss_d2=0.000128 loss_d3=0.000091 loss_d4=0.000120 loss_all=0.000111
[epoch 341] cv_d0=0.000140 cv_d1=0.000096 cv_d2=0.000102 cv_d3=0.000089 cv_d4=0.000111 cv_all=0.000107
341 MSE Training : tensor(-39.5443, device='cuda:0') [dB] MSE Validation : tensor(-39.6884, device='cuda:0') [dB]
Optimal idx: 2 Optimal : tensor(-41.8824, device='cuda:0') [dB]
[epoch 342] loss_d0=0.000136 loss_d1=0.000083 loss_d2=0.000094 loss_d3=0.000098 loss_d4=0.000129 loss_all=0.000108
[epoch 342] cv_d0=0.000141 cv_d1=0.000096 cv_d2=0.000102 cv_d3=0.000088 cv_d4=0.000111 cv_all=0.000108
342 MSE Training : tensor(-39.6623, device='cuda:0') [dB] MSE Validation : tensor(-39.6801, device='cuda:0') [dB]
Optimal idx: 2 Optimal : tensor(-41.8824, device='cuda:0') [dB]
[epoch 343] loss_d0=0.000104 loss_d1=0.000092 loss_d2=0.000089 loss_d3=0.000085 loss_d4=0.000091 loss_all=0.000092
[epoch 343] cv_d0=0.000143 cv_d1=0.000096 cv_d2=0.000102 cv_d3=0.000088 cv_d4=0.000111 cv_all=0.000108
343 MSE Training : tensor(-40.3548, device='cuda:0') [dB] MSE Validation : tensor(-39.6679, device='cuda:0') [dB]
Optimal idx: 2 Optimal : tensor(-41.8824, device='cuda:0') [dB]
[epoch 344] loss_d0=0.000159 loss_d1=0.000097 loss_d2=0.000099 loss_d3=0.000093 loss_d4=0.000104 loss_all=0.000110
[epoch 344] cv_d0=0.000143 cv_d1=0.000096 cv_d2=0.000103 cv_d3=0.000087 cv_d4=0.000111 cv_all=0.000108
344 MSE Training : tensor(-39.5828, device='cuda:0') [dB] MSE Validation : tensor(-39.6624, device='cuda:0') [dB]
Optimal idx: 2 Optimal : tensor(-41.8824, device='cuda:0') [dB]
[epoch 345] loss_d0=0.000114 loss_d1=0.000069 loss_d2=0.000103 loss_d3=0.000076 loss_d4=0.000087 loss_all=0.000090
[epoch 345] cv_d0=0.000144 cv_d1=0.000097 cv_d2=0.000103 cv_d3=0.000087 cv_d4=0.000111 cv_all=0.000108
345 MSE Training : tensor(-40.4807, device='cuda:0') [dB] MSE Validation : tensor(-39.6567, device='cuda:0') [dB]
Optimal idx: 2 Optimal : tensor(-41.8824, device='cuda:0') [dB]
[epoch 346] loss_d0=0.000141 loss_d1=0.000091 loss_d2=0.000109 loss_d3=0.000089 loss_d4=0.000089 loss_all=0.000104
[epoch 346] cv_d0=0.000144 cv_d1=0.000097 cv_d2=0.000103 cv_d3=0.000087 cv_d4=0.000111 cv_all=0.000108
346 MSE Training : tensor(-39.8457, device='cuda:0') [dB] MSE Validation : tensor(-39.6574, device='cuda:0') [dB]
Optimal idx: 2 Optimal : tensor(-41.8824, device='cuda:0') [dB]
[epoch 347] loss_d0=0.000137 loss_d1=0.000088 loss_d2=0.000091 loss_d3=0.000082 loss_d4=0.000117 loss_all=0.000103
[epoch 347] cv_d0=0.000144 cv_d1=0.000097 cv_d2=0.000103 cv_d3=0.000087 cv_d4=0.000111 cv_all=0.000108
347 MSE Training : tensor(-39.8693, device='cuda:0') [dB] MSE Validation : tensor(-39.6545, device='cuda:0') [dB]
Optimal idx: 2 Optimal : tensor(-41.8824, device='cuda:0') [dB]
[epoch 348] loss_d0=0.000108 loss_d1=0.000130 loss_d2=0.000123 loss_d3=0.000097 loss_d4=0.000143 loss_all=0.000120
[epoch 348] cv_d0=0.000144 cv_d1=0.000097 cv_d2=0.000103 cv_d3=0.000087 cv_d4=0.000111 cv_all=0.000108
348 MSE Training : tensor(-39.2088, device='cuda:0') [dB] MSE Validation : tensor(-39.6564, device='cuda:0') [dB]
Optimal idx: 2 Optimal : tensor(-41.8824, device='cuda:0') [dB]
[epoch 349] loss_d0=0.000120 loss_d1=0.000075 loss_d2=0.000070 loss_d3=0.000081 loss_d4=0.000107 loss_all=0.000090
[epoch 349] cv_d0=0.000144 cv_d1=0.000097 cv_d2=0.000103 cv_d3=0.000087 cv_d4=0.000111 cv_all=0.000108
349 MSE Training : tensor(-40.4356, device='cuda:0') [dB] MSE Validation : tensor(-39.6521, device='cuda:0') [dB]
Optimal idx: 2 Optimal : tensor(-41.8824, device='cuda:0') [dB]
[epoch 350] loss_d0=0.000144 loss_d1=0.000094 loss_d2=0.000104 loss_d3=0.000076 loss_d4=0.000089 loss_all=0.000102
[epoch 350] cv_d0=0.000144 cv_d1=0.000097 cv_d2=0.000103 cv_d3=0.000087 cv_d4=0.000112 cv_all=0.000108
350 MSE Training : tensor(-39.9340, device='cuda:0') [dB] MSE Validation : tensor(-39.6498, device='cuda:0') [dB]
Optimal idx: 2 Optimal : tensor(-41.8824, device='cuda:0') [dB]
[epoch 351] loss_d0=0.000145 loss_d1=0.000105 loss_d2=0.000092 loss_d3=0.000090 loss_d4=0.000123 loss_all=0.000111
[epoch 351] cv_d0=0.000144 cv_d1=0.000097 cv_d2=0.000103 cv_d3=0.000087 cv_d4=0.000112 cv_all=0.000108
351 MSE Training : tensor(-39.5479, device='cuda:0') [dB] MSE Validation : tensor(-39.6523, device='cuda:0') [dB]
Optimal idx: 2 Optimal : tensor(-41.8824, device='cuda:0') [dB]
[epoch 352] loss_d0=0.000149 loss_d1=0.000115 loss_d2=0.000099 loss_d3=0.000090 loss_d4=0.000117 loss_all=0.000114
[epoch 352] cv_d0=0.000143 cv_d1=0.000097 cv_d2=0.000102 cv_d3=0.000087 cv_d4=0.000112 cv_all=0.000108
352 MSE Training : tensor(-39.4312, device='cuda:0') [dB] MSE Validation : tensor(-39.6558, device='cuda:0') [dB]
Optimal idx: 2 Optimal : tensor(-41.8824, device='cuda:0') [dB]
[epoch 353] loss_d0=0.000116 loss_d1=0.000080 loss_d2=0.000113 loss_d3=0.000073 loss_d4=0.000083 loss_all=0.000093
[epoch 353] cv_d0=0.000142 cv_d1=0.000097 cv_d2=0.000102 cv_d3=0.000088 cv_d4=0.000112 cv_all=0.000108
353 MSE Training : tensor(-40.3167, device='cuda:0') [dB] MSE Validation : tensor(-39.6559, device='cuda:0') [dB]
Optimal idx: 2 Optimal : tensor(-41.8824, device='cuda:0') [dB]
[epoch 354] loss_d0=0.000147 loss_d1=0.000070 loss_d2=0.000077 loss_d3=0.000088 loss_d4=0.000124 loss_all=0.000101
[epoch 354] cv_d0=0.000142 cv_d1=0.000096 cv_d2=0.000102 cv_d3=0.000088 cv_d4=0.000113 cv_all=0.000108
354 MSE Training : tensor(-39.9461, device='cuda:0') [dB] MSE Validation : tensor(-39.6567, device='cuda:0') [dB]
Optimal idx: 2 Optimal : tensor(-41.8824, device='cuda:0') [dB]
[epoch 355] loss_d0=0.000079 loss_d1=0.000089 loss_d2=0.000134 loss_d3=0.000093 loss_d4=0.000109 loss_all=0.000101
[epoch 355] cv_d0=0.000142 cv_d1=0.000096 cv_d2=0.000102 cv_d3=0.000088 cv_d4=0.000113 cv_all=0.000108
355 MSE Training : tensor(-39.9742, device='cuda:0') [dB] MSE Validation : tensor(-39.6538, device='cuda:0') [dB]
Optimal idx: 2 Optimal : tensor(-41.8824, device='cuda:0') [dB]
[epoch 356] loss_d0=0.000152 loss_d1=0.000108 loss_d2=0.000100 loss_d3=0.000102 loss_d4=0.000113 loss_all=0.000115
[epoch 356] cv_d0=0.000142 cv_d1=0.000096 cv_d2=0.000102 cv_d3=0.000089 cv_d4=0.000113 cv_all=0.000108
356 MSE Training : tensor(-39.3966, device='cuda:0') [dB] MSE Validation : tensor(-39.6524, device='cuda:0') [dB]
Optimal idx: 2 Optimal : tensor(-41.8824, device='cuda:0') [dB]
[epoch 357] loss_d0=0.000120 loss_d1=0.000077 loss_d2=0.000095 loss_d3=0.000103 loss_d4=0.000098 loss_all=0.000099
[epoch 357] cv_d0=0.000142 cv_d1=0.000096 cv_d2=0.000102 cv_d3=0.000089 cv_d4=0.000114 cv_all=0.000108
357 MSE Training : tensor(-40.0627, device='cuda:0') [dB] MSE Validation : tensor(-39.6481, device='cuda:0') [dB]
Optimal idx: 2 Optimal : tensor(-41.8824, device='cuda:0') [dB]
[epoch 358] loss_d0=0.000133 loss_d1=0.000105 loss_d2=0.000110 loss_d3=0.000100 loss_d4=0.000092 loss_all=0.000108
[epoch 358] cv_d0=0.000141 cv_d1=0.000096 cv_d2=0.000102 cv_d3=0.000089 cv_d4=0.000114 cv_all=0.000109
358 MSE Training : tensor(-39.6795, device='cuda:0') [dB] MSE Validation : tensor(-39.6442, device='cuda:0') [dB]
Optimal idx: 2 Optimal : tensor(-41.8824, device='cuda:0') [dB]
[epoch 359] loss_d0=0.000123 loss_d1=0.000102 loss_d2=0.000109 loss_d3=0.000102 loss_d4=0.000101 loss_all=0.000107
[epoch 359] cv_d0=0.000141 cv_d1=0.000096 cv_d2=0.000102 cv_d3=0.000089 cv_d4=0.000114 cv_all=0.000109
359 MSE Training : tensor(-39.6890, device='cuda:0') [dB] MSE Validation : tensor(-39.6445, device='cuda:0') [dB]
Optimal idx: 2 Optimal : tensor(-41.8824, device='cuda:0') [dB]
[epoch 360] loss_d0=0.000109 loss_d1=0.000073 loss_d2=0.000096 loss_d3=0.000106 loss_d4=0.000143 loss_all=0.000106
[epoch 360] cv_d0=0.000141 cv_d1=0.000096 cv_d2=0.000102 cv_d3=0.000089 cv_d4=0.000114 cv_all=0.000109
360 MSE Training : tensor(-39.7669, device='cuda:0') [dB] MSE Validation : tensor(-39.6438, device='cuda:0') [dB]
Optimal idx: 2 Optimal : tensor(-41.8824, device='cuda:0') [dB]
[epoch 361] loss_d0=0.000127 loss_d1=0.000110 loss_d2=0.000116 loss_d3=0.000098 loss_d4=0.000123 loss_all=0.000115
[epoch 361] cv_d0=0.000141 cv_d1=0.000097 cv_d2=0.000102 cv_d3=0.000089 cv_d4=0.000113 cv_all=0.000108
361 MSE Training : tensor(-39.4041, device='cuda:0') [dB] MSE Validation : tensor(-39.6462, device='cuda:0') [dB]
Optimal idx: 2 Optimal : tensor(-41.8824, device='cuda:0') [dB]
[epoch 362] loss_d0=0.000151 loss_d1=0.000119 loss_d2=0.000123 loss_d3=0.000098 loss_d4=0.000110 loss_all=0.000120
[epoch 362] cv_d0=0.000141 cv_d1=0.000097 cv_d2=0.000102 cv_d3=0.000089 cv_d4=0.000113 cv_all=0.000108
362 MSE Training : tensor(-39.1943, device='cuda:0') [dB] MSE Validation : tensor(-39.6494, device='cuda:0') [dB]
Optimal idx: 2 Optimal : tensor(-41.8824, device='cuda:0') [dB]
[epoch 363] loss_d0=0.000146 loss_d1=0.000111 loss_d2=0.000107 loss_d3=0.000119 loss_d4=0.000111 loss_all=0.000119
[epoch 363] cv_d0=0.000141 cv_d1=0.000097 cv_d2=0.000102 cv_d3=0.000089 cv_d4=0.000112 cv_all=0.000108
363 MSE Training : tensor(-39.2489, device='cuda:0') [dB] MSE Validation : tensor(-39.6544, device='cuda:0') [dB]
Optimal idx: 2 Optimal : tensor(-41.8824, device='cuda:0') [dB]
[epoch 364] loss_d0=0.000130 loss_d1=0.000101 loss_d2=0.000110 loss_d3=0.000094 loss_d4=0.000091 loss_all=0.000105
[epoch 364] cv_d0=0.000141 cv_d1=0.000097 cv_d2=0.000102 cv_d3=0.000089 cv_d4=0.000112 cv_all=0.000108
364 MSE Training : tensor(-39.7758, device='cuda:0') [dB] MSE Validation : tensor(-39.6567, device='cuda:0') [dB]
Optimal idx: 2 Optimal : tensor(-41.8824, device='cuda:0') [dB]
[epoch 365] loss_d0=0.000196 loss_d1=0.000093 loss_d2=0.000119 loss_d3=0.000094 loss_d4=0.000099 loss_all=0.000120
[epoch 365] cv_d0=0.000140 cv_d1=0.000097 cv_d2=0.000102 cv_d3=0.000089 cv_d4=0.000112 cv_all=0.000108
365 MSE Training : tensor(-39.2021, device='cuda:0') [dB] MSE Validation : tensor(-39.6614, device='cuda:0') [dB]
Optimal idx: 2 Optimal : tensor(-41.8824, device='cuda:0') [dB]
[epoch 366] loss_d0=0.000101 loss_d1=0.000109 loss_d2=0.000105 loss_d3=0.000104 loss_d4=0.000120 loss_all=0.000108
[epoch 366] cv_d0=0.000140 cv_d1=0.000097 cv_d2=0.000102 cv_d3=0.000089 cv_d4=0.000112 cv_all=0.000108
366 MSE Training : tensor(-39.6761, device='cuda:0') [dB] MSE Validation : tensor(-39.6630, device='cuda:0') [dB]
Optimal idx: 2 Optimal : tensor(-41.8824, device='cuda:0') [dB]
[epoch 367] loss_d0=0.000110 loss_d1=0.000080 loss_d2=0.000078 loss_d3=0.000069 loss_d4=0.000091 loss_all=0.000085
[epoch 367] cv_d0=0.000140 cv_d1=0.000097 cv_d2=0.000102 cv_d3=0.000089 cv_d4=0.000112 cv_all=0.000108
367 MSE Training : tensor(-40.6829, device='cuda:0') [dB] MSE Validation : tensor(-39.6624, device='cuda:0') [dB]
Optimal idx: 2 Optimal : tensor(-41.8824, device='cuda:0') [dB]
[epoch 368] loss_d0=0.000119 loss_d1=0.000095 loss_d2=0.000092 loss_d3=0.000077 loss_d4=0.000096 loss_all=0.000096
[epoch 368] cv_d0=0.000140 cv_d1=0.000096 cv_d2=0.000102 cv_d3=0.000089 cv_d4=0.000113 cv_all=0.000108
368 MSE Training : tensor(-40.1796, device='cuda:0') [dB] MSE Validation : tensor(-39.6585, device='cuda:0') [dB]
Optimal idx: 2 Optimal : tensor(-41.8824, device='cuda:0') [dB]
[epoch 369] loss_d0=0.000146 loss_d1=0.000104 loss_d2=0.000098 loss_d3=0.000081 loss_d4=0.000096 loss_all=0.000105
[epoch 369] cv_d0=0.000141 cv_d1=0.000096 cv_d2=0.000102 cv_d3=0.000089 cv_d4=0.000113 cv_all=0.000108
369 MSE Training : tensor(-39.7872, device='cuda:0') [dB] MSE Validation : tensor(-39.6541, device='cuda:0') [dB]
Optimal idx: 2 Optimal : tensor(-41.8824, device='cuda:0') [dB]
[epoch 370] loss_d0=0.000095 loss_d1=0.000100 loss_d2=0.000101 loss_d3=0.000106 loss_d4=0.000097 loss_all=0.000100
[epoch 370] cv_d0=0.000142 cv_d1=0.000097 cv_d2=0.000102 cv_d3=0.000089 cv_d4=0.000113 cv_all=0.000109
370 MSE Training : tensor(-40.0200, device='cuda:0') [dB] MSE Validation : tensor(-39.6450, device='cuda:0') [dB]
Optimal idx: 2 Optimal : tensor(-41.8824, device='cuda:0') [dB]
[epoch 371] loss_d0=0.000165 loss_d1=0.000084 loss_d2=0.000090 loss_d3=0.000068 loss_d4=0.000111 loss_all=0.000104
[epoch 371] cv_d0=0.000143 cv_d1=0.000097 cv_d2=0.000102 cv_d3=0.000089 cv_d4=0.000113 cv_all=0.000109
371 MSE Training : tensor(-39.8432, device='cuda:0') [dB] MSE Validation : tensor(-39.6352, device='cuda:0') [dB]
Optimal idx: 2 Optimal : tensor(-41.8824, device='cuda:0') [dB]
[epoch 372] loss_d0=0.000129 loss_d1=0.000095 loss_d2=0.000099 loss_d3=0.000101 loss_d4=0.000108 loss_all=0.000106
[epoch 372] cv_d0=0.000144 cv_d1=0.000097 cv_d2=0.000103 cv_d3=0.000089 cv_d4=0.000114 cv_all=0.000109
372 MSE Training : tensor(-39.7332, device='cuda:0') [dB] MSE Validation : tensor(-39.6255, device='cuda:0') [dB]
Optimal idx: 2 Optimal : tensor(-41.8824, device='cuda:0') [dB]
[epoch 373] loss_d0=0.000132 loss_d1=0.000080 loss_d2=0.000089 loss_d3=0.000081 loss_d4=0.000091 loss_all=0.000094
[epoch 373] cv_d0=0.000145 cv_d1=0.000097 cv_d2=0.000103 cv_d3=0.000088 cv_d4=0.000114 cv_all=0.000109
373 MSE Training : tensor(-40.2486, device='cuda:0') [dB] MSE Validation : tensor(-39.6123, device='cuda:0') [dB]
Optimal idx: 2 Optimal : tensor(-41.8824, device='cuda:0') [dB]
[epoch 374] loss_d0=0.000123 loss_d1=0.000087 loss_d2=0.000084 loss_d3=0.000086 loss_d4=0.000091 loss_all=0.000094
[epoch 374] cv_d0=0.000146 cv_d1=0.000097 cv_d2=0.000103 cv_d3=0.000088 cv_d4=0.000114 cv_all=0.000110
374 MSE Training : tensor(-40.2481, device='cuda:0') [dB] MSE Validation : tensor(-39.5986, device='cuda:0') [dB]
Optimal idx: 2 Optimal : tensor(-41.8824, device='cuda:0') [dB]
[epoch 375] loss_d0=0.000158 loss_d1=0.000121 loss_d2=0.000106 loss_d3=0.000090 loss_d4=0.000095 loss_all=0.000114
[epoch 375] cv_d0=0.000146 cv_d1=0.000097 cv_d2=0.000103 cv_d3=0.000088 cv_d4=0.000115 cv_all=0.000110
375 MSE Training : tensor(-39.4255, device='cuda:0') [dB] MSE Validation : tensor(-39.5893, device='cuda:0') [dB]
Optimal idx: 2 Optimal : tensor(-41.8824, device='cuda:0') [dB]
[epoch 376] loss_d0=0.000155 loss_d1=0.000075 loss_d2=0.000096 loss_d3=0.000067 loss_d4=0.000101 loss_all=0.000099
[epoch 376] cv_d0=0.000146 cv_d1=0.000097 cv_d2=0.000103 cv_d3=0.000088 cv_d4=0.000115 cv_all=0.000110
376 MSE Training : tensor(-40.0623, device='cuda:0') [dB] MSE Validation : tensor(-39.5842, device='cuda:0') [dB]
Optimal idx: 2 Optimal : tensor(-41.8824, device='cuda:0') [dB]
[epoch 377] loss_d0=0.000129 loss_d1=0.000099 loss_d2=0.000103 loss_d3=0.000113 loss_d4=0.000118 loss_all=0.000112
[epoch 377] cv_d0=0.000146 cv_d1=0.000097 cv_d2=0.000104 cv_d3=0.000088 cv_d4=0.000115 cv_all=0.000110
377 MSE Training : tensor(-39.4910, device='cuda:0') [dB] MSE Validation : tensor(-39.5826, device='cuda:0') [dB]
Optimal idx: 2 Optimal : tensor(-41.8824, device='cuda:0') [dB]
[epoch 378] loss_d0=0.000137 loss_d1=0.000082 loss_d2=0.000089 loss_d3=0.000092 loss_d4=0.000106 loss_all=0.000101
[epoch 378] cv_d0=0.000147 cv_d1=0.000098 cv_d2=0.000104 cv_d3=0.000088 cv_d4=0.000115 cv_all=0.000110
378 MSE Training : tensor(-39.9523, device='cuda:0') [dB] MSE Validation : tensor(-39.5809, device='cuda:0') [dB]
Optimal idx: 2 Optimal : tensor(-41.8824, device='cuda:0') [dB]
[epoch 379] loss_d0=0.000103 loss_d1=0.000101 loss_d2=0.000122 loss_d3=0.000097 loss_d4=0.000104 loss_all=0.000105
[epoch 379] cv_d0=0.000147 cv_d1=0.000098 cv_d2=0.000104 cv_d3=0.000088 cv_d4=0.000114 cv_all=0.000110
379 MSE Training : tensor(-39.7699, device='cuda:0') [dB] MSE Validation : tensor(-39.5835, device='cuda:0') [dB]
Optimal idx: 2 Optimal : tensor(-41.8824, device='cuda:0') [dB]
[epoch 380] loss_d0=0.000157 loss_d1=0.000091 loss_d2=0.000113 loss_d3=0.000107 loss_d4=0.000108 loss_all=0.000115
[epoch 380] cv_d0=0.000146 cv_d1=0.000098 cv_d2=0.000104 cv_d3=0.000088 cv_d4=0.000114 cv_all=0.000110
380 MSE Training : tensor(-39.3845, device='cuda:0') [dB] MSE Validation : tensor(-39.5873, device='cuda:0') [dB]
Optimal idx: 2 Optimal : tensor(-41.8824, device='cuda:0') [dB]
[epoch 381] loss_d0=0.000132 loss_d1=0.000075 loss_d2=0.000095 loss_d3=0.000102 loss_d4=0.000095 loss_all=0.000100
[epoch 381] cv_d0=0.000146 cv_d1=0.000098 cv_d2=0.000104 cv_d3=0.000088 cv_d4=0.000114 cv_all=0.000110
381 MSE Training : tensor(-40.0166, device='cuda:0') [dB] MSE Validation : tensor(-39.5913, device='cuda:0') [dB]
Optimal idx: 2 Optimal : tensor(-41.8824, device='cuda:0') [dB]
[epoch 382] loss_d0=0.000143 loss_d1=0.000071 loss_d2=0.000081 loss_d3=0.000086 loss_d4=0.000110 loss_all=0.000098
[epoch 382] cv_d0=0.000146 cv_d1=0.000098 cv_d2=0.000104 cv_d3=0.000087 cv_d4=0.000114 cv_all=0.000110
382 MSE Training : tensor(-40.0813, device='cuda:0') [dB] MSE Validation : tensor(-39.5943, device='cuda:0') [dB]
Optimal idx: 2 Optimal : tensor(-41.8824, device='cuda:0') [dB]
[epoch 383] loss_d0=0.000134 loss_d1=0.000088 loss_d2=0.000120 loss_d3=0.000113 loss_d4=0.000096 loss_all=0.000110
[epoch 383] cv_d0=0.000145 cv_d1=0.000098 cv_d2=0.000104 cv_d3=0.000087 cv_d4=0.000113 cv_all=0.000110
383 MSE Training : tensor(-39.5794, device='cuda:0') [dB] MSE Validation : tensor(-39.5968, device='cuda:0') [dB]
Optimal idx: 2 Optimal : tensor(-41.8824, device='cuda:0') [dB]
[epoch 384] loss_d0=0.000111 loss_d1=0.000091 loss_d2=0.000079 loss_d3=0.000088 loss_d4=0.000098 loss_all=0.000093
[epoch 384] cv_d0=0.000145 cv_d1=0.000099 cv_d2=0.000104 cv_d3=0.000087 cv_d4=0.000113 cv_all=0.000110
384 MSE Training : tensor(-40.3049, device='cuda:0') [dB] MSE Validation : tensor(-39.5944, device='cuda:0') [dB]
Optimal idx: 2 Optimal : tensor(-41.8824, device='cuda:0') [dB]
[epoch 385] loss_d0=0.000152 loss_d1=0.000118 loss_d2=0.000107 loss_d3=0.000087 loss_d4=0.000077 loss_all=0.000108
[epoch 385] cv_d0=0.000145 cv_d1=0.000099 cv_d2=0.000104 cv_d3=0.000088 cv_d4=0.000113 cv_all=0.000110
385 MSE Training : tensor(-39.6611, device='cuda:0') [dB] MSE Validation : tensor(-39.5970, device='cuda:0') [dB]
Optimal idx: 2 Optimal : tensor(-41.8824, device='cuda:0') [dB]
[epoch 386] loss_d0=0.000118 loss_d1=0.000092 loss_d2=0.000100 loss_d3=0.000060 loss_d4=0.000075 loss_all=0.000089
[epoch 386] cv_d0=0.000145 cv_d1=0.000099 cv_d2=0.000104 cv_d3=0.000088 cv_d4=0.000113 cv_all=0.000110
386 MSE Training : tensor(-40.5000, device='cuda:0') [dB] MSE Validation : tensor(-39.5941, device='cuda:0') [dB]
Optimal idx: 2 Optimal : tensor(-41.8824, device='cuda:0') [dB]
[epoch 387] loss_d0=0.000117 loss_d1=0.000120 loss_d2=0.000120 loss_d3=0.000110 loss_d4=0.000114 loss_all=0.000116
[epoch 387] cv_d0=0.000145 cv_d1=0.000099 cv_d2=0.000104 cv_d3=0.000088 cv_d4=0.000114 cv_all=0.000110
387 MSE Training : tensor(-39.3374, device='cuda:0') [dB] MSE Validation : tensor(-39.5951, device='cuda:0') [dB]
Optimal idx: 2 Optimal : tensor(-41.8824, device='cuda:0') [dB]
[epoch 388] loss_d0=0.000128 loss_d1=0.000080 loss_d2=0.000098 loss_d3=0.000099 loss_d4=0.000100 loss_all=0.000101
[epoch 388] cv_d0=0.000145 cv_d1=0.000099 cv_d2=0.000104 cv_d3=0.000088 cv_d4=0.000114 cv_all=0.000110
388 MSE Training : tensor(-39.9579, device='cuda:0') [dB] MSE Validation : tensor(-39.5947, device='cuda:0') [dB]
Optimal idx: 2 Optimal : tensor(-41.8824, device='cuda:0') [dB]
[epoch 389] loss_d0=0.000138 loss_d1=0.000080 loss_d2=0.000094 loss_d3=0.000096 loss_d4=0.000091 loss_all=0.000100
[epoch 389] cv_d0=0.000145 cv_d1=0.000099 cv_d2=0.000104 cv_d3=0.000088 cv_d4=0.000114 cv_all=0.000110
389 MSE Training : tensor(-40.0129, device='cuda:0') [dB] MSE Validation : tensor(-39.5930, device='cuda:0') [dB]
Optimal idx: 2 Optimal : tensor(-41.8824, device='cuda:0') [dB]
[epoch 390] loss_d0=0.000151 loss_d1=0.000088 loss_d2=0.000092 loss_d3=0.000087 loss_d4=0.000106 loss_all=0.000105
[epoch 390] cv_d0=0.000145 cv_d1=0.000099 cv_d2=0.000104 cv_d3=0.000088 cv_d4=0.000113 cv_all=0.000110
390 MSE Training : tensor(-39.7972, device='cuda:0') [dB] MSE Validation : tensor(-39.5914, device='cuda:0') [dB]
Optimal idx: 2 Optimal : tensor(-41.8824, device='cuda:0') [dB]
[epoch 391] loss_d0=0.000169 loss_d1=0.000077 loss_d2=0.000105 loss_d3=0.000075 loss_d4=0.000102 loss_all=0.000106
[epoch 391] cv_d0=0.000144 cv_d1=0.000099 cv_d2=0.000104 cv_d3=0.000088 cv_d4=0.000114 cv_all=0.000110
391 MSE Training : tensor(-39.7650, device='cuda:0') [dB] MSE Validation : tensor(-39.5901, device='cuda:0') [dB]
Optimal idx: 2 Optimal : tensor(-41.8824, device='cuda:0') [dB]
[epoch 392] loss_d0=0.000141 loss_d1=0.000119 loss_d2=0.000145 loss_d3=0.000106 loss_d4=0.000098 loss_all=0.000122
[epoch 392] cv_d0=0.000144 cv_d1=0.000099 cv_d2=0.000104 cv_d3=0.000088 cv_d4=0.000114 cv_all=0.000110
392 MSE Training : tensor(-39.1451, device='cuda:0') [dB] MSE Validation : tensor(-39.5945, device='cuda:0') [dB]
Optimal idx: 2 Optimal : tensor(-41.8824, device='cuda:0') [dB]
[epoch 393] loss_d0=0.000111 loss_d1=0.000091 loss_d2=0.000120 loss_d3=0.000095 loss_d4=0.000155 loss_all=0.000114
[epoch 393] cv_d0=0.000143 cv_d1=0.000099 cv_d2=0.000104 cv_d3=0.000089 cv_d4=0.000114 cv_all=0.000110
393 MSE Training : tensor(-39.4149, device='cuda:0') [dB] MSE Validation : tensor(-39.5982, device='cuda:0') [dB]
Optimal idx: 2 Optimal : tensor(-41.8824, device='cuda:0') [dB]
[epoch 394] loss_d0=0.000101 loss_d1=0.000103 loss_d2=0.000088 loss_d3=0.000084 loss_d4=0.000080 loss_all=0.000091
[epoch 394] cv_d0=0.000143 cv_d1=0.000098 cv_d2=0.000104 cv_d3=0.000089 cv_d4=0.000114 cv_all=0.000110
394 MSE Training : tensor(-40.4015, device='cuda:0') [dB] MSE Validation : tensor(-39.6000, device='cuda:0') [dB]
Optimal idx: 2 Optimal : tensor(-41.8824, device='cuda:0') [dB]
[epoch 395] loss_d0=0.000121 loss_d1=0.000092 loss_d2=0.000113 loss_d3=0.000096 loss_d4=0.000115 loss_all=0.000107
[epoch 395] cv_d0=0.000142 cv_d1=0.000098 cv_d2=0.000104 cv_d3=0.000089 cv_d4=0.000115 cv_all=0.000110
395 MSE Training : tensor(-39.6915, device='cuda:0') [dB] MSE Validation : tensor(-39.6013, device='cuda:0') [dB]
Optimal idx: 2 Optimal : tensor(-41.8824, device='cuda:0') [dB]
[epoch 396] loss_d0=0.000107 loss_d1=0.000083 loss_d2=0.000079 loss_d3=0.000094 loss_d4=0.000111 loss_all=0.000095
[epoch 396] cv_d0=0.000142 cv_d1=0.000098 cv_d2=0.000103 cv_d3=0.000089 cv_d4=0.000115 cv_all=0.000110
396 MSE Training : tensor(-40.2395, device='cuda:0') [dB] MSE Validation : tensor(-39.5992, device='cuda:0') [dB]
Optimal idx: 2 Optimal : tensor(-41.8824, device='cuda:0') [dB]
[epoch 397] loss_d0=0.000149 loss_d1=0.000102 loss_d2=0.000079 loss_d3=0.000089 loss_d4=0.000090 loss_all=0.000102
[epoch 397] cv_d0=0.000143 cv_d1=0.000098 cv_d2=0.000103 cv_d3=0.000090 cv_d4=0.000115 cv_all=0.000110
397 MSE Training : tensor(-39.9192, device='cuda:0') [dB] MSE Validation : tensor(-39.5960, device='cuda:0') [dB]
Optimal idx: 2 Optimal : tensor(-41.8824, device='cuda:0') [dB]
[epoch 398] loss_d0=0.000125 loss_d1=0.000119 loss_d2=0.000102 loss_d3=0.000103 loss_d4=0.000112 loss_all=0.000112
[epoch 398] cv_d0=0.000143 cv_d1=0.000098 cv_d2=0.000103 cv_d3=0.000090 cv_d4=0.000116 cv_all=0.000110
398 MSE Training : tensor(-39.5058, device='cuda:0') [dB] MSE Validation : tensor(-39.5900, device='cuda:0') [dB]
Optimal idx: 2 Optimal : tensor(-41.8824, device='cuda:0') [dB]
[epoch 399] loss_d0=0.000128 loss_d1=0.000097 loss_d2=0.000103 loss_d3=0.000099 loss_d4=0.000112 loss_all=0.000108
[epoch 399] cv_d0=0.000144 cv_d1=0.000098 cv_d2=0.000103 cv_d3=0.000090 cv_d4=0.000116 cv_all=0.000110
399 MSE Training : tensor(-39.6670, device='cuda:0') [dB] MSE Validation : tensor(-39.5811, device='cuda:0') [dB]
Optimal idx: 2 Optimal : tensor(-41.8824, device='cuda:0') [dB]

[STEP 1b] Training FALSE RTSNet (wrong H_init=H_Rotate)...
loading model_and keep training them
[epoch 000] loss_d0=0.692504 loss_d1=0.707267 loss_d2=12.814101 loss_d3=17.905401 loss_d4=32.457275 loss_all=12.915311
[epoch 000] cv_d0=1.551712 cv_d1=3.246620 cv_d2=6.799376 cv_d3=17.403812 cv_d4=28.352652 cv_all=11.470835
0 MSE Training : tensor(11.1110, device='cuda:0') [dB] MSE Validation : tensor(10.5960, device='cuda:0') [dB]
Optimal idx: 0 Optimal : tensor(10.5960, device='cuda:0') [dB]
[epoch 001] loss_d0=0.875528 loss_d1=2.755565 loss_d2=6.977565 loss_d3=18.269331 loss_d4=27.160894 loss_all=11.207777
[epoch 001] cv_d0=0.734847 cv_d1=2.590098 cv_d2=3.335530 cv_d3=8.215269 cv_d4=18.539967 cv_all=6.683142
1 MSE Training : tensor(10.4952, device='cuda:0') [dB] MSE Validation : tensor(8.2498, device='cuda:0') [dB]
Optimal idx: 1 Optimal : tensor(8.2498, device='cuda:0') [dB]
[epoch 002] loss_d0=0.561140 loss_d1=2.750079 loss_d2=3.014536 loss_d3=8.706347 loss_d4=14.108478 loss_all=5.828116
[epoch 002] cv_d0=0.382071 cv_d1=2.059268 cv_d2=1.635006 cv_d3=4.386515 cv_d4=11.673062 cv_all=4.027184
2 MSE Training : tensor(7.6553, device='cuda:0') [dB] MSE Validation : tensor(6.0500, device='cuda:0') [dB]
Optimal idx: 2 Optimal : tensor(6.0500, device='cuda:0') [dB]
[epoch 003] loss_d0=0.300209 loss_d1=1.884593 loss_d2=1.666090 loss_d3=4.671709 loss_d4=14.244020 loss_all=4.553324
[epoch 003] cv_d0=0.449629 cv_d1=1.445561 cv_d2=2.885859 cv_d3=5.070330 cv_d4=6.730033 cv_all=3.316283
3 MSE Training : tensor(6.5833, device='cuda:0') [dB] MSE Validation : tensor(5.2065, device='cuda:0') [dB]
Optimal idx: 3 Optimal : tensor(5.2065, device='cuda:0') [dB]
[epoch 004] loss_d0=0.292324 loss_d1=1.257223 loss_d2=2.971045 loss_d3=5.142381 loss_d4=5.165728 loss_all=2.965740
[epoch 004] cv_d0=0.221796 cv_d1=0.394694 cv_d2=2.144131 cv_d3=3.184549 cv_d4=6.270361 cv_all=2.443106
4 MSE Training : tensor(4.7213, device='cuda:0') [dB] MSE Validation : tensor(3.8794, device='cuda:0') [dB]
Optimal idx: 4 Optimal : tensor(3.8794, device='cuda:0') [dB]
[epoch 005] loss_d0=0.160998 loss_d1=0.381439 loss_d2=1.823004 loss_d3=3.137663 loss_d4=4.455372 loss_all=1.991695
[epoch 005] cv_d0=0.270624 cv_d1=0.494173 cv_d2=3.021715 cv_d3=2.405671 cv_d4=9.709108 cv_all=3.180258
5 MSE Training : tensor(2.9922, device='cuda:0') [dB] MSE Validation : tensor(5.0246, device='cuda:0') [dB]
Optimal idx: 4 Optimal : tensor(3.8794, device='cuda:0') [dB]
[epoch 006] loss_d0=0.141921 loss_d1=0.393769 loss_d2=2.603455 loss_d3=2.444617 loss_d4=8.584594 loss_all=2.833671
[epoch 006] cv_d0=0.358482 cv_d1=0.247725 cv_d2=1.971159 cv_d3=1.781643 cv_d4=7.930815 cv_all=2.457965
6 MSE Training : tensor(4.5235, device='cuda:0') [dB] MSE Validation : tensor(3.9058, device='cuda:0') [dB]
Optimal idx: 4 Optimal : tensor(3.8794, device='cuda:0') [dB]
[epoch 007] loss_d0=0.292842 loss_d1=0.325801 loss_d2=2.700985 loss_d3=2.594276 loss_d4=12.160506 loss_all=3.614882
[epoch 007] cv_d0=0.358264 cv_d1=0.477275 cv_d2=0.922601 cv_d3=1.682300 cv_d4=4.136864 cv_all=1.515461
7 MSE Training : tensor(5.5809, device='cuda:0') [dB] MSE Validation : tensor(1.8054, device='cuda:0') [dB]
Optimal idx: 7 Optimal : tensor(1.8054, device='cuda:0') [dB]
[epoch 008] loss_d0=0.287069 loss_d1=0.378582 loss_d2=1.206028 loss_d3=1.711808 loss_d4=4.602527 loss_all=1.637203
[epoch 008] cv_d0=0.412514 cv_d1=0.643416 cv_d2=2.444649 cv_d3=3.055109 cv_d4=3.481700 cv_all=2.007478
8 MSE Training : tensor(2.1410, device='cuda:0') [dB] MSE Validation : tensor(3.0265, device='cuda:0') [dB]
Optimal idx: 7 Optimal : tensor(1.8054, device='cuda:0') [dB]
[epoch 009] loss_d0=0.287161 loss_d1=0.487155 loss_d2=2.524242 loss_d3=3.260160 loss_d4=3.285356 loss_all=1.968815
[epoch 009] cv_d0=0.279659 cv_d1=0.185711 cv_d2=2.295575 cv_d3=2.241576 cv_d4=4.149338 cv_all=1.830372
9 MSE Training : tensor(2.9420, device='cuda:0') [dB] MSE Validation : tensor(2.6254, device='cuda:0') [dB]
Optimal idx: 7 Optimal : tensor(1.8054, device='cuda:0') [dB]
[epoch 010] loss_d0=0.204865 loss_d1=0.209327 loss_d2=2.281263 loss_d3=2.440441 loss_d4=4.666529 loss_all=1.960485
[epoch 010] cv_d0=0.602299 cv_d1=3.044133 cv_d2=4.331618 cv_d3=6.753571 cv_d4=12.100572 cv_all=5.366438
10 MSE Training : tensor(2.9236, device='cuda:0') [dB] MSE Validation : tensor(7.2969, device='cuda:0') [dB]
Optimal idx: 7 Optimal : tensor(1.8054, device='cuda:0') [dB]
[epoch 011] loss_d0=0.171774 loss_d1=1.735915 loss_d2=2.616825 loss_d3=5.688945 loss_d4=12.878439 loss_all=4.618380
[epoch 011] cv_d0=0.899698 cv_d1=4.949186 cv_d2=6.320323 cv_d3=10.102768 cv_d4=16.494478 cv_all=7.753291
11 MSE Training : tensor(6.6449, device='cuda:0') [dB] MSE Validation : tensor(8.8949, device='cuda:0') [dB]
Optimal idx: 7 Optimal : tensor(1.8054, device='cuda:0') [dB]
[epoch 012] loss_d0=0.502783 loss_d1=3.903559 loss_d2=5.048034 loss_d3=11.620293 loss_d4=17.978880 loss_all=7.810710
[epoch 012] cv_d0=0.850104 cv_d1=2.363353 cv_d2=5.305010 cv_d3=6.755158 cv_d4=11.017035 cv_all=5.258132
12 MSE Training : tensor(8.9269, device='cuda:0') [dB] MSE Validation : tensor(7.2083, device='cuda:0') [dB]
Optimal idx: 7 Optimal : tensor(1.8054, device='cuda:0') [dB]
[epoch 013] loss_d0=0.455857 loss_d1=1.689364 loss_d2=4.041909 loss_d3=6.913199 loss_d4=10.532164 loss_all=4.726499
[epoch 013] cv_d0=0.652354 cv_d1=0.269377 cv_d2=3.407609 cv_d3=3.320925 cv_d4=5.247408 cv_all=2.579535
13 MSE Training : tensor(6.7454, device='cuda:0') [dB] MSE Validation : tensor(4.1154, device='cuda:0') [dB]
Optimal idx: 7 Optimal : tensor(1.8054, device='cuda:0') [dB]
[epoch 014] loss_d0=0.459553 loss_d1=0.291216 loss_d2=3.381848 loss_d3=4.066215 loss_d4=6.394355 loss_all=2.918637
[epoch 014] cv_d0=0.610812 cv_d1=1.003796 cv_d2=2.305389 cv_d3=2.532593 cv_d4=3.938525 cv_all=2.078223
14 MSE Training : tensor(4.6518, device='cuda:0') [dB] MSE Validation : tensor(3.1769, device='cuda:0') [dB]
Optimal idx: 7 Optimal : tensor(1.8054, device='cuda:0') [dB]
[epoch 015] loss_d0=0.250731 loss_d1=0.719237 loss_d2=2.358298 loss_d3=2.572546 loss_d4=3.294183 loss_all=1.838999
[epoch 015] cv_d0=0.523711 cv_d1=1.658463 cv_d2=1.646290 cv_d3=2.891122 cv_d4=4.233176 cv_all=2.190552
15 MSE Training : tensor(2.6458, device='cuda:0') [dB] MSE Validation : tensor(3.4055, device='cuda:0') [dB]
Optimal idx: 7 Optimal : tensor(1.8054, device='cuda:0') [dB]
[epoch 016] loss_d0=0.384484 loss_d1=1.442898 loss_d2=1.679840 loss_d3=2.964387 loss_d4=3.780287 loss_all=2.050380
[epoch 016] cv_d0=0.287411 cv_d1=1.352728 cv_d2=0.732689 cv_d3=2.440213 cv_d4=3.459726 cv_all=1.654553
16 MSE Training : tensor(3.1183, device='cuda:0') [dB] MSE Validation : tensor(2.1868, device='cuda:0') [dB]
Optimal idx: 7 Optimal : tensor(1.8054, device='cuda:0') [dB]
[epoch 017] loss_d0=0.198895 loss_d1=1.146046 loss_d2=0.756624 loss_d3=2.596625 loss_d4=2.889741 loss_all=1.517586
[epoch 017] cv_d0=0.121253 cv_d1=0.595694 cv_d2=0.462690 cv_d3=1.405104 cv_d4=2.104619 cv_all=0.937872
17 MSE Training : tensor(1.8115, device='cuda:0') [dB] MSE Validation : tensor(-0.2786, device='cuda:0') [dB]
Optimal idx: 17 Optimal : tensor(-0.2786, device='cuda:0') [dB]
[epoch 018] loss_d0=0.098829 loss_d1=0.575769 loss_d2=0.539301 loss_d3=1.528349 loss_d4=2.147970 loss_all=0.978044
[epoch 018] cv_d0=0.260513 cv_d1=0.378248 cv_d2=1.711573 cv_d3=0.969749 cv_d4=2.184990 cv_all=1.101015
18 MSE Training : tensor(-0.0964, device='cuda:0') [dB] MSE Validation : tensor(0.4179, device='cuda:0') [dB]
Optimal idx: 17 Optimal : tensor(-0.2786, device='cuda:0') [dB]
[epoch 019] loss_d0=0.208395 loss_d1=0.391427 loss_d2=1.764900 loss_d3=0.954584 loss_d4=2.160491 loss_all=1.095960
[epoch 019] cv_d0=0.437081 cv_d1=0.757001 cv_d2=2.607286 cv_d3=1.503772 cv_d4=3.405785 cv_all=1.742185
19 MSE Training : tensor(0.3979, device='cuda:0') [dB] MSE Validation : tensor(2.4109, device='cuda:0') [dB]
Optimal idx: 17 Optimal : tensor(-0.2786, device='cuda:0') [dB]
[epoch 020] loss_d0=0.270642 loss_d1=0.502128 loss_d2=1.916151 loss_d3=0.963105 loss_d4=2.276720 loss_all=1.185749
[epoch 020] cv_d0=0.425427 cv_d1=0.776978 cv_d2=2.573794 cv_d3=1.867862 cv_d4=4.241379 cv_all=1.977088
20 MSE Training : tensor(0.7399, device='cuda:0') [dB] MSE Validation : tensor(2.9603, device='cuda:0') [dB]
Optimal idx: 17 Optimal : tensor(-0.2786, device='cuda:0') [dB]
[epoch 021] loss_d0=0.384106 loss_d1=0.957187 loss_d2=2.113367 loss_d3=1.509628 loss_d4=3.933439 loss_all=1.779545
[epoch 021] cv_d0=0.263776 cv_d1=0.326654 cv_d2=1.230970 cv_d3=1.130431 cv_d4=2.962121 cv_all=1.182790
21 MSE Training : tensor(2.5031, device='cuda:0') [dB] MSE Validation : tensor(0.7291, device='cuda:0') [dB]
Optimal idx: 17 Optimal : tensor(-0.2786, device='cuda:0') [dB]
[epoch 022] loss_d0=0.136329 loss_d1=0.370417 loss_d2=1.033414 loss_d3=1.018361 loss_d4=2.915349 loss_all=1.094774
[epoch 022] cv_d0=0.145489 cv_d1=0.116589 cv_d2=0.431510 cv_d3=0.783819 cv_d4=1.326592 cv_all=0.560800
22 MSE Training : tensor(0.3932, device='cuda:0') [dB] MSE Validation : tensor(-2.5119, device='cuda:0') [dB]
Optimal idx: 22 Optimal : tensor(-2.5119, device='cuda:0') [dB]
[epoch 023] loss_d0=0.107437 loss_d1=0.141259 loss_d2=0.438349 loss_d3=0.746763 loss_d4=0.892626 loss_all=0.465287
[epoch 023] cv_d0=0.082403 cv_d1=0.109194 cv_d2=0.284640 cv_d3=0.654271 cv_d4=0.846204 cv_all=0.395342
23 MSE Training : tensor(-3.3228, device='cuda:0') [dB] MSE Validation : tensor(-4.0303, device='cuda:0') [dB]
Optimal idx: 23 Optimal : tensor(-4.0303, device='cuda:0') [dB]
[epoch 024] loss_d0=0.054192 loss_d1=0.097042 loss_d2=0.272289 loss_d3=0.646186 loss_d4=0.691967 loss_all=0.352335
[epoch 024] cv_d0=0.050117 cv_d1=0.096747 cv_d2=0.287237 cv_d3=0.423539 cv_d4=1.348628 cv_all=0.441254
24 MSE Training : tensor(-4.5304, device='cuda:0') [dB] MSE Validation : tensor(-3.5531, device='cuda:0') [dB]
Optimal idx: 23 Optimal : tensor(-4.0303, device='cuda:0') [dB]
[epoch 025] loss_d0=0.037334 loss_d1=0.121162 loss_d2=0.350819 loss_d3=0.459674 loss_d4=1.144157 loss_all=0.422629
[epoch 025] cv_d0=0.076091 cv_d1=0.112139 cv_d2=0.498449 cv_d3=0.643258 cv_d4=1.514067 cv_all=0.568801
25 MSE Training : tensor(-3.7404, device='cuda:0') [dB] MSE Validation : tensor(-2.4504, device='cuda:0') [dB]
Optimal idx: 23 Optimal : tensor(-4.0303, device='cuda:0') [dB]
[epoch 026] loss_d0=0.038715 loss_d1=0.109341 loss_d2=0.459148 loss_d3=0.669828 loss_d4=1.406736 loss_all=0.536754
[epoch 026] cv_d0=0.109079 cv_d1=0.106960 cv_d2=0.520571 cv_d3=0.719056 cv_d4=1.698543 cv_all=0.630842
26 MSE Training : tensor(-2.7023, device='cuda:0') [dB] MSE Validation : tensor(-2.0008, device='cuda:0') [dB]
Optimal idx: 23 Optimal : tensor(-4.0303, device='cuda:0') [dB]
[epoch 027] loss_d0=0.092255 loss_d1=0.152381 loss_d2=0.549131 loss_d3=0.721967 loss_d4=1.317702 loss_all=0.566687
[epoch 027] cv_d0=0.144518 cv_d1=0.105051 cv_d2=0.606697 cv_d3=0.606273 cv_d4=1.331969 cv_all=0.558902
27 MSE Training : tensor(-2.4666, device='cuda:0') [dB] MSE Validation : tensor(-2.5266, device='cuda:0') [dB]
Optimal idx: 23 Optimal : tensor(-4.0303, device='cuda:0') [dB]
[epoch 028] loss_d0=0.125682 loss_d1=0.128290 loss_d2=0.605734 loss_d3=0.638883 loss_d4=1.245635 loss_all=0.548845
[epoch 028] cv_d0=0.182169 cv_d1=0.143878 cv_d2=0.508857 cv_d3=0.620594 cv_d4=1.169034 cv_all=0.524907
28 MSE Training : tensor(-2.6055, device='cuda:0') [dB] MSE Validation : tensor(-2.7992, device='cuda:0') [dB]
Optimal idx: 23 Optimal : tensor(-4.0303, device='cuda:0') [dB]
[epoch 029] loss_d0=0.127811 loss_d1=0.147419 loss_d2=0.559961 loss_d3=0.650596 loss_d4=1.016865 loss_all=0.500530
[epoch 029] cv_d0=0.106040 cv_d1=0.153332 cv_d2=0.483238 cv_d3=0.696842 cv_d4=1.675406 cv_all=0.622972
29 MSE Training : tensor(-3.0057, device='cuda:0') [dB] MSE Validation : tensor(-2.0553, device='cuda:0') [dB]
Optimal idx: 23 Optimal : tensor(-4.0303, device='cuda:0') [dB]
[epoch 030] loss_d0=0.044789 loss_d1=0.133419 loss_d2=0.510289 loss_d3=0.795850 loss_d4=1.796659 loss_all=0.656201
[epoch 030] cv_d0=0.113612 cv_d1=0.287053 cv_d2=0.777828 cv_d3=1.122273 cv_d4=2.735786 cv_all=1.007311
30 MSE Training : tensor(-1.8296, device='cuda:0') [dB] MSE Validation : tensor(0.0316, device='cuda:0') [dB]
Optimal idx: 23 Optimal : tensor(-4.0303, device='cuda:0') [dB]
[epoch 031] loss_d0=0.069037 loss_d1=0.222302 loss_d2=0.712858 loss_d3=1.141372 loss_d4=2.772636 loss_all=0.983641
[epoch 031] cv_d0=0.196779 cv_d1=0.214681 cv_d2=0.620072 cv_d3=1.430176 cv_d4=2.566316 cv_all=1.005605
31 MSE Training : tensor(-0.0716, device='cuda:0') [dB] MSE Validation : tensor(0.0243, device='cuda:0') [dB]
Optimal idx: 23 Optimal : tensor(-4.0303, device='cuda:0') [dB]
[epoch 032] loss_d0=0.130840 loss_d1=0.207858 loss_d2=0.629385 loss_d3=1.634342 loss_d4=3.014777 loss_all=1.123441
[epoch 032] cv_d0=0.373817 cv_d1=0.967473 cv_d2=1.256253 cv_d3=1.485254 cv_d4=1.711812 cv_all=1.158922
32 MSE Training : tensor(0.5055, device='cuda:0') [dB] MSE Validation : tensor(0.6405, device='cuda:0') [dB]
Optimal idx: 23 Optimal : tensor(-4.0303, device='cuda:0') [dB]
[epoch 033] loss_d0=0.277357 loss_d1=1.242254 loss_d2=1.134723 loss_d3=1.483502 loss_d4=1.695033 loss_all=1.166574
[epoch 033] cv_d0=0.515838 cv_d1=1.707708 cv_d2=2.153952 cv_d3=1.643016 cv_d4=2.201355 cv_all=1.644374
33 MSE Training : tensor(0.6691, device='cuda:0') [dB] MSE Validation : tensor(2.1600, device='cuda:0') [dB]
Optimal idx: 23 Optimal : tensor(-4.0303, device='cuda:0') [dB]
[epoch 034] loss_d0=0.389425 loss_d1=2.030811 loss_d2=1.816614 loss_d3=1.415513 loss_d4=2.361086 loss_all=1.602690
[epoch 034] cv_d0=0.514315 cv_d1=1.175309 cv_d2=2.015552 cv_d3=1.105446 cv_d4=1.498610 cv_all=1.261846
34 MSE Training : tensor(2.0485, device='cuda:0') [dB] MSE Validation : tensor(1.0101, device='cuda:0') [dB]
Optimal idx: 23 Optimal : tensor(-4.0303, device='cuda:0') [dB]
[epoch 035] loss_d0=0.364006 loss_d1=1.245278 loss_d2=1.654195 loss_d3=0.969987 loss_d4=1.444291 loss_all=1.135551
[epoch 035] cv_d0=0.371234 cv_d1=0.469253 cv_d2=1.332295 cv_d3=0.700981 cv_d4=1.278047 cv_all=0.830362
35 MSE Training : tensor(0.5521, device='cuda:0') [dB] MSE Validation : tensor(-0.8073, device='cuda:0') [dB]
Optimal idx: 23 Optimal : tensor(-4.0303, device='cuda:0') [dB]
[epoch 036] loss_d0=0.246823 loss_d1=0.533519 loss_d2=1.249158 loss_d3=0.707391 loss_d4=1.316192 loss_all=0.810617
[epoch 036] cv_d0=0.225532 cv_d1=0.357597 cv_d2=0.855437 cv_d3=0.975500 cv_d4=2.102201 cv_all=0.903254
36 MSE Training : tensor(-0.9118, device='cuda:0') [dB] MSE Validation : tensor(-0.4419, device='cuda:0') [dB]
Optimal idx: 23 Optimal : tensor(-4.0303, device='cuda:0') [dB]
[epoch 037] loss_d0=0.108645 loss_d1=0.345531 loss_d2=1.016784 loss_d3=1.091789 loss_d4=2.472960 loss_all=1.007142
[epoch 037] cv_d0=0.125857 cv_d1=0.356440 cv_d2=0.472735 cv_d3=0.734698 cv_d4=1.400918 cv_all=0.618130
37 MSE Training : tensor(0.0309, device='cuda:0') [dB] MSE Validation : tensor(-2.0892, device='cuda:0') [dB]
Optimal idx: 23 Optimal : tensor(-4.0303, device='cuda:0') [dB]
[epoch 038] loss_d0=0.111617 loss_d1=0.405884 loss_d2=0.508851 loss_d3=0.682295 loss_d4=1.118728 loss_all=0.565475
[epoch 038] cv_d0=0.095167 cv_d1=0.252296 cv_d2=0.215451 cv_d3=0.498289 cv_d4=1.576205 cv_all=0.527482
38 MSE Training : tensor(-2.4759, device='cuda:0') [dB] MSE Validation : tensor(-2.7779, device='cuda:0') [dB]
Optimal idx: 23 Optimal : tensor(-4.0303, device='cuda:0') [dB]
[epoch 039] loss_d0=0.077624 loss_d1=0.275139 loss_d2=0.213693 loss_d3=0.426276 loss_d4=1.280159 loss_all=0.454578
[epoch 039] cv_d0=0.141348 cv_d1=0.136970 cv_d2=0.442221 cv_d3=1.008524 cv_d4=4.151789 cv_all=1.176170
39 MSE Training : tensor(-3.4239, device='cuda:0') [dB] MSE Validation : tensor(0.7047, device='cuda:0') [dB]
Optimal idx: 23 Optimal : tensor(-4.0303, device='cuda:0') [dB]
[epoch 040] loss_d0=0.113881 loss_d1=0.143824 loss_d2=0.356130 loss_d3=0.840691 loss_d4=3.739649 loss_all=1.038835
[epoch 040] cv_d0=0.140558 cv_d1=0.105199 cv_d2=0.646566 cv_d3=1.891892 cv_d4=7.675877 cv_all=2.092018
40 MSE Training : tensor(0.1655, device='cuda:0') [dB] MSE Validation : tensor(3.2057, device='cuda:0') [dB]
Optimal idx: 23 Optimal : tensor(-4.0303, device='cuda:0') [dB]
[epoch 041] loss_d0=0.088677 loss_d1=0.135695 loss_d2=0.510944 loss_d3=1.948565 loss_d4=7.616764 loss_all=2.060129
[epoch 041] cv_d0=0.151354 cv_d1=0.105757 cv_d2=0.660743 cv_d3=2.050862 cv_d4=7.887250 cv_all=2.171193
41 MSE Training : tensor(3.1389, device='cuda:0') [dB] MSE Validation : tensor(3.3670, device='cuda:0') [dB]
Optimal idx: 23 Optimal : tensor(-4.0303, device='cuda:0') [dB]
[epoch 042] loss_d0=0.114464 loss_d1=0.129070 loss_d2=0.881912 loss_d3=2.879986 loss_d4=9.823621 loss_all=2.765811
[epoch 042] cv_d0=0.131034 cv_d1=0.131069 cv_d2=0.395801 cv_d3=1.221015 cv_d4=4.279581 cv_all=1.231700
42 MSE Training : tensor(4.4182, device='cuda:0') [dB] MSE Validation : tensor(0.9050, device='cuda:0') [dB]
Optimal idx: 23 Optimal : tensor(-4.0303, device='cuda:0') [dB]
[epoch 043] loss_d0=0.082237 loss_d1=0.156227 loss_d2=0.241487 loss_d3=0.951296 loss_d4=2.410478 loss_all=0.768345
[epoch 043] cv_d0=0.133295 cv_d1=0.308620 cv_d2=0.344139 cv_d3=0.776755 cv_d4=1.891487 cv_all=0.690859
43 MSE Training : tensor(-1.1444, device='cuda:0') [dB] MSE Validation : tensor(-1.6061, device='cuda:0') [dB]
Optimal idx: 23 Optimal : tensor(-4.0303, device='cuda:0') [dB]
[epoch 044] loss_d0=0.075858 loss_d1=0.301128 loss_d2=0.357847 loss_d3=0.759160 loss_d4=1.351338 loss_all=0.569067
[epoch 044] cv_d0=0.149152 cv_d1=0.607830 cv_d2=0.724838 cv_d3=0.929243 cv_d4=1.963304 cv_all=0.874874
44 MSE Training : tensor(-2.4484, device='cuda:0') [dB] MSE Validation : tensor(-0.5805, device='cuda:0') [dB]
Optimal idx: 23 Optimal : tensor(-4.0303, device='cuda:0') [dB]
[epoch 045] loss_d0=0.094947 loss_d1=0.740120 loss_d2=0.801713 loss_d3=0.938922 loss_d4=1.543931 loss_all=0.823927
[epoch 045] cv_d0=0.266456 cv_d1=1.594866 cv_d2=1.492017 cv_d3=1.488045 cv_d4=2.454221 cv_all=1.459121
45 MSE Training : tensor(-0.8411, device='cuda:0') [dB] MSE Validation : tensor(1.6409, device='cuda:0') [dB]
Optimal idx: 23 Optimal : tensor(-4.0303, device='cuda:0') [dB]
[epoch 046] loss_d0=0.205135 loss_d1=1.577522 loss_d2=1.426578 loss_d3=1.664424 loss_d4=2.780535 loss_all=1.530839
[epoch 046] cv_d0=0.365489 cv_d1=2.596504 cv_d2=1.852590 cv_d3=1.964098 cv_d4=2.631368 cv_all=1.882010
46 MSE Training : tensor(1.8493, device='cuda:0') [dB] MSE Validation : tensor(2.7462, device='cuda:0') [dB]
Optimal idx: 23 Optimal : tensor(-4.0303, device='cuda:0') [dB]
[epoch 047] loss_d0=0.270956 loss_d1=2.657018 loss_d2=1.873377 loss_d3=2.003174 loss_d4=2.745330 loss_all=1.909971
[epoch 047] cv_d0=0.294132 cv_d1=1.837472 cv_d2=1.260865 cv_d3=1.352316 cv_d4=1.799257 cv_all=1.308808
47 MSE Training : tensor(2.8103, device='cuda:0') [dB] MSE Validation : tensor(1.1688, device='cuda:0') [dB]
Optimal idx: 23 Optimal : tensor(-4.0303, device='cuda:0') [dB]
[epoch 048] loss_d0=0.189082 loss_d1=1.803171 loss_d2=1.086619 loss_d3=1.300759 loss_d4=1.666334 loss_all=1.209193
[epoch 048] cv_d0=0.253191 cv_d1=1.087848 cv_d2=0.922825 cv_d3=0.969477 cv_d4=1.509709 cv_all=0.948610
48 MSE Training : tensor(0.8250, device='cuda:0') [dB] MSE Validation : tensor(-0.2291, device='cuda:0') [dB]
Optimal idx: 23 Optimal : tensor(-4.0303, device='cuda:0') [dB]
[epoch 049] loss_d0=0.178764 loss_d1=1.178078 loss_d2=0.974861 loss_d3=0.968203 loss_d4=1.326116 loss_all=0.925204
[epoch 049] cv_d0=0.163198 cv_d1=0.391813 cv_d2=0.437789 cv_d3=0.690555 cv_d4=1.252614 cv_all=0.587194
49 MSE Training : tensor(-0.3376, device='cuda:0') [dB] MSE Validation : tensor(-2.3122, device='cuda:0') [dB]
Optimal idx: 23 Optimal : tensor(-4.0303, device='cuda:0') [dB]
[epoch 050] loss_d0=0.076754 loss_d1=0.524626 loss_d2=0.392513 loss_d3=0.754651 loss_d4=1.073437 loss_all=0.564396
[epoch 050] cv_d0=0.117164 cv_d1=0.164796 cv_d2=0.313185 cv_d3=1.343581 cv_d4=2.183113 cv_all=0.824368
50 MSE Training : tensor(-2.4842, device='cuda:0') [dB] MSE Validation : tensor(-0.8388, device='cuda:0') [dB]
Optimal idx: 23 Optimal : tensor(-4.0303, device='cuda:0') [dB]
[epoch 051] loss_d0=0.063663 loss_d1=0.163515 loss_d2=0.372941 loss_d3=1.696241 loss_d4=2.504744 loss_all=0.960221
[epoch 051] cv_d0=0.119745 cv_d1=0.495359 cv_d2=0.445815 cv_d3=2.196014 cv_d4=3.531236 cv_all=1.357634
51 MSE Training : tensor(-0.1763, device='cuda:0') [dB] MSE Validation : tensor(1.3278, device='cuda:0') [dB]
Optimal idx: 23 Optimal : tensor(-4.0303, device='cuda:0') [dB]
[epoch 052] loss_d0=0.084286 loss_d1=0.462022 loss_d2=0.534027 loss_d3=2.872487 loss_d4=4.059024 loss_all=1.602369
[epoch 052] cv_d0=0.100394 cv_d1=0.448574 cv_d2=0.416130 cv_d3=1.466370 cv_d4=2.640260 cv_all=1.014346
52 MSE Training : tensor(2.0476, device='cuda:0') [dB] MSE Validation : tensor(0.0619, device='cuda:0') [dB]
Optimal idx: 23 Optimal : tensor(-4.0303, device='cuda:0') [dB]
[epoch 053] loss_d0=0.091652 loss_d1=0.464405 loss_d2=0.447773 loss_d3=2.016221 loss_d4=3.295497 loss_all=1.263110
[epoch 053] cv_d0=0.080094 cv_d1=0.214060 cv_d2=0.216001 cv_d3=0.535034 cv_d4=1.041890 cv_all=0.417416
53 MSE Training : tensor(1.0144, device='cuda:0') [dB] MSE Validation : tensor(-3.7943, device='cuda:0') [dB]
Optimal idx: 23 Optimal : tensor(-4.0303, device='cuda:0') [dB]
[epoch 054] loss_d0=0.063847 loss_d1=0.238584 loss_d2=0.194053 loss_d3=0.517765 loss_d4=0.961963 loss_all=0.395242
[epoch 054] cv_d0=0.108236 cv_d1=0.140804 cv_d2=0.223853 cv_d3=0.370392 cv_d4=0.620053 cv_all=0.292668
54 MSE Training : tensor(-4.0314, device='cuda:0') [dB] MSE Validation : tensor(-5.3363, device='cuda:0') [dB]
Optimal idx: 54 Optimal : tensor(-5.3363, device='cuda:0') [dB]
[epoch 055] loss_d0=0.070989 loss_d1=0.145993 loss_d2=0.268916 loss_d3=0.354693 loss_d4=0.533001 loss_all=0.274718
[epoch 055] cv_d0=0.174994 cv_d1=0.459768 cv_d2=0.243441 cv_d3=0.575247 cv_d4=0.924029 cv_all=0.475496
55 MSE Training : tensor(-5.6111, device='cuda:0') [dB] MSE Validation : tensor(-3.2285, device='cuda:0') [dB]
Optimal idx: 54 Optimal : tensor(-5.3363, device='cuda:0') [dB]
[epoch 056] loss_d0=0.074132 loss_d1=0.298967 loss_d2=0.337980 loss_d3=0.526002 loss_d4=0.885045 loss_all=0.424425
[epoch 056] cv_d0=0.228343 cv_d1=0.270937 cv_d2=0.298673 cv_d3=0.723096 cv_d4=1.571561 cv_all=0.618522
56 MSE Training : tensor(-3.7220, device='cuda:0') [dB] MSE Validation : tensor(-2.0864, device='cuda:0') [dB]
Optimal idx: 54 Optimal : tensor(-5.3363, device='cuda:0') [dB]
[epoch 057] loss_d0=0.172325 loss_d1=0.233605 loss_d2=0.223141 loss_d3=0.657768 loss_d4=1.622264 loss_all=0.581821
[epoch 057] cv_d0=0.219870 cv_d1=0.117638 cv_d2=0.351998 cv_d3=0.644601 cv_d4=1.670064 cv_all=0.600834
57 MSE Training : tensor(-2.3521, device='cuda:0') [dB] MSE Validation : tensor(-2.2125, device='cuda:0') [dB]
Optimal idx: 54 Optimal : tensor(-5.3363, device='cuda:0') [dB]
[epoch 058] loss_d0=0.168038 loss_d1=0.168967 loss_d2=0.548597 loss_d3=0.761973 loss_d4=1.910315 loss_all=0.711578
[epoch 058] cv_d0=0.172795 cv_d1=0.189924 cv_d2=0.315693 cv_d3=0.367549 cv_d4=0.784740 cv_all=0.366140
58 MSE Training : tensor(-1.4778, device='cuda:0') [dB] MSE Validation : tensor(-4.3635, device='cuda:0') [dB]
Optimal idx: 54 Optimal : tensor(-5.3363, device='cuda:0') [dB]
[epoch 059] loss_d0=0.126348 loss_d1=0.263499 loss_d2=0.422268 loss_d3=0.370243 loss_d4=0.737948 loss_all=0.384061
[epoch 059] cv_d0=0.173703 cv_d1=0.079164 cv_d2=0.556037 cv_d3=0.299539 cv_d4=0.510874 cv_all=0.323864
59 MSE Training : tensor(-4.1560, device='cuda:0') [dB] MSE Validation : tensor(-4.8964, device='cuda:0') [dB]
Optimal idx: 54 Optimal : tensor(-5.3363, device='cuda:0') [dB]
[epoch 060] loss_d0=0.128295 loss_d1=0.091360 loss_d2=0.433801 loss_d3=0.314681 loss_d4=0.570709 loss_all=0.307769
[epoch 060] cv_d0=0.171781 cv_d1=0.081663 cv_d2=0.669551 cv_d3=0.343405 cv_d4=0.826752 cv_all=0.418630
60 MSE Training : tensor(-5.1177, device='cuda:0') [dB] MSE Validation : tensor(-3.7817, device='cuda:0') [dB]
Optimal idx: 54 Optimal : tensor(-5.3363, device='cuda:0') [dB]
[epoch 061] loss_d0=0.101426 loss_d1=0.087659 loss_d2=0.502790 loss_d3=0.333465 loss_d4=0.854802 loss_all=0.376028
[epoch 061] cv_d0=0.143329 cv_d1=0.071230 cv_d2=0.428987 cv_d3=0.241619 cv_d4=0.485597 cv_all=0.274152
61 MSE Training : tensor(-4.2478, device='cuda:0') [dB] MSE Validation : tensor(-5.6201, device='cuda:0') [dB]
Optimal idx: 61 Optimal : tensor(-5.6201, device='cuda:0') [dB]
[epoch 062] loss_d0=0.134072 loss_d1=0.095881 loss_d2=0.382607 loss_d3=0.278808 loss_d4=0.620346 loss_all=0.302343
[epoch 062] cv_d0=0.152901 cv_d1=0.136354 cv_d2=0.227096 cv_d3=0.333936 cv_d4=0.591668 cv_all=0.288391
62 MSE Training : tensor(-5.1950, device='cuda:0') [dB] MSE Validation : tensor(-5.4002, device='cuda:0') [dB]
Optimal idx: 61 Optimal : tensor(-5.6201, device='cuda:0') [dB]
[epoch 063] loss_d0=0.150570 loss_d1=0.208120 loss_d2=0.245898 loss_d3=0.360379 loss_d4=0.588447 loss_all=0.310683
[epoch 063] cv_d0=0.176595 cv_d1=0.138103 cv_d2=0.164782 cv_d3=0.435486 cv_d4=0.605143 cv_all=0.304022
63 MSE Training : tensor(-5.0768, device='cuda:0') [dB] MSE Validation : tensor(-5.1710, device='cuda:0') [dB]
Optimal idx: 61 Optimal : tensor(-5.6201, device='cuda:0') [dB]
[epoch 064] loss_d0=0.134497 loss_d1=0.123259 loss_d2=0.145892 loss_d3=0.448261 loss_d4=0.705993 loss_all=0.311581
[epoch 064] cv_d0=0.146679 cv_d1=0.195454 cv_d2=0.121753 cv_d3=0.321318 cv_d4=0.455583 cv_all=0.248157
64 MSE Training : tensor(-5.0643, device='cuda:0') [dB] MSE Validation : tensor(-6.0527, device='cuda:0') [dB]
Optimal idx: 64 Optimal : tensor(-6.0527, device='cuda:0') [dB]
[epoch 065] loss_d0=0.041055 loss_d1=0.092756 loss_d2=0.111552 loss_d3=0.258092 loss_d4=0.460773 loss_all=0.192846
[epoch 065] cv_d0=0.086175 cv_d1=0.046234 cv_d2=0.316736 cv_d3=0.228141 cv_d4=0.598872 cv_all=0.255232
65 MSE Training : tensor(-7.1479, device='cuda:0') [dB] MSE Validation : tensor(-5.9307, device='cuda:0') [dB]
Optimal idx: 64 Optimal : tensor(-6.0527, device='cuda:0') [dB]
[epoch 066] loss_d0=0.042617 loss_d1=0.059024 loss_d2=0.268023 loss_d3=0.183723 loss_d4=0.679678 loss_all=0.246613
[epoch 066] cv_d0=0.082252 cv_d1=0.051926 cv_d2=0.550917 cv_d3=0.257306 cv_d4=0.896352 cv_all=0.367750
66 MSE Training : tensor(-6.0798, device='cuda:0') [dB] MSE Validation : tensor(-4.3445, device='cuda:0') [dB]
Optimal idx: 64 Optimal : tensor(-6.0527, device='cuda:0') [dB]
[epoch 067] loss_d0=0.081781 loss_d1=0.048890 loss_d2=0.527477 loss_d3=0.259101 loss_d4=1.069390 loss_all=0.397328
[epoch 067] cv_d0=0.087507 cv_d1=0.070475 cv_d2=0.519237 cv_d3=0.282868 cv_d4=0.725267 cv_all=0.337071
67 MSE Training : tensor(-4.0085, device='cuda:0') [dB] MSE Validation : tensor(-4.7228, device='cuda:0') [dB]
Optimal idx: 64 Optimal : tensor(-6.0527, device='cuda:0') [dB]
[epoch 068] loss_d0=0.055154 loss_d1=0.065741 loss_d2=0.634494 loss_d3=0.368458 loss_d4=0.834823 loss_all=0.391734
[epoch 068] cv_d0=0.078500 cv_d1=0.068564 cv_d2=0.270744 cv_d3=0.224361 cv_d4=0.480449 cv_all=0.224523
68 MSE Training : tensor(-4.0701, device='cuda:0') [dB] MSE Validation : tensor(-6.4874, device='cuda:0') [dB]
Optimal idx: 68 Optimal : tensor(-6.4874, device='cuda:0') [dB]
[epoch 069] loss_d0=0.071858 loss_d1=0.070503 loss_d2=0.249743 loss_d3=0.209989 loss_d4=0.347093 loss_all=0.189837
[epoch 069] cv_d0=0.110396 cv_d1=0.057039 cv_d2=0.162231 cv_d3=0.222130 cv_d4=0.591180 cv_all=0.228595
69 MSE Training : tensor(-7.2162, device='cuda:0') [dB] MSE Validation : tensor(-6.4093, device='cuda:0') [dB]
Optimal idx: 68 Optimal : tensor(-6.4874, device='cuda:0') [dB]
[epoch 070] loss_d0=0.094682 loss_d1=0.064129 loss_d2=0.123076 loss_d3=0.169498 loss_d4=0.352253 loss_all=0.160728
[epoch 070] cv_d0=0.157672 cv_d1=0.102498 cv_d2=0.133925 cv_d3=0.317970 cv_d4=0.858729 cv_all=0.314159
70 MSE Training : tensor(-7.9391, device='cuda:0') [dB] MSE Validation : tensor(-5.0285, device='cuda:0') [dB]
Optimal idx: 68 Optimal : tensor(-6.4874, device='cuda:0') [dB]
[epoch 071] loss_d0=0.105634 loss_d1=0.069031 loss_d2=0.126221 loss_d3=0.291014 loss_d4=0.684690 loss_all=0.255318
[epoch 071] cv_d0=0.167859 cv_d1=0.113054 cv_d2=0.130822 cv_d3=0.351664 cv_d4=0.902652 cv_all=0.333210
71 MSE Training : tensor(-5.9292, device='cuda:0') [dB] MSE Validation : tensor(-4.7728, device='cuda:0') [dB]
Optimal idx: 68 Optimal : tensor(-6.4874, device='cuda:0') [dB]
[epoch 072] loss_d0=0.100674 loss_d1=0.073627 loss_d2=0.119907 loss_d3=0.403213 loss_d4=0.939248 loss_all=0.327334
[epoch 072] cv_d0=0.124348 cv_d1=0.046108 cv_d2=0.126176 cv_d3=0.233863 cv_d4=0.538162 cv_all=0.213731
72 MSE Training : tensor(-4.8501, device='cuda:0') [dB] MSE Validation : tensor(-6.7013, device='cuda:0') [dB]
Optimal idx: 72 Optimal : tensor(-6.7013, device='cuda:0') [dB]
[epoch 073] loss_d0=0.067088 loss_d1=0.061298 loss_d2=0.117650 loss_d3=0.223478 loss_d4=0.520573 loss_all=0.198017
[epoch 073] cv_d0=0.094493 cv_d1=0.367755 cv_d2=0.226098 cv_d3=0.370456 cv_d4=0.969959 cv_all=0.405752
73 MSE Training : tensor(-7.0330, device='cuda:0') [dB] MSE Validation : tensor(-3.9174, device='cuda:0') [dB]
Optimal idx: 72 Optimal : tensor(-6.7013, device='cuda:0') [dB]
[epoch 074] loss_d0=0.069977 loss_d1=0.423215 loss_d2=0.227139 loss_d3=0.363344 loss_d4=1.034902 loss_all=0.423716
[epoch 074] cv_d0=0.073444 cv_d1=0.465128 cv_d2=0.247308 cv_d3=0.433311 cv_d4=0.970489 cv_all=0.437936
74 MSE Training : tensor(-3.7293, device='cuda:0') [dB] MSE Validation : tensor(-3.5859, device='cuda:0') [dB]
Optimal idx: 72 Optimal : tensor(-6.7013, device='cuda:0') [dB]
[epoch 075] loss_d0=0.065234 loss_d1=0.428835 loss_d2=0.207885 loss_d3=0.422128 loss_d4=0.926439 loss_all=0.410104
[epoch 075] cv_d0=0.050476 cv_d1=0.120117 cv_d2=0.158359 cv_d3=0.183949 cv_d4=0.492787 cv_all=0.201138
75 MSE Training : tensor(-3.8711, device='cuda:0') [dB] MSE Validation : tensor(-6.9651, device='cuda:0') [dB]
Optimal idx: 75 Optimal : tensor(-6.9651, device='cuda:0') [dB]
[epoch 076] loss_d0=0.032721 loss_d1=0.095445 loss_d2=0.148862 loss_d3=0.145314 loss_d4=0.348152 loss_all=0.154099
[epoch 076] cv_d0=0.143739 cv_d1=0.061275 cv_d2=0.575065 cv_d3=0.235161 cv_d4=0.583300 cv_all=0.319708
76 MSE Training : tensor(-8.1220, device='cuda:0') [dB] MSE Validation : tensor(-4.9525, device='cuda:0') [dB]
Optimal idx: 75 Optimal : tensor(-6.9651, device='cuda:0') [dB]
[epoch 077] loss_d0=0.114551 loss_d1=0.080687 loss_d2=0.471568 loss_d3=0.217277 loss_d4=0.584860 loss_all=0.293789
[epoch 077] cv_d0=0.258907 cv_d1=0.175811 cv_d2=0.566215 cv_d3=0.334991 cv_d4=0.663153 cv_all=0.399815
77 MSE Training : tensor(-5.3197, device='cuda:0') [dB] MSE Validation : tensor(-3.9814, device='cuda:0') [dB]
Optimal idx: 75 Optimal : tensor(-6.9651, device='cuda:0') [dB]
[epoch 078] loss_d0=0.178598 loss_d1=0.182369 loss_d2=0.584775 loss_d3=0.321551 loss_d4=0.662558 loss_all=0.385970
[epoch 078] cv_d0=0.266453 cv_d1=0.076321 cv_d2=0.423101 cv_d3=0.325356 cv_d4=0.639728 cv_all=0.346192
78 MSE Training : tensor(-4.1345, device='cuda:0') [dB] MSE Validation : tensor(-4.6068, device='cuda:0') [dB]
Optimal idx: 75 Optimal : tensor(-6.9651, device='cuda:0') [dB]
[epoch 079] loss_d0=0.153777 loss_d1=0.070010 loss_d2=0.501221 loss_d3=0.285949 loss_d4=0.543516 loss_all=0.310895
[epoch 079] cv_d0=0.154750 cv_d1=0.061173 cv_d2=0.189274 cv_d3=0.273824 cv_d4=0.621387 cv_all=0.260082
79 MSE Training : tensor(-5.0739, device='cuda:0') [dB] MSE Validation : tensor(-5.8489, device='cuda:0') [dB]
Optimal idx: 75 Optimal : tensor(-6.9651, device='cuda:0') [dB]
[epoch 080] loss_d0=0.064800 loss_d1=0.051683 loss_d2=0.122728 loss_d3=0.252297 loss_d4=0.652760 loss_all=0.228853
[epoch 080] cv_d0=0.069104 cv_d1=0.075274 cv_d2=0.132709 cv_d3=0.176164 cv_d4=0.486838 cv_all=0.188018
80 MSE Training : tensor(-6.4044, device='cuda:0') [dB] MSE Validation : tensor(-7.2580, device='cuda:0') [dB]
Optimal idx: 80 Optimal : tensor(-7.2580, device='cuda:0') [dB]
[epoch 081] loss_d0=0.026236 loss_d1=0.057703 loss_d2=0.136610 loss_d3=0.141413 loss_d4=0.411094 loss_all=0.154611
[epoch 081] cv_d0=0.063034 cv_d1=0.066650 cv_d2=0.309876 cv_d3=0.192314 cv_d4=0.506208 cv_all=0.227616
81 MSE Training : tensor(-8.1076, device='cuda:0') [dB] MSE Validation : tensor(-6.4280, device='cuda:0') [dB]
Optimal idx: 80 Optimal : tensor(-7.2580, device='cuda:0') [dB]
[epoch 082] loss_d0=0.032386 loss_d1=0.070049 loss_d2=0.325940 loss_d3=0.179218 loss_d4=0.516371 loss_all=0.224793
[epoch 082] cv_d0=0.102748 cv_d1=0.144698 cv_d2=0.256853 cv_d3=0.243972 cv_d4=0.352021 cv_all=0.220058
82 MSE Training : tensor(-6.4822, device='cuda:0') [dB] MSE Validation : tensor(-6.5746, device='cuda:0') [dB]
Optimal idx: 80 Optimal : tensor(-7.2580, device='cuda:0') [dB]
[epoch 083] loss_d0=0.066688 loss_d1=0.126634 loss_d2=0.258014 loss_d3=0.228892 loss_d4=0.290070 loss_all=0.194060
[epoch 083] cv_d0=0.132858 cv_d1=0.200250 cv_d2=0.142372 cv_d3=0.377501 cv_d4=0.814981 cv_all=0.333593
83 MSE Training : tensor(-7.1206, device='cuda:0') [dB] MSE Validation : tensor(-4.7678, device='cuda:0') [dB]
Optimal idx: 80 Optimal : tensor(-7.2580, device='cuda:0') [dB]
[epoch 084] loss_d0=0.088391 loss_d1=0.150658 loss_d2=0.113141 loss_d3=0.403913 loss_d4=0.893453 loss_all=0.329911
[epoch 084] cv_d0=0.123064 cv_d1=0.078750 cv_d2=0.179916 cv_d3=0.380716 cv_d4=1.026224 cv_all=0.357734
84 MSE Training : tensor(-4.8160, device='cuda:0') [dB] MSE Validation : tensor(-4.4644, device='cuda:0') [dB]
Optimal idx: 80 Optimal : tensor(-7.2580, device='cuda:0') [dB]
[epoch 085] loss_d0=0.072591 loss_d1=0.057021 loss_d2=0.137861 loss_d3=0.384436 loss_d4=1.067141 loss_all=0.343810
[epoch 085] cv_d0=0.141232 cv_d1=0.169628 cv_d2=0.459452 cv_d3=0.577968 cv_d4=1.924970 cv_all=0.654650
85 MSE Training : tensor(-4.6368, device='cuda:0') [dB] MSE Validation : tensor(-1.8399, device='cuda:0') [dB]
Optimal idx: 80 Optimal : tensor(-7.2580, device='cuda:0') [dB]
[epoch 086] loss_d0=0.123076 loss_d1=0.271759 loss_d2=0.495086 loss_d3=0.699678 loss_d4=2.516679 loss_all=0.821256
[epoch 086] cv_d0=0.245151 cv_d1=1.207108 cv_d2=2.220131 cv_d3=1.836339 cv_d4=5.679552 cv_all=2.237656
86 MSE Training : tensor(-0.8552, device='cuda:0') [dB] MSE Validation : tensor(3.4979, device='cuda:0') [dB]
Optimal idx: 80 Optimal : tensor(-7.2580, device='cuda:0') [dB]
[epoch 087] loss_d0=0.146805 loss_d1=1.324448 loss_d2=1.834326 loss_d3=1.623253 loss_d4=4.877506 loss_all=1.961267
[epoch 087] cv_d0=0.323031 cv_d1=1.679820 cv_d2=3.837287 cv_d3=2.406209 cv_d4=7.249347 cv_all=3.099139
87 MSE Training : tensor(2.9254, device='cuda:0') [dB] MSE Validation : tensor(4.9124, device='cuda:0') [dB]
Optimal idx: 80 Optimal : tensor(-7.2580, device='cuda:0') [dB]
[epoch 088] loss_d0=0.168089 loss_d1=1.710849 loss_d2=3.018864 loss_d3=2.236320 loss_d4=7.039915 loss_all=2.834807
[epoch 088] cv_d0=0.329393 cv_d1=1.181714 cv_d2=3.444951 cv_d3=1.580050 cv_d4=4.173666 cv_all=2.141955
88 MSE Training : tensor(4.5252, device='cuda:0') [dB] MSE Validation : tensor(3.3081, device='cuda:0') [dB]
Optimal idx: 80 Optimal : tensor(-7.2580, device='cuda:0') [dB]
[epoch 089] loss_d0=0.229783 loss_d1=1.562702 loss_d2=3.112838 loss_d3=1.609237 loss_d4=4.152506 loss_all=2.133413
[epoch 089] cv_d0=0.289213 cv_d1=0.250806 cv_d2=1.930546 cv_d3=0.827918 cv_d4=1.944054 cv_all=1.048507
89 MSE Training : tensor(3.2907, device='cuda:0') [dB] MSE Validation : tensor(0.2057, device='cuda:0') [dB]
Optimal idx: 80 Optimal : tensor(-7.2580, device='cuda:0') [dB]
[epoch 090] loss_d0=0.251133 loss_d1=0.377005 loss_d2=1.824927 loss_d3=0.858711 loss_d4=2.299296 loss_all=1.122214
[epoch 090] cv_d0=0.246270 cv_d1=0.301694 cv_d2=0.874678 cv_d3=0.968319 cv_d4=1.463437 cv_all=0.770880
90 MSE Training : tensor(0.5008, device='cuda:0') [dB] MSE Validation : tensor(-1.1301, device='cuda:0') [dB]
Optimal idx: 80 Optimal : tensor(-7.2580, device='cuda:0') [dB]
[epoch 091] loss_d0=0.202261 loss_d1=0.241174 loss_d2=0.961280 loss_d3=1.095811 loss_d4=1.621077 loss_all=0.824321
[epoch 091] cv_d0=0.222366 cv_d1=0.513686 cv_d2=0.702269 cv_d3=0.982067 cv_d4=1.302590 cv_all=0.744596
91 MSE Training : tensor(-0.8390, device='cuda:0') [dB] MSE Validation : tensor(-1.2808, device='cuda:0') [dB]
Optimal idx: 80 Optimal : tensor(-7.2580, device='cuda:0') [dB]
[epoch 092] loss_d0=0.133092 loss_d1=0.390852 loss_d2=0.760587 loss_d3=1.106521 loss_d4=1.367265 loss_all=0.751663
[epoch 092] cv_d0=0.182063 cv_d1=0.409453 cv_d2=0.392122 cv_d3=0.525578 cv_d4=1.008294 cv_all=0.503502
92 MSE Training : tensor(-1.2398, device='cuda:0') [dB] MSE Validation : tensor(-2.9800, device='cuda:0') [dB]
Optimal idx: 80 Optimal : tensor(-7.2580, device='cuda:0') [dB]
[epoch 093] loss_d0=0.164164 loss_d1=0.350430 loss_d2=0.431975 loss_d3=0.515316 loss_d4=1.039525 loss_all=0.500282
[epoch 093] cv_d0=0.216244 cv_d1=0.292742 cv_d2=0.337716 cv_d3=0.522542 cv_d4=0.895336 cv_all=0.452916
93 MSE Training : tensor(-3.0079, device='cuda:0') [dB] MSE Validation : tensor(-3.4398, device='cuda:0') [dB]
Optimal idx: 80 Optimal : tensor(-7.2580, device='cuda:0') [dB]
[epoch 094] loss_d0=0.139666 loss_d1=0.214434 loss_d2=0.314024 loss_d3=0.477000 loss_d4=0.801140 loss_all=0.389253
[epoch 094] cv_d0=0.253187 cv_d1=0.300894 cv_d2=0.696483 cv_d3=0.551636 cv_d4=0.794488 cv_all=0.519338
94 MSE Training : tensor(-4.0977, device='cuda:0') [dB] MSE Validation : tensor(-2.8455, device='cuda:0') [dB]
Optimal idx: 80 Optimal : tensor(-7.2580, device='cuda:0') [dB]
[epoch 095] loss_d0=0.101693 loss_d1=0.314301 loss_d2=0.512120 loss_d3=0.351440 loss_d4=0.479695 loss_all=0.351850
[epoch 095] cv_d0=0.291428 cv_d1=0.209811 cv_d2=0.519768 cv_d3=0.508419 cv_d4=0.655734 cv_all=0.437032
95 MSE Training : tensor(-4.5364, device='cuda:0') [dB] MSE Validation : tensor(-3.5949, device='cuda:0') [dB]
Optimal idx: 80 Optimal : tensor(-7.2580, device='cuda:0') [dB]
[epoch 096] loss_d0=0.104158 loss_d1=0.240318 loss_d2=0.468445 loss_d3=0.561390 loss_d4=0.555156 loss_all=0.385894
[epoch 096] cv_d0=0.191262 cv_d1=0.184807 cv_d2=0.277170 cv_d3=0.859596 cv_d4=1.011642 cv_all=0.504895
96 MSE Training : tensor(-4.1353, device='cuda:0') [dB] MSE Validation : tensor(-2.9680, device='cuda:0') [dB]
Optimal idx: 80 Optimal : tensor(-7.2580, device='cuda:0') [dB]
[epoch 097] loss_d0=0.152634 loss_d1=0.210302 loss_d2=0.298440 loss_d3=1.306173 loss_d4=1.253829 loss_all=0.644276
[epoch 097] cv_d0=0.154570 cv_d1=0.249773 cv_d2=0.358190 cv_d3=1.009423 cv_d4=1.806661 cv_all=0.715724
97 MSE Training : tensor(-1.9093, device='cuda:0') [dB] MSE Validation : tensor(-1.4525, device='cuda:0') [dB]
Optimal idx: 80 Optimal : tensor(-7.2580, device='cuda:0') [dB]
[epoch 098] loss_d0=0.103167 loss_d1=0.239476 loss_d2=0.350231 loss_d3=1.052799 loss_d4=2.021585 loss_all=0.753451
[epoch 098] cv_d0=0.188574 cv_d1=0.240417 cv_d2=0.505290 cv_d3=0.675962 cv_d4=1.750243 cv_all=0.672097
98 MSE Training : tensor(-1.2294, device='cuda:0') [dB] MSE Validation : tensor(-1.7257, device='cuda:0') [dB]
Optimal idx: 80 Optimal : tensor(-7.2580, device='cuda:0') [dB]
[epoch 099] loss_d0=0.089108 loss_d1=0.247299 loss_d2=0.482585 loss_d3=0.740629 loss_d4=2.345597 loss_all=0.781044
[epoch 099] cv_d0=0.270342 cv_d1=0.337455 cv_d2=0.752540 cv_d3=0.719629 cv_d4=1.593315 cv_all=0.734656
99 MSE Training : tensor(-1.0732, device='cuda:0') [dB] MSE Validation : tensor(-1.3392, device='cuda:0') [dB]
Optimal idx: 80 Optimal : tensor(-7.2580, device='cuda:0') [dB]
[epoch 100] loss_d0=0.149823 loss_d1=0.347694 loss_d2=0.712459 loss_d3=0.689843 loss_d4=1.630826 loss_all=0.706129
[epoch 100] cv_d0=0.395428 cv_d1=0.340210 cv_d2=0.919001 cv_d3=0.455628 cv_d4=0.754056 cv_all=0.572865
100 MSE Training : tensor(-1.5112, device='cuda:0') [dB] MSE Validation : tensor(-2.4195, device='cuda:0') [dB]
Optimal idx: 80 Optimal : tensor(-7.2580, device='cuda:0') [dB]
[epoch 101] loss_d0=0.125731 loss_d1=0.411229 loss_d2=0.857211 loss_d3=0.511039 loss_d4=0.825253 loss_all=0.546093
[epoch 101] cv_d0=0.667579 cv_d1=0.390949 cv_d2=1.335426 cv_d3=0.379858 cv_d4=0.794175 cv_all=0.713597
101 MSE Training : tensor(-2.6273, device='cuda:0') [dB] MSE Validation : tensor(-1.4655, device='cuda:0') [dB]
Optimal idx: 80 Optimal : tensor(-7.2580, device='cuda:0') [dB]
[epoch 102] loss_d0=0.596233 loss_d1=0.492037 loss_d2=1.515513 loss_d3=0.433864 loss_d4=1.070655 loss_all=0.821660
[epoch 102] cv_d0=0.745849 cv_d1=0.507650 cv_d2=1.410181 cv_d3=0.402494 cv_d4=0.918580 cv_all=0.796951
102 MSE Training : tensor(-0.8531, device='cuda:0') [dB] MSE Validation : tensor(-0.9857, device='cuda:0') [dB]
Optimal idx: 80 Optimal : tensor(-7.2580, device='cuda:0') [dB]
[epoch 103] loss_d0=0.502947 loss_d1=0.621333 loss_d2=1.463950 loss_d3=0.504400 loss_d4=1.255221 loss_all=0.869570
[epoch 103] cv_d0=0.567827 cv_d1=0.870062 cv_d2=1.731646 cv_d3=0.633486 cv_d4=1.483262 cv_all=1.057257
103 MSE Training : tensor(-0.6070, device='cuda:0') [dB] MSE Validation : tensor(0.2418, device='cuda:0') [dB]
Optimal idx: 80 Optimal : tensor(-7.2580, device='cuda:0') [dB]
[epoch 104] loss_d0=0.342122 loss_d1=0.958980 loss_d2=1.607236 loss_d3=0.710775 loss_d4=1.918843 loss_all=1.107591
[epoch 104] cv_d0=0.356028 cv_d1=0.596864 cv_d2=0.963516 cv_d3=0.506476 cv_d4=1.147614 cv_all=0.714100
104 MSE Training : tensor(0.4438, device='cuda:0') [dB] MSE Validation : tensor(-1.4624, device='cuda:0') [dB]
Optimal idx: 80 Optimal : tensor(-7.2580, device='cuda:0') [dB]
[epoch 105] loss_d0=0.223332 loss_d1=0.752789 loss_d2=0.953043 loss_d3=0.585069 loss_d4=1.406004 loss_all=0.784047
[epoch 105] cv_d0=0.126114 cv_d1=0.200687 cv_d2=0.258745 cv_d3=0.285644 cv_d4=0.434931 cv_all=0.261224
105 MSE Training : tensor(-1.0566, device='cuda:0') [dB] MSE Validation : tensor(-5.8299, device='cuda:0') [dB]
Optimal idx: 80 Optimal : tensor(-7.2580, device='cuda:0') [dB]
[epoch 106] loss_d0=0.063185 loss_d1=0.222741 loss_d2=0.236573 loss_d3=0.265606 loss_d4=0.414809 loss_all=0.240583
[epoch 106] cv_d0=0.087878 cv_d1=0.180968 cv_d2=0.296802 cv_d3=0.443385 cv_d4=0.392016 cv_all=0.280210
106 MSE Training : tensor(-6.1874, device='cuda:0') [dB] MSE Validation : tensor(-5.5252, device='cuda:0') [dB]
Optimal idx: 80 Optimal : tensor(-7.2580, device='cuda:0') [dB]
[epoch 107] loss_d0=0.050737 loss_d1=0.190012 loss_d2=0.240216 loss_d3=0.441663 loss_d4=0.293132 loss_all=0.243152
[epoch 107] cv_d0=0.107374 cv_d1=0.159219 cv_d2=0.666917 cv_d3=0.956638 cv_d4=1.409294 cv_all=0.659889
107 MSE Training : tensor(-6.1412, device='cuda:0') [dB] MSE Validation : tensor(-1.8053, device='cuda:0') [dB]
Optimal idx: 80 Optimal : tensor(-7.2580, device='cuda:0') [dB]
[epoch 108] loss_d0=0.047585 loss_d1=0.147786 loss_d2=0.427561 loss_d3=0.697991 loss_d4=1.009679 loss_all=0.466121
[epoch 108] cv_d0=0.123199 cv_d1=0.194890 cv_d2=1.017897 cv_d3=1.441610 cv_d4=2.291494 cv_all=1.013818
108 MSE Training : tensor(-3.3150, device='cuda:0') [dB] MSE Validation : tensor(0.0596, device='cuda:0') [dB]
Optimal idx: 80 Optimal : tensor(-7.2580, device='cuda:0') [dB]
[epoch 109] loss_d0=0.055832 loss_d1=0.171120 loss_d2=0.819101 loss_d3=1.469996 loss_d4=2.287703 loss_all=0.960750
[epoch 109] cv_d0=0.115645 cv_d1=0.178802 cv_d2=0.888761 cv_d3=0.869508 cv_d4=1.426723 cv_all=0.695888
109 MSE Training : tensor(-0.1739, device='cuda:0') [dB] MSE Validation : tensor(-1.5746, device='cuda:0') [dB]
Optimal idx: 80 Optimal : tensor(-7.2580, device='cuda:0') [dB]
[epoch 110] loss_d0=0.052402 loss_d1=0.179028 loss_d2=0.598281 loss_d3=0.718504 loss_d4=1.204558 loss_all=0.550555
[epoch 110] cv_d0=0.101095 cv_d1=0.154392 cv_d2=0.582771 cv_d3=0.294892 cv_d4=0.757008 cv_all=0.378032
110 MSE Training : tensor(-2.5920, device='cuda:0') [dB] MSE Validation : tensor(-4.2247, device='cuda:0') [dB]
Optimal idx: 80 Optimal : tensor(-7.2580, device='cuda:0') [dB]
[epoch 111] loss_d0=0.069196 loss_d1=0.166267 loss_d2=0.734925 loss_d3=0.372598 loss_d4=1.097310 loss_all=0.488059
[epoch 111] cv_d0=0.195739 cv_d1=1.018545 cv_d2=0.472208 cv_d3=0.414713 cv_d4=0.926378 cv_all=0.605517
111 MSE Training : tensor(-3.1153, device='cuda:0') [dB] MSE Validation : tensor(-2.1787, device='cuda:0') [dB]
Optimal idx: 80 Optimal : tensor(-7.2580, device='cuda:0') [dB]
[epoch 112] loss_d0=0.153786 loss_d1=0.973770 loss_d2=0.542788 loss_d3=0.438621 loss_d4=0.997512 loss_all=0.621295
[epoch 112] cv_d0=0.409592 cv_d1=1.928186 cv_d2=0.612029 cv_d3=0.964606 cv_d4=1.387894 cv_all=1.060462
112 MSE Training : tensor(-2.0670, device='cuda:0') [dB] MSE Validation : tensor(0.2549, device='cuda:0') [dB]
Optimal idx: 80 Optimal : tensor(-7.2580, device='cuda:0') [dB]
[epoch 113] loss_d0=0.320951 loss_d1=1.964175 loss_d2=0.697104 loss_d3=1.033287 loss_d4=1.729910 loss_all=1.149085
[epoch 113] cv_d0=0.435964 cv_d1=1.605026 cv_d2=0.528690 cv_d3=0.731158 cv_d4=1.246238 cv_all=0.909415
113 MSE Training : tensor(0.6035, device='cuda:0') [dB] MSE Validation : tensor(-0.4124, device='cuda:0') [dB]
Optimal idx: 80 Optimal : tensor(-7.2580, device='cuda:0') [dB]
[epoch 114] loss_d0=0.207748 loss_d1=1.304402 loss_d2=0.536008 loss_d3=0.765659 loss_d4=1.203126 loss_all=0.803389
[epoch 114] cv_d0=0.277062 cv_d1=0.579738 cv_d2=0.328959 cv_d3=0.283190 cv_d4=0.827409 cv_all=0.459271
114 MSE Training : tensor(-0.9507, device='cuda:0') [dB] MSE Validation : tensor(-3.3793, device='cuda:0') [dB]
Optimal idx: 80 Optimal : tensor(-7.2580, device='cuda:0') [dB]
[epoch 115] loss_d0=0.148996 loss_d1=0.467196 loss_d2=0.254528 loss_d3=0.269217 loss_d4=0.866712 loss_all=0.401330
[epoch 115] cv_d0=0.204463 cv_d1=0.226823 cv_d2=0.425818 cv_d3=0.369993 cv_d4=0.725442 cv_all=0.390507
115 MSE Training : tensor(-3.9650, device='cuda:0') [dB] MSE Validation : tensor(-4.0837, device='cuda:0') [dB]
Optimal idx: 80 Optimal : tensor(-7.2580, device='cuda:0') [dB]
[epoch 116] loss_d0=0.095039 loss_d1=0.197394 loss_d2=0.294153 loss_d3=0.288924 loss_d4=0.731998 loss_all=0.321502
[epoch 116] cv_d0=0.204635 cv_d1=0.625245 cv_d2=1.173553 cv_d3=1.745923 cv_d4=2.111884 cv_all=1.172248
116 MSE Training : tensor(-4.9282, device='cuda:0') [dB] MSE Validation : tensor(0.6902, device='cuda:0') [dB]
Optimal idx: 80 Optimal : tensor(-7.2580, device='cuda:0') [dB]
[epoch 117] loss_d0=0.165373 loss_d1=0.899725 loss_d2=1.423704 loss_d3=1.940495 loss_d4=2.315947 loss_all=1.349049
[epoch 117] cv_d0=0.195960 cv_d1=1.281100 cv_d2=1.770295 cv_d3=2.425745 cv_d4=2.835525 cv_all=1.701725
117 MSE Training : tensor(1.3003, device='cuda:0') [dB] MSE Validation : tensor(2.3089, device='cuda:0') [dB]
Optimal idx: 80 Optimal : tensor(-7.2580, device='cuda:0') [dB]
[epoch 118] loss_d0=0.111664 loss_d1=1.068727 loss_d2=1.228582 loss_d3=2.629419 loss_d4=3.043315 loss_all=1.616341
[epoch 118] cv_d0=0.187934 cv_d1=1.430031 cv_d2=1.736121 cv_d3=2.116257 cv_d4=2.473325 cv_all=1.588734
118 MSE Training : tensor(2.0853, device='cuda:0') [dB] MSE Validation : tensor(2.0105, device='cuda:0') [dB]
Optimal idx: 80 Optimal : tensor(-7.2580, device='cuda:0') [dB]
[epoch 119] loss_d0=0.168047 loss_d1=1.645592 loss_d2=1.208861 loss_d3=2.276582 loss_d4=2.454148 loss_all=1.550646
[epoch 119] cv_d0=0.179425 cv_d1=0.999916 cv_d2=1.473890 cv_d3=1.409957 cv_d4=1.929859 cv_all=1.198609
119 MSE Training : tensor(1.9051, device='cuda:0') [dB] MSE Validation : tensor(0.7868, device='cuda:0') [dB]
Optimal idx: 80 Optimal : tensor(-7.2580, device='cuda:0') [dB]
[epoch 120] loss_d0=0.141779 loss_d1=0.908929 loss_d2=1.706354 loss_d3=1.556295 loss_d4=2.012698 loss_all=1.265211
[epoch 120] cv_d0=0.162364 cv_d1=0.492881 cv_d2=1.216092 cv_d3=0.839442 cv_d4=1.285286 cv_all=0.799213
120 MSE Training : tensor(1.0216, device='cuda:0') [dB] MSE Validation : tensor(-0.9734, device='cuda:0') [dB]
Optimal idx: 80 Optimal : tensor(-7.2580, device='cuda:0') [dB]
[epoch 121] loss_d0=0.124405 loss_d1=0.391108 loss_d2=1.153416 loss_d3=0.928647 loss_d4=1.409986 loss_all=0.801512
[epoch 121] cv_d0=0.189908 cv_d1=0.258979 cv_d2=0.642954 cv_d3=0.441458 cv_d4=0.681955 cv_all=0.443051
121 MSE Training : tensor(-0.9609, device='cuda:0') [dB] MSE Validation : tensor(-3.5355, device='cuda:0') [dB]
Optimal idx: 80 Optimal : tensor(-7.2580, device='cuda:0') [dB]
[epoch 122] loss_d0=0.156572 loss_d1=0.274337 loss_d2=0.668040 loss_d3=0.419399 loss_d4=0.588762 loss_all=0.421422
[epoch 122] cv_d0=0.337422 cv_d1=0.469677 cv_d2=0.517987 cv_d3=0.495226 cv_d4=1.024245 cv_all=0.568912
122 MSE Training : tensor(-3.7528, device='cuda:0') [dB] MSE Validation : tensor(-2.4496, device='cuda:0') [dB]
Optimal idx: 80 Optimal : tensor(-7.2580, device='cuda:0') [dB]
[epoch 123] loss_d0=0.238960 loss_d1=0.432197 loss_d2=0.570283 loss_d3=0.556444 loss_d4=1.114511 loss_all=0.582479
[epoch 123] cv_d0=0.401753 cv_d1=0.746752 cv_d2=0.533408 cv_d3=0.575030 cv_d4=1.039903 cv_all=0.659369
123 MSE Training : tensor(-2.3472, device='cuda:0') [dB] MSE Validation : tensor(-1.8087, device='cuda:0') [dB]
Optimal idx: 80 Optimal : tensor(-7.2580, device='cuda:0') [dB]
[epoch 124] loss_d0=0.187007 loss_d1=0.459003 loss_d2=0.442069 loss_d3=0.553201 loss_d4=0.917815 loss_all=0.511819
[epoch 124] cv_d0=0.330069 cv_d1=0.735313 cv_d2=0.547085 cv_d3=0.467421 cv_d4=0.562665 cv_all=0.528511
124 MSE Training : tensor(-2.9088, device='cuda:0') [dB] MSE Validation : tensor(-2.7695, device='cuda:0') [dB]
Optimal idx: 80 Optimal : tensor(-7.2580, device='cuda:0') [dB]
[epoch 125] loss_d0=0.216888 loss_d1=0.636176 loss_d2=0.706091 loss_d3=0.496291 loss_d4=0.527048 loss_all=0.516499
[epoch 125] cv_d0=0.240814 cv_d1=0.467581 cv_d2=0.486332 cv_d3=0.225821 cv_d4=0.414463 cv_all=0.367002
125 MSE Training : tensor(-2.8693, device='cuda:0') [dB] MSE Validation : tensor(-4.3533, device='cuda:0') [dB]
Optimal idx: 80 Optimal : tensor(-7.2580, device='cuda:0') [dB]
[epoch 126] loss_d0=0.154561 loss_d1=0.389337 loss_d2=0.369521 loss_d3=0.238382 loss_d4=0.419678 loss_all=0.314296
[epoch 126] cv_d0=0.178104 cv_d1=0.162266 cv_d2=0.541876 cv_d3=0.261289 cv_d4=0.528883 cv_all=0.334484
126 MSE Training : tensor(-5.0266, device='cuda:0') [dB] MSE Validation : tensor(-4.7563, device='cuda:0') [dB]
Optimal idx: 80 Optimal : tensor(-7.2580, device='cuda:0') [dB]
[epoch 127] loss_d0=0.062072 loss_d1=0.107673 loss_d2=0.115515 loss_d3=0.173741 loss_d4=0.350341 loss_all=0.161868
[epoch 127] cv_d0=0.143557 cv_d1=0.255346 cv_d2=0.951648 cv_d3=0.744774 cv_d4=0.929649 cv_all=0.604995
127 MSE Training : tensor(-7.9084, device='cuda:0') [dB] MSE Validation : tensor(-2.1825, device='cuda:0') [dB]
Optimal idx: 80 Optimal : tensor(-7.2580, device='cuda:0') [dB]
[epoch 128] loss_d0=0.075717 loss_d1=0.272685 loss_d2=0.763231 loss_d3=0.864694 loss_d4=1.271283 loss_all=0.649522
[epoch 128] cv_d0=0.119691 cv_d1=0.351839 cv_d2=0.792791 cv_d3=0.865777 cv_d4=1.114795 cv_all=0.648979
128 MSE Training : tensor(-1.8741, device='cuda:0') [dB] MSE Validation : tensor(-1.8777, device='cuda:0') [dB]
Optimal idx: 80 Optimal : tensor(-7.2580, device='cuda:0') [dB]
[epoch 129] loss_d0=0.100327 loss_d1=0.600114 loss_d2=1.159382 loss_d3=1.096443 loss_d4=1.241430 loss_all=0.839539
[epoch 129] cv_d0=0.091540 cv_d1=0.188265 cv_d2=0.385667 cv_d3=0.502837 cv_d4=1.012202 cv_all=0.436102
129 MSE Training : tensor(-0.7596, device='cuda:0') [dB] MSE Validation : tensor(-3.6041, device='cuda:0') [dB]
Optimal idx: 80 Optimal : tensor(-7.2580, device='cuda:0') [dB]
[epoch 130] loss_d0=0.081766 loss_d1=0.353001 loss_d2=0.447131 loss_d3=0.598162 loss_d4=1.265604 loss_all=0.549133
[epoch 130] cv_d0=0.207574 cv_d1=0.161560 cv_d2=0.145259 cv_d3=0.266533 cv_d4=0.583845 cv_all=0.272954
130 MSE Training : tensor(-2.6032, device='cuda:0') [dB] MSE Validation : tensor(-5.6391, device='cuda:0') [dB]
Optimal idx: 80 Optimal : tensor(-7.2580, device='cuda:0') [dB]
[epoch 131] loss_d0=0.160302 loss_d1=0.160636 loss_d2=0.164533 loss_d3=0.290756 loss_d4=0.692317 loss_all=0.293709
[epoch 131] cv_d0=0.423781 cv_d1=0.206900 cv_d2=0.388597 cv_d3=0.260263 cv_d4=0.372414 cv_all=0.330391
131 MSE Training : tensor(-5.3208, device='cuda:0') [dB] MSE Validation : tensor(-4.8097, device='cuda:0') [dB]
Optimal idx: 80 Optimal : tensor(-7.2580, device='cuda:0') [dB]
[epoch 132] loss_d0=0.268996 loss_d1=0.191188 loss_d2=0.361727 loss_d3=0.289556 loss_d4=0.414967 loss_all=0.305287
[epoch 132] cv_d0=0.436753 cv_d1=0.145085 cv_d2=0.811419 cv_d3=0.246431 cv_d4=0.374667 cv_all=0.402871
132 MSE Training : tensor(-5.1529, device='cuda:0') [dB] MSE Validation : tensor(-3.9483, device='cuda:0') [dB]
Optimal idx: 80 Optimal : tensor(-7.2580, device='cuda:0') [dB]
[epoch 133] loss_d0=0.126389 loss_d1=0.086687 loss_d2=0.618242 loss_d3=0.214201 loss_d4=0.324044 loss_all=0.273913
[epoch 133] cv_d0=0.273385 cv_d1=0.060431 cv_d2=0.645553 cv_d3=0.218317 cv_d4=0.307756 cv_all=0.301088
133 MSE Training : tensor(-5.6239, device='cuda:0') [dB] MSE Validation : tensor(-5.2131, device='cuda:0') [dB]
Optimal idx: 80 Optimal : tensor(-7.2580, device='cuda:0') [dB]
[epoch 134] loss_d0=0.164783 loss_d1=0.049867 loss_d2=0.482484 loss_d3=0.231598 loss_d4=0.320778 loss_all=0.249902
[epoch 134] cv_d0=0.118587 cv_d1=0.043552 cv_d2=0.275723 cv_d3=0.133668 cv_d4=0.213977 cv_all=0.157101
134 MSE Training : tensor(-6.0223, device='cuda:0') [dB] MSE Validation : tensor(-8.0382, device='cuda:0') [dB]
Optimal idx: 134 Optimal : tensor(-8.0382, device='cuda:0') [dB]
[epoch 135] loss_d0=0.074136 loss_d1=0.044940 loss_d2=0.263700 loss_d3=0.136254 loss_d4=0.246500 loss_all=0.153106
[epoch 135] cv_d0=0.034206 cv_d1=0.430805 cv_d2=0.147587 cv_d3=0.465403 cv_d4=0.474982 cv_all=0.310596
135 MSE Training : tensor(-8.1501, device='cuda:0') [dB] MSE Validation : tensor(-5.0780, device='cuda:0') [dB]
Optimal idx: 134 Optimal : tensor(-8.0382, device='cuda:0') [dB]
[epoch 136] loss_d0=0.025186 loss_d1=0.456118 loss_d2=0.165728 loss_d3=0.531256 loss_d4=0.432327 loss_all=0.322123
[epoch 136] cv_d0=0.032478 cv_d1=0.608345 cv_d2=0.342504 cv_d3=0.714563 cv_d4=0.768093 cv_all=0.493197
136 MSE Training : tensor(-4.9198, device='cuda:0') [dB] MSE Validation : tensor(-3.0698, device='cuda:0') [dB]
Optimal idx: 134 Optimal : tensor(-8.0382, device='cuda:0') [dB]
[epoch 137] loss_d0=0.029239 loss_d1=0.567792 loss_d2=0.263103 loss_d3=0.708652 loss_d4=0.693565 loss_all=0.452470
[epoch 137] cv_d0=0.034562 cv_d1=0.360405 cv_d2=0.321043 cv_d3=0.437375 cv_d4=0.536780 cv_all=0.338033
137 MSE Training : tensor(-3.4441, device='cuda:0') [dB] MSE Validation : tensor(-4.7104, device='cuda:0') [dB]
Optimal idx: 134 Optimal : tensor(-8.0382, device='cuda:0') [dB]
[epoch 138] loss_d0=0.037397 loss_d1=0.611178 loss_d2=0.408739 loss_d3=0.613531 loss_d4=0.726672 loss_all=0.479504
[epoch 138] cv_d0=0.043551 cv_d1=0.095234 cv_d2=0.193958 cv_d3=0.206650 cv_d4=0.350741 cv_all=0.178027
138 MSE Training : tensor(-3.1921, device='cuda:0') [dB] MSE Validation : tensor(-7.4951, device='cuda:0') [dB]
Optimal idx: 134 Optimal : tensor(-8.0382, device='cuda:0') [dB]
[epoch 139] loss_d0=0.032286 loss_d1=0.083490 loss_d2=0.202204 loss_d3=0.181796 loss_d4=0.324374 loss_all=0.164830
[epoch 139] cv_d0=0.111827 cv_d1=0.093850 cv_d2=0.390083 cv_d3=0.144923 cv_d4=0.266846 cv_all=0.201506
139 MSE Training : tensor(-7.8296, device='cuda:0') [dB] MSE Validation : tensor(-6.9571, device='cuda:0') [dB]
Optimal idx: 134 Optimal : tensor(-8.0382, device='cuda:0') [dB]
[epoch 140] loss_d0=0.053290 loss_d1=0.097493 loss_d2=0.386790 loss_d3=0.146373 loss_d4=0.281699 loss_all=0.193129
[epoch 140] cv_d0=0.180141 cv_d1=0.364455 cv_d2=0.880909 cv_d3=0.242979 cv_d4=0.389168 cv_all=0.411530
140 MSE Training : tensor(-7.1415, device='cuda:0') [dB] MSE Validation : tensor(-3.8560, device='cuda:0') [dB]
Optimal idx: 134 Optimal : tensor(-8.0382, device='cuda:0') [dB]
[epoch 141] loss_d0=0.087537 loss_d1=0.373013 loss_d2=0.830458 loss_d3=0.255374 loss_d4=0.387578 loss_all=0.386792
[epoch 141] cv_d0=0.185800 cv_d1=0.382427 cv_d2=0.753579 cv_d3=0.263772 cv_d4=0.415096 cv_all=0.400135
141 MSE Training : tensor(-4.1252, device='cuda:0') [dB] MSE Validation : tensor(-3.9779, device='cuda:0') [dB]
Optimal idx: 134 Optimal : tensor(-8.0382, device='cuda:0') [dB]
[epoch 142] loss_d0=0.087232 loss_d1=0.348973 loss_d2=0.666605 loss_d3=0.280893 loss_d4=0.337156 loss_all=0.344172
[epoch 142] cv_d0=0.117976 cv_d1=0.113015 cv_d2=0.212313 cv_d3=0.315885 cv_d4=0.297826 cv_all=0.211403
142 MSE Training : tensor(-4.6322, device='cuda:0') [dB] MSE Validation : tensor(-6.7489, device='cuda:0') [dB]
Optimal idx: 134 Optimal : tensor(-8.0382, device='cuda:0') [dB]
[epoch 143] loss_d0=0.095049 loss_d1=0.121207 loss_d2=0.210960 loss_d3=0.409873 loss_d4=0.425922 loss_all=0.252602
[epoch 143] cv_d0=0.045965 cv_d1=0.095421 cv_d2=0.148743 cv_d3=0.485682 cv_d4=0.380001 cv_all=0.231163
143 MSE Training : tensor(-5.9756, device='cuda:0') [dB] MSE Validation : tensor(-6.3608, device='cuda:0') [dB]
Optimal idx: 134 Optimal : tensor(-8.0382, device='cuda:0') [dB]
[epoch 144] loss_d0=0.017996 loss_d1=0.085775 loss_d2=0.177984 loss_d3=0.361948 loss_d4=0.331016 loss_all=0.194944
[epoch 144] cv_d0=0.033075 cv_d1=0.119127 cv_d2=0.218227 cv_d3=0.487173 cv_d4=0.470075 cv_all=0.265536
144 MSE Training : tensor(-7.1009, device='cuda:0') [dB] MSE Validation : tensor(-5.7588, device='cuda:0') [dB]
Optimal idx: 134 Optimal : tensor(-8.0382, device='cuda:0') [dB]
[epoch 145] loss_d0=0.034347 loss_d1=0.159492 loss_d2=0.216640 loss_d3=0.557953 loss_d4=0.529156 loss_all=0.299518
[epoch 145] cv_d0=0.041959 cv_d1=0.078142 cv_d2=0.252565 cv_d3=0.189041 cv_d4=0.433810 cv_all=0.199103
145 MSE Training : tensor(-5.2358, device='cuda:0') [dB] MSE Validation : tensor(-7.0092, device='cuda:0') [dB]
Optimal idx: 134 Optimal : tensor(-8.0382, device='cuda:0') [dB]
[epoch 146] loss_d0=0.032540 loss_d1=0.088792 loss_d2=0.285434 loss_d3=0.185337 loss_d4=0.592583 loss_all=0.236937
[epoch 146] cv_d0=0.057026 cv_d1=0.248460 cv_d2=0.240856 cv_d3=0.137894 cv_d4=0.183834 cv_all=0.173614
146 MSE Training : tensor(-6.2537, device='cuda:0') [dB] MSE Validation : tensor(-7.6042, device='cuda:0') [dB]
Optimal idx: 134 Optimal : tensor(-8.0382, device='cuda:0') [dB]
[epoch 147] loss_d0=0.041082 loss_d1=0.266899 loss_d2=0.269291 loss_d3=0.147398 loss_d4=0.221608 loss_all=0.189256
[epoch 147] cv_d0=0.093787 cv_d1=0.284197 cv_d2=0.148162 cv_d3=0.213146 cv_d4=0.353699 cv_all=0.218598
147 MSE Training : tensor(-7.2295, device='cuda:0') [dB] MSE Validation : tensor(-6.6035, device='cuda:0') [dB]
Optimal idx: 134 Optimal : tensor(-8.0382, device='cuda:0') [dB]
[epoch 148] loss_d0=0.077397 loss_d1=0.270760 loss_d2=0.143538 loss_d3=0.231038 loss_d4=0.349849 loss_all=0.214516
[epoch 148] cv_d0=0.149680 cv_d1=0.088802 cv_d2=0.197984 cv_d3=0.266860 cv_d4=0.655341 cv_all=0.271733
148 MSE Training : tensor(-6.6854, device='cuda:0') [dB] MSE Validation : tensor(-5.6586, device='cuda:0') [dB]
Optimal idx: 134 Optimal : tensor(-8.0382, device='cuda:0') [dB]
[epoch 149] loss_d0=0.125207 loss_d1=0.079057 loss_d2=0.138534 loss_d3=0.211035 loss_d4=0.584583 loss_all=0.227683
[epoch 149] cv_d0=0.120817 cv_d1=0.127517 cv_d2=0.312471 cv_d3=0.350615 cv_d4=0.531909 cv_all=0.288666
149 MSE Training : tensor(-6.4267, device='cuda:0') [dB] MSE Validation : tensor(-5.3960, device='cuda:0') [dB]
Optimal idx: 134 Optimal : tensor(-8.0382, device='cuda:0') [dB]
[epoch 150] loss_d0=0.054517 loss_d1=0.098545 loss_d2=0.254751 loss_d3=0.240249 loss_d4=0.401734 loss_all=0.209959
[epoch 150] cv_d0=0.076383 cv_d1=0.180657 cv_d2=0.211332 cv_d3=0.212860 cv_d4=0.243241 cv_all=0.184895
150 MSE Training : tensor(-6.7787, device='cuda:0') [dB] MSE Validation : tensor(-7.3308, device='cuda:0') [dB]
Optimal idx: 134 Optimal : tensor(-8.0382, device='cuda:0') [dB]
[epoch 151] loss_d0=0.032943 loss_d1=0.193748 loss_d2=0.251254 loss_d3=0.202326 loss_d4=0.216398 loss_all=0.179334
[epoch 151] cv_d0=0.049672 cv_d1=0.092150 cv_d2=0.259503 cv_d3=0.156444 cv_d4=0.345057 cv_all=0.180565
151 MSE Training : tensor(-7.4634, device='cuda:0') [dB] MSE Validation : tensor(-7.4337, device='cuda:0') [dB]
Optimal idx: 134 Optimal : tensor(-8.0382, device='cuda:0') [dB]
[epoch 152] loss_d0=0.038106 loss_d1=0.113816 loss_d2=0.272850 loss_d3=0.194197 loss_d4=0.420040 loss_all=0.207802
[epoch 152] cv_d0=0.060707 cv_d1=0.107170 cv_d2=0.430470 cv_d3=0.294066 cv_d4=0.560815 cv_all=0.290646
152 MSE Training : tensor(-6.8235, device='cuda:0') [dB] MSE Validation : tensor(-5.3664, device='cuda:0') [dB]
Optimal idx: 134 Optimal : tensor(-8.0382, device='cuda:0') [dB]
[epoch 153] loss_d0=0.031400 loss_d1=0.110670 loss_d2=0.410051 loss_d3=0.300503 loss_d4=0.491493 loss_all=0.268823
[epoch 153] cv_d0=0.054160 cv_d1=0.089243 cv_d2=0.224436 cv_d3=0.138338 cv_d4=0.196105 cv_all=0.140456
153 MSE Training : tensor(-5.7053, device='cuda:0') [dB] MSE Validation : tensor(-8.5246, device='cuda:0') [dB]
Optimal idx: 153 Optimal : tensor(-8.5246, device='cuda:0') [dB]
[epoch 154] loss_d0=0.014066 loss_d1=0.058737 loss_d2=0.237642 loss_d3=0.175208 loss_d4=0.321336 loss_all=0.161398
[epoch 154] cv_d0=0.111834 cv_d1=0.193690 cv_d2=0.276978 cv_d3=0.390126 cv_d4=0.451889 cv_all=0.284903
154 MSE Training : tensor(-7.9210, device='cuda:0') [dB] MSE Validation : tensor(-5.4530, device='cuda:0') [dB]
Optimal idx: 153 Optimal : tensor(-8.5246, device='cuda:0') [dB]
[epoch 155] loss_d0=0.106333 loss_d1=0.221663 loss_d2=0.320575 loss_d3=0.453415 loss_d4=0.519986 loss_all=0.324395
[epoch 155] cv_d0=0.169986 cv_d1=0.196477 cv_d2=0.319705 cv_d3=0.464667 cv_d4=0.677591 cv_all=0.365685
155 MSE Training : tensor(-4.8893, device='cuda:0') [dB] MSE Validation : tensor(-4.3689, device='cuda:0') [dB]
Optimal idx: 153 Optimal : tensor(-8.5246, device='cuda:0') [dB]
[epoch 156] loss_d0=0.078826 loss_d1=0.168325 loss_d2=0.224428 loss_d3=0.335433 loss_d4=0.566718 loss_all=0.274746
[epoch 156] cv_d0=0.217307 cv_d1=0.129416 cv_d2=0.234844 cv_d3=0.220202 cv_d4=0.576988 cv_all=0.275751
156 MSE Training : tensor(-5.6107, device='cuda:0') [dB] MSE Validation : tensor(-5.5948, device='cuda:0') [dB]
Optimal idx: 153 Optimal : tensor(-8.5246, device='cuda:0') [dB]
[epoch 157] loss_d0=0.077384 loss_d1=0.094297 loss_d2=0.200629 loss_d3=0.212342 loss_d4=0.596820 loss_all=0.236294
[epoch 157] cv_d0=0.129572 cv_d1=0.097745 cv_d2=0.205864 cv_d3=0.087446 cv_d4=0.209017 cv_all=0.145929
157 MSE Training : tensor(-6.2655, device='cuda:0') [dB] MSE Validation : tensor(-8.3586, device='cuda:0') [dB]
Optimal idx: 153 Optimal : tensor(-8.5246, device='cuda:0') [dB]
[epoch 158] loss_d0=0.024706 loss_d1=0.067332 loss_d2=0.178986 loss_d3=0.075379 loss_d4=0.164034 loss_all=0.102087
[epoch 158] cv_d0=0.057411 cv_d1=0.113715 cv_d2=0.113144 cv_d3=0.137263 cv_d4=0.201078 cv_all=0.124522
158 MSE Training : tensor(-9.9103, device='cuda:0') [dB] MSE Validation : tensor(-9.0475, device='cuda:0') [dB]
Optimal idx: 158 Optimal : tensor(-9.0475, device='cuda:0') [dB]
[epoch 159] loss_d0=0.043690 loss_d1=0.117962 loss_d2=0.108571 loss_d3=0.131158 loss_d4=0.170332 loss_all=0.114343
[epoch 159] cv_d0=0.058773 cv_d1=0.077446 cv_d2=0.182977 cv_d3=0.128401 cv_d4=0.275346 cv_all=0.144589
159 MSE Training : tensor(-9.4179, device='cuda:0') [dB] MSE Validation : tensor(-8.3987, device='cuda:0') [dB]
Optimal idx: 158 Optimal : tensor(-9.0475, device='cuda:0') [dB]
[epoch 160] loss_d0=0.036685 loss_d1=0.107600 loss_d2=0.221867 loss_d3=0.180407 loss_d4=0.432971 loss_all=0.195906
[epoch 160] cv_d0=0.092345 cv_d1=0.138504 cv_d2=0.269329 cv_d3=0.091884 cv_d4=0.148627 cv_all=0.148138
160 MSE Training : tensor(-7.0795, device='cuda:0') [dB] MSE Validation : tensor(-8.2933, device='cuda:0') [dB]
Optimal idx: 158 Optimal : tensor(-9.0475, device='cuda:0') [dB]
[epoch 161] loss_d0=0.044928 loss_d1=0.166331 loss_d2=0.276157 loss_d3=0.092344 loss_d4=0.160321 loss_all=0.148016
[epoch 161] cv_d0=0.108829 cv_d1=0.086676 cv_d2=0.137965 cv_d3=0.118643 cv_d4=0.131964 cv_all=0.116815
161 MSE Training : tensor(-8.2969, device='cuda:0') [dB] MSE Validation : tensor(-9.3250, device='cuda:0') [dB]
Optimal idx: 161 Optimal : tensor(-9.3250, device='cuda:0') [dB]
[epoch 162] loss_d0=0.035995 loss_d1=0.060437 loss_d2=0.120001 loss_d3=0.055151 loss_d4=0.084681 loss_all=0.071253
[epoch 162] cv_d0=0.123115 cv_d1=0.197654 cv_d2=0.370320 cv_d3=0.801673 cv_d4=0.614981 cv_all=0.421549
162 MSE Training : tensor(-11.4720, device='cuda:0') [dB] MSE Validation : tensor(-3.7515, device='cuda:0') [dB]
Optimal idx: 161 Optimal : tensor(-9.3250, device='cuda:0') [dB]
[epoch 163] loss_d0=0.048934 loss_d1=0.180662 loss_d2=0.306970 loss_d3=0.629110 loss_d4=0.389871 loss_all=0.311109
[epoch 163] cv_d0=0.132123 cv_d1=0.225090 cv_d2=0.451792 cv_d3=0.965661 cv_d4=0.832603 cv_all=0.521454
163 MSE Training : tensor(-5.0709, device='cuda:0') [dB] MSE Validation : tensor(-2.8278, device='cuda:0') [dB]
Optimal idx: 161 Optimal : tensor(-9.3250, device='cuda:0') [dB]
[epoch 164] loss_d0=0.072214 loss_d1=0.302347 loss_d2=0.529258 loss_d3=1.098348 loss_d4=0.940116 loss_all=0.588457
[epoch 164] cv_d0=0.109657 cv_d1=0.058556 cv_d2=0.257018 cv_d3=0.304252 cv_d4=0.363690 cv_all=0.218635
164 MSE Training : tensor(-2.3029, device='cuda:0') [dB] MSE Validation : tensor(-6.6028, device='cuda:0') [dB]
Optimal idx: 161 Optimal : tensor(-9.3250, device='cuda:0') [dB]
[epoch 165] loss_d0=0.112564 loss_d1=0.100529 loss_d2=0.379470 loss_d3=0.514145 loss_d4=0.553493 loss_all=0.332040
[epoch 165] cv_d0=0.078971 cv_d1=0.365988 cv_d2=0.219091 cv_d3=0.263701 cv_d4=0.246475 cv_all=0.234845
165 MSE Training : tensor(-4.7881, device='cuda:0') [dB] MSE Validation : tensor(-6.2922, device='cuda:0') [dB]
Optimal idx: 161 Optimal : tensor(-9.3250, device='cuda:0') [dB]
[epoch 166] loss_d0=0.056918 loss_d1=0.423546 loss_d2=0.249425 loss_d3=0.315852 loss_d4=0.261159 loss_all=0.261380
[epoch 166] cv_d0=0.061946 cv_d1=0.508398 cv_d2=0.357108 cv_d3=0.468005 cv_d4=0.278916 cv_all=0.334875
166 MSE Training : tensor(-5.8273, device='cuda:0') [dB] MSE Validation : tensor(-4.7512, device='cuda:0') [dB]
Optimal idx: 161 Optimal : tensor(-9.3250, device='cuda:0') [dB]
[epoch 167] loss_d0=0.056323 loss_d1=0.704700 loss_d2=0.398703 loss_d3=0.557091 loss_d4=0.299780 loss_all=0.403319
[epoch 167] cv_d0=0.063242 cv_d1=0.184403 cv_d2=0.283423 cv_d3=0.232996 cv_d4=0.221924 cv_all=0.197198
167 MSE Training : tensor(-3.9435, device='cuda:0') [dB] MSE Validation : tensor(-7.0510, device='cuda:0') [dB]
Optimal idx: 161 Optimal : tensor(-9.3250, device='cuda:0') [dB]
[epoch 168] loss_d0=0.040339 loss_d1=0.209183 loss_d2=0.312128 loss_d3=0.272173 loss_d4=0.236757 loss_all=0.214116
[epoch 168] cv_d0=0.060478 cv_d1=0.089262 cv_d2=0.297943 cv_d3=0.173320 cv_d4=0.308534 cv_all=0.185907
168 MSE Training : tensor(-6.6935, device='cuda:0') [dB] MSE Validation : tensor(-7.3070, device='cuda:0') [dB]
Optimal idx: 161 Optimal : tensor(-9.3250, device='cuda:0') [dB]
[epoch 169] loss_d0=0.050903 loss_d1=0.098660 loss_d2=0.280006 loss_d3=0.178098 loss_d4=0.362547 loss_all=0.194043
[epoch 169] cv_d0=0.082238 cv_d1=0.283381 cv_d2=0.327362 cv_d3=0.648804 cv_d4=0.446650 cv_all=0.357687
169 MSE Training : tensor(-7.1210, device='cuda:0') [dB] MSE Validation : tensor(-4.4650, device='cuda:0') [dB]
Optimal idx: 161 Optimal : tensor(-9.3250, device='cuda:0') [dB]
[epoch 170] loss_d0=0.045470 loss_d1=0.308428 loss_d2=0.377028 loss_d3=0.508869 loss_d4=0.344154 loss_all=0.316790
[epoch 170] cv_d0=0.101882 cv_d1=0.252831 cv_d2=0.246575 cv_d3=0.540593 cv_d4=0.309714 cv_all=0.290319
170 MSE Training : tensor(-4.9923, device='cuda:0') [dB] MSE Validation : tensor(-5.3712, device='cuda:0') [dB]
Optimal idx: 161 Optimal : tensor(-9.3250, device='cuda:0') [dB]
[epoch 171] loss_d0=0.070012 loss_d1=0.245362 loss_d2=0.168374 loss_d3=0.499573 loss_d4=0.219385 loss_all=0.240541
[epoch 171] cv_d0=0.089858 cv_d1=0.049935 cv_d2=0.196649 cv_d3=0.116105 cv_d4=0.201842 cv_all=0.130878
171 MSE Training : tensor(-6.1881, device='cuda:0') [dB] MSE Validation : tensor(-8.8313, device='cuda:0') [dB]
Optimal idx: 161 Optimal : tensor(-9.3250, device='cuda:0') [dB]
[epoch 172] loss_d0=0.044428 loss_d1=0.050556 loss_d2=0.179910 loss_d3=0.096070 loss_d4=0.137270 loss_all=0.101647
[epoch 172] cv_d0=0.056318 cv_d1=0.093429 cv_d2=0.302934 cv_d3=0.173959 cv_d4=0.345556 cv_all=0.194439
172 MSE Training : tensor(-9.9291, device='cuda:0') [dB] MSE Validation : tensor(-7.1122, device='cuda:0') [dB]
Optimal idx: 161 Optimal : tensor(-9.3250, device='cuda:0') [dB]
[epoch 173] loss_d0=0.031709 loss_d1=0.100030 loss_d2=0.325298 loss_d3=0.213832 loss_d4=0.440343 loss_all=0.222243
[epoch 173] cv_d0=0.034468 cv_d1=0.062096 cv_d2=0.188506 cv_d3=0.151795 cv_d4=0.306679 cv_all=0.148709
173 MSE Training : tensor(-6.5317, device='cuda:0') [dB] MSE Validation : tensor(-8.2766, device='cuda:0') [dB]
Optimal idx: 161 Optimal : tensor(-9.3250, device='cuda:0') [dB]
[epoch 174] loss_d0=0.021715 loss_d1=0.058528 loss_d2=0.222460 loss_d3=0.204686 loss_d4=0.387195 loss_all=0.178917
[epoch 174] cv_d0=0.037105 cv_d1=0.091261 cv_d2=0.151236 cv_d3=0.150236 cv_d4=0.228857 cv_all=0.131739
174 MSE Training : tensor(-7.4735, device='cuda:0') [dB] MSE Validation : tensor(-8.8029, device='cuda:0') [dB]
Optimal idx: 161 Optimal : tensor(-9.3250, device='cuda:0') [dB]
[epoch 175] loss_d0=0.026826 loss_d1=0.086256 loss_d2=0.171404 loss_d3=0.150719 loss_d4=0.226129 loss_all=0.132267
[epoch 175] cv_d0=0.077811 cv_d1=0.078084 cv_d2=0.146180 cv_d3=0.162255 cv_d4=0.311789 cv_all=0.155224
175 MSE Training : tensor(-8.7855, device='cuda:0') [dB] MSE Validation : tensor(-8.0904, device='cuda:0') [dB]
Optimal idx: 161 Optimal : tensor(-9.3250, device='cuda:0') [dB]
[epoch 176] loss_d0=0.026787 loss_d1=0.053801 loss_d2=0.072185 loss_d3=0.096314 loss_d4=0.217472 loss_all=0.093312
[epoch 176] cv_d0=0.127242 cv_d1=0.093749 cv_d2=0.166213 cv_d3=0.133246 cv_d4=0.558595 cv_all=0.215809
176 MSE Training : tensor(-10.3006, device='cuda:0') [dB] MSE Validation : tensor(-6.6593, device='cuda:0') [dB]
Optimal idx: 161 Optimal : tensor(-9.3250, device='cuda:0') [dB]
[epoch 177] loss_d0=0.076984 loss_d1=0.131912 loss_d2=0.167241 loss_d3=0.153406 loss_d4=0.674656 loss_all=0.240840
[epoch 177] cv_d0=0.106260 cv_d1=0.170253 cv_d2=0.173844 cv_d3=0.129884 cv_d4=0.451140 cv_all=0.206276
177 MSE Training : tensor(-6.1827, device='cuda:0') [dB] MSE Validation : tensor(-6.8555, device='cuda:0') [dB]
Optimal idx: 161 Optimal : tensor(-9.3250, device='cuda:0') [dB]
[epoch 178] loss_d0=0.091396 loss_d1=0.235793 loss_d2=0.180690 loss_d3=0.146856 loss_d4=0.492737 loss_all=0.229495
[epoch 178] cv_d0=0.056265 cv_d1=0.073256 cv_d2=0.111172 cv_d3=0.068660 cv_d4=0.160610 cv_all=0.093992
178 MSE Training : tensor(-6.3923, device='cuda:0') [dB] MSE Validation : tensor(-10.2691, device='cuda:0') [dB]
Optimal idx: 178 Optimal : tensor(-10.2691, device='cuda:0') [dB]
[epoch 179] loss_d0=0.038212 loss_d1=0.073074 loss_d2=0.102305 loss_d3=0.052284 loss_d4=0.114326 loss_all=0.076040
[epoch 179] cv_d0=0.062526 cv_d1=0.180966 cv_d2=0.388619 cv_d3=0.668232 cv_d4=0.523809 cv_all=0.364830
179 MSE Training : tensor(-11.1896, device='cuda:0') [dB] MSE Validation : tensor(-4.3791, device='cuda:0') [dB]
Optimal idx: 178 Optimal : tensor(-10.2691, device='cuda:0') [dB]
[epoch 180] loss_d0=0.053349 loss_d1=0.263440 loss_d2=0.450818 loss_d3=0.905561 loss_d4=0.731975 loss_all=0.481029
[epoch 180] cv_d0=0.065387 cv_d1=0.225791 cv_d2=0.494017 cv_d3=0.931938 cv_d4=0.737021 cv_all=0.490831
180 MSE Training : tensor(-3.1783, device='cuda:0') [dB] MSE Validation : tensor(-3.0907, device='cuda:0') [dB]
Optimal idx: 178 Optimal : tensor(-10.2691, device='cuda:0') [dB]
[epoch 181] loss_d0=0.035154 loss_d1=0.219335 loss_d2=0.473920 loss_d3=0.918355 loss_d4=0.902526 loss_all=0.509858
[epoch 181] cv_d0=0.051361 cv_d1=0.133279 cv_d2=0.167920 cv_d3=0.458924 cv_d4=0.418738 cv_all=0.246045
181 MSE Training : tensor(-2.9255, device='cuda:0') [dB] MSE Validation : tensor(-6.0899, device='cuda:0') [dB]
Optimal idx: 178 Optimal : tensor(-10.2691, device='cuda:0') [dB]
[epoch 182] loss_d0=0.036854 loss_d1=0.175004 loss_d2=0.171516 loss_d3=0.521936 loss_d4=0.507002 loss_all=0.282462
[epoch 182] cv_d0=0.072936 cv_d1=0.061786 cv_d2=0.305395 cv_d3=0.090702 cv_d4=0.269702 cv_all=0.160104
182 MSE Training : tensor(-5.4904, device='cuda:0') [dB] MSE Validation : tensor(-7.9560, device='cuda:0') [dB]
Optimal idx: 178 Optimal : tensor(-10.2691, device='cuda:0') [dB]
[epoch 183] loss_d0=0.057920 loss_d1=0.079490 loss_d2=0.331364 loss_d3=0.114467 loss_d4=0.396473 loss_all=0.195943
[epoch 183] cv_d0=0.127956 cv_d1=0.207424 cv_d2=0.413098 cv_d3=0.178451 cv_d4=0.260255 cv_all=0.237437
183 MSE Training : tensor(-7.0787, device='cuda:0') [dB] MSE Validation : tensor(-6.2445, device='cuda:0') [dB]
Optimal idx: 178 Optimal : tensor(-10.2691, device='cuda:0') [dB]
[epoch 184] loss_d0=0.066007 loss_d1=0.250469 loss_d2=0.354665 loss_d3=0.202553 loss_d4=0.269449 loss_all=0.228628
[epoch 184] cv_d0=0.161440 cv_d1=0.185694 cv_d2=0.188699 cv_d3=0.187484 cv_d4=0.295307 cv_all=0.203725
184 MSE Training : tensor(-6.4087, device='cuda:0') [dB] MSE Validation : tensor(-6.9096, device='cuda:0') [dB]
Optimal idx: 178 Optimal : tensor(-10.2691, device='cuda:0') [dB]
[epoch 185] loss_d0=0.066829 loss_d1=0.178505 loss_d2=0.185737 loss_d3=0.198721 loss_d4=0.266683 loss_all=0.179295
[epoch 185] cv_d0=0.163816 cv_d1=0.080338 cv_d2=0.129410 cv_d3=0.225925 cv_d4=0.366492 cv_all=0.193196
185 MSE Training : tensor(-7.4643, device='cuda:0') [dB] MSE Validation : tensor(-7.1400, device='cuda:0') [dB]
Optimal idx: 178 Optimal : tensor(-10.2691, device='cuda:0') [dB]
[epoch 186] loss_d0=0.091017 loss_d1=0.068771 loss_d2=0.112254 loss_d3=0.219103 loss_d4=0.330862 loss_all=0.164401
[epoch 186] cv_d0=0.096945 cv_d1=0.045048 cv_d2=0.206044 cv_d3=0.260755 cv_d4=0.255584 cv_all=0.172875
186 MSE Training : tensor(-7.8409, device='cuda:0') [dB] MSE Validation : tensor(-7.6227, device='cuda:0') [dB]
Optimal idx: 178 Optimal : tensor(-10.2691, device='cuda:0') [dB]
[epoch 187] loss_d0=0.074505 loss_d1=0.047745 loss_d2=0.298687 loss_d3=0.256650 loss_d4=0.330954 loss_all=0.201709
[epoch 187] cv_d0=0.044894 cv_d1=0.040466 cv_d2=0.182831 cv_d3=0.181548 cv_d4=0.277775 cv_all=0.145503
187 MSE Training : tensor(-6.9528, device='cuda:0') [dB] MSE Validation : tensor(-8.3713, device='cuda:0') [dB]
Optimal idx: 178 Optimal : tensor(-10.2691, device='cuda:0') [dB]
[epoch 188] loss_d0=0.023725 loss_d1=0.037979 loss_d2=0.147358 loss_d3=0.197314 loss_d4=0.365851 loss_all=0.154446
[epoch 188] cv_d0=0.038455 cv_d1=0.043918 cv_d2=0.144697 cv_d3=0.084688 cv_d4=0.186740 cv_all=0.099700
188 MSE Training : tensor(-8.1122, device='cuda:0') [dB] MSE Validation : tensor(-10.0131, device='cuda:0') [dB]
Optimal idx: 178 Optimal : tensor(-10.2691, device='cuda:0') [dB]
[epoch 189] loss_d0=0.019904 loss_d1=0.037917 loss_d2=0.156655 loss_d3=0.106965 loss_d4=0.276918 loss_all=0.119672
[epoch 189] cv_d0=0.074117 cv_d1=0.038449 cv_d2=0.147110 cv_d3=0.077688 cv_d4=0.163693 cv_all=0.100211
189 MSE Training : tensor(-9.2201, device='cuda:0') [dB] MSE Validation : tensor(-9.9908, device='cuda:0') [dB]
Optimal idx: 178 Optimal : tensor(-10.2691, device='cuda:0') [dB]
[epoch 190] loss_d0=0.044268 loss_d1=0.052578 loss_d2=0.143352 loss_d3=0.079521 loss_d4=0.190771 loss_all=0.102098
[epoch 190] cv_d0=0.138756 cv_d1=0.052876 cv_d2=0.109716 cv_d3=0.130990 cv_d4=0.323244 cv_all=0.151116
190 MSE Training : tensor(-9.9098, device='cuda:0') [dB] MSE Validation : tensor(-8.2069, device='cuda:0') [dB]
Optimal idx: 178 Optimal : tensor(-10.2691, device='cuda:0') [dB]
[epoch 191] loss_d0=0.043879 loss_d1=0.038635 loss_d2=0.081608 loss_d3=0.106363 loss_d4=0.275789 loss_all=0.109255
[epoch 191] cv_d0=0.101934 cv_d1=0.052613 cv_d2=0.107169 cv_d3=0.250665 cv_d4=0.280756 cv_all=0.158627
191 MSE Training : tensor(-9.6156, device='cuda:0') [dB] MSE Validation : tensor(-7.9962, device='cuda:0') [dB]
Optimal idx: 178 Optimal : tensor(-10.2691, device='cuda:0') [dB]
[epoch 192] loss_d0=0.061049 loss_d1=0.055117 loss_d2=0.101647 loss_d3=0.245888 loss_d4=0.289063 loss_all=0.150553
[epoch 192] cv_d0=0.045556 cv_d1=0.064663 cv_d2=0.088093 cv_d3=0.171970 cv_d4=0.161896 cv_all=0.106436
192 MSE Training : tensor(-8.2231, device='cuda:0') [dB] MSE Validation : tensor(-9.7291, device='cuda:0') [dB]
Optimal idx: 178 Optimal : tensor(-10.2691, device='cuda:0') [dB]
[epoch 193] loss_d0=0.020535 loss_d1=0.047998 loss_d2=0.115002 loss_d3=0.154656 loss_d4=0.215530 loss_all=0.110744
[epoch 193] cv_d0=0.031269 cv_d1=0.036926 cv_d2=0.116272 cv_d3=0.079133 cv_d4=0.140039 cv_all=0.080728
193 MSE Training : tensor(-9.5568, device='cuda:0') [dB] MSE Validation : tensor(-10.9298, device='cuda:0') [dB]
Optimal idx: 193 Optimal : tensor(-10.9298, device='cuda:0') [dB]
[epoch 194] loss_d0=0.030219 loss_d1=0.040740 loss_d2=0.134481 loss_d3=0.093401 loss_d4=0.192738 loss_all=0.098316
[epoch 194] cv_d0=0.048130 cv_d1=0.042538 cv_d2=0.116192 cv_d3=0.070402 cv_d4=0.074624 cv_all=0.070377
194 MSE Training : tensor(-10.0738, device='cuda:0') [dB] MSE Validation : tensor(-11.5257, device='cuda:0') [dB]
Optimal idx: 194 Optimal : tensor(-11.5257, device='cuda:0') [dB]
[epoch 195] loss_d0=0.029180 loss_d1=0.056188 loss_d2=0.126770 loss_d3=0.060954 loss_d4=0.097184 loss_all=0.074055
[epoch 195] cv_d0=0.080483 cv_d1=0.039234 cv_d2=0.080452 cv_d3=0.143479 cv_d4=0.200656 cv_all=0.108861
195 MSE Training : tensor(-11.3045, device='cuda:0') [dB] MSE Validation : tensor(-9.6313, device='cuda:0') [dB]
Optimal idx: 194 Optimal : tensor(-11.5257, device='cuda:0') [dB]
[epoch 196] loss_d0=0.055580 loss_d1=0.058290 loss_d2=0.081411 loss_d3=0.191662 loss_d4=0.239939 loss_all=0.125376
[epoch 196] cv_d0=0.070775 cv_d1=0.031034 cv_d2=0.075217 cv_d3=0.098421 cv_d4=0.159188 cv_all=0.086927
196 MSE Training : tensor(-9.0178, device='cuda:0') [dB] MSE Validation : tensor(-10.6085, device='cuda:0') [dB]
Optimal idx: 194 Optimal : tensor(-11.5257, device='cuda:0') [dB]
[epoch 197] loss_d0=0.046517 loss_d1=0.040306 loss_d2=0.091031 loss_d3=0.093739 loss_d4=0.156534 loss_all=0.085625
[epoch 197] cv_d0=0.028261 cv_d1=0.034343 cv_d2=0.127916 cv_d3=0.061540 cv_d4=0.105053 cv_all=0.071423
197 MSE Training : tensor(-10.6740, device='cuda:0') [dB] MSE Validation : tensor(-11.4616, device='cuda:0') [dB]
Optimal idx: 194 Optimal : tensor(-11.5257, device='cuda:0') [dB]
[epoch 198] loss_d0=0.020148 loss_d1=0.030969 loss_d2=0.129511 loss_d3=0.073920 loss_d4=0.154441 loss_all=0.081798
[epoch 198] cv_d0=0.025737 cv_d1=0.040307 cv_d2=0.108846 cv_d3=0.055711 cv_d4=0.108395 cv_all=0.067799
198 MSE Training : tensor(-10.8726, device='cuda:0') [dB] MSE Validation : tensor(-11.6878, device='cuda:0') [dB]
Optimal idx: 198 Optimal : tensor(-11.6878, device='cuda:0') [dB]
[epoch 199] loss_d0=0.021503 loss_d1=0.044476 loss_d2=0.140119 loss_d3=0.082592 loss_d4=0.123012 loss_all=0.082340
[epoch 199] cv_d0=0.056561 cv_d1=0.046579 cv_d2=0.069503 cv_d3=0.068890 cv_d4=0.140433 cv_all=0.076393
199 MSE Training : tensor(-10.8439, device='cuda:0') [dB] MSE Validation : tensor(-11.1695, device='cuda:0') [dB]
Optimal idx: 198 Optimal : tensor(-11.6878, device='cuda:0') [dB]
[epoch 200] loss_d0=0.027171 loss_d1=0.060102 loss_d2=0.072791 loss_d3=0.063468 loss_d4=0.135750 loss_all=0.071856
[epoch 200] cv_d0=0.080714 cv_d1=0.059385 cv_d2=0.126049 cv_d3=0.077098 cv_d4=0.164056 cv_all=0.101461
200 MSE Training : tensor(-11.4353, device='cuda:0') [dB] MSE Validation : tensor(-9.9370, device='cuda:0') [dB]
Optimal idx: 198 Optimal : tensor(-11.6878, device='cuda:0') [dB]
[epoch 201] loss_d0=0.049799 loss_d1=0.054811 loss_d2=0.102570 loss_d3=0.070933 loss_d4=0.200267 loss_all=0.095676
[epoch 201] cv_d0=0.048921 cv_d1=0.041070 cv_d2=0.100368 cv_d3=0.061958 cv_d4=0.091953 cv_all=0.068854
201 MSE Training : tensor(-10.1920, device='cuda:0') [dB] MSE Validation : tensor(-11.6207, device='cuda:0') [dB]
Optimal idx: 198 Optimal : tensor(-11.6878, device='cuda:0') [dB]
[epoch 202] loss_d0=0.020829 loss_d1=0.028572 loss_d2=0.099792 loss_d3=0.049594 loss_d4=0.077621 loss_all=0.055281
[epoch 202] cv_d0=0.026926 cv_d1=0.070117 cv_d2=0.081620 cv_d3=0.074662 cv_d4=0.112691 cv_all=0.073203
202 MSE Training : tensor(-12.5742, device='cuda:0') [dB] MSE Validation : tensor(-11.3547, device='cuda:0') [dB]
Optimal idx: 198 Optimal : tensor(-11.6878, device='cuda:0') [dB]
[epoch 203] loss_d0=0.021417 loss_d1=0.087144 loss_d2=0.072201 loss_d3=0.087604 loss_d4=0.138302 loss_all=0.081333
[epoch 203] cv_d0=0.033669 cv_d1=0.028529 cv_d2=0.105622 cv_d3=0.058308 cv_d4=0.092841 cv_all=0.063794
203 MSE Training : tensor(-10.8973, device='cuda:0') [dB] MSE Validation : tensor(-11.9522, device='cuda:0') [dB]
Optimal idx: 203 Optimal : tensor(-11.9522, device='cuda:0') [dB]
[epoch 204] loss_d0=0.027061 loss_d1=0.031411 loss_d2=0.116981 loss_d3=0.067500 loss_d4=0.106613 loss_all=0.069913
[epoch 204] cv_d0=0.038003 cv_d1=0.035868 cv_d2=0.099669 cv_d3=0.063899 cv_d4=0.124390 cv_all=0.072366
204 MSE Training : tensor(-11.5544, device='cuda:0') [dB] MSE Validation : tensor(-11.4047, device='cuda:0') [dB]
Optimal idx: 203 Optimal : tensor(-11.9522, device='cuda:0') [dB]
[epoch 205] loss_d0=0.019761 loss_d1=0.039805 loss_d2=0.104491 loss_d3=0.102186 loss_d4=0.228261 loss_all=0.098901
[epoch 205] cv_d0=0.058102 cv_d1=0.037340 cv_d2=0.084680 cv_d3=0.062112 cv_d4=0.115765 cv_all=0.071600
205 MSE Training : tensor(-10.0480, device='cuda:0') [dB] MSE Validation : tensor(-11.4509, device='cuda:0') [dB]
Optimal idx: 203 Optimal : tensor(-11.9522, device='cuda:0') [dB]
[epoch 206] loss_d0=0.037419 loss_d1=0.046548 loss_d2=0.086726 loss_d3=0.066065 loss_d4=0.129194 loss_all=0.073190
[epoch 206] cv_d0=0.033903 cv_d1=0.030242 cv_d2=0.055694 cv_d3=0.064190 cv_d4=0.068564 cv_all=0.050519
206 MSE Training : tensor(-11.3555, device='cuda:0') [dB] MSE Validation : tensor(-12.9655, device='cuda:0') [dB]
Optimal idx: 206 Optimal : tensor(-12.9655, device='cuda:0') [dB]
[epoch 207] loss_d0=0.016520 loss_d1=0.026202 loss_d2=0.054332 loss_d3=0.037663 loss_d4=0.050510 loss_all=0.037045
[epoch 207] cv_d0=0.021457 cv_d1=0.083769 cv_d2=0.082470 cv_d3=0.101628 cv_d4=0.206309 cv_all=0.099126
207 MSE Training : tensor(-14.3127, device='cuda:0') [dB] MSE Validation : tensor(-10.0381, device='cuda:0') [dB]
Optimal idx: 206 Optimal : tensor(-12.9655, device='cuda:0') [dB]
[epoch 208] loss_d0=0.015833 loss_d1=0.060842 loss_d2=0.097425 loss_d3=0.114496 loss_d4=0.293402 loss_all=0.116400
[epoch 208] cv_d0=0.018556 cv_d1=0.066649 cv_d2=0.079092 cv_d3=0.067689 cv_d4=0.139984 cv_all=0.074394
208 MSE Training : tensor(-9.3405, device='cuda:0') [dB] MSE Validation : tensor(-11.2846, device='cuda:0') [dB]
Optimal idx: 206 Optimal : tensor(-12.9655, device='cuda:0') [dB]
[epoch 209] loss_d0=0.009097 loss_d1=0.037803 loss_d2=0.064804 loss_d3=0.043546 loss_d4=0.124635 loss_all=0.055977
[epoch 209] cv_d0=0.045414 cv_d1=0.026566 cv_d2=0.091905 cv_d3=0.065929 cv_d4=0.104349 cv_all=0.066833
209 MSE Training : tensor(-12.5199, device='cuda:0') [dB] MSE Validation : tensor(-11.7501, device='cuda:0') [dB]
Optimal idx: 206 Optimal : tensor(-12.9655, device='cuda:0') [dB]
[epoch 210] loss_d0=0.019075 loss_d1=0.021036 loss_d2=0.082654 loss_d3=0.091498 loss_d4=0.115352 loss_all=0.065923
[epoch 210] cv_d0=0.086701 cv_d1=0.048911 cv_d2=0.098013 cv_d3=0.102773 cv_d4=0.238475 cv_all=0.114974
210 MSE Training : tensor(-11.8096, device='cuda:0') [dB] MSE Validation : tensor(-9.3940, device='cuda:0') [dB]
Optimal idx: 206 Optimal : tensor(-12.9655, device='cuda:0') [dB]
[epoch 211] loss_d0=0.033020 loss_d1=0.041185 loss_d2=0.072424 loss_d3=0.105898 loss_d4=0.226185 loss_all=0.095743
[epoch 211] cv_d0=0.086547 cv_d1=0.069124 cv_d2=0.127771 cv_d3=0.160232 cv_d4=0.224387 cv_all=0.133612
211 MSE Training : tensor(-10.1890, device='cuda:0') [dB] MSE Validation : tensor(-8.7415, device='cuda:0') [dB]
Optimal idx: 206 Optimal : tensor(-12.9655, device='cuda:0') [dB]
[epoch 212] loss_d0=0.033607 loss_d1=0.080477 loss_d2=0.125295 loss_d3=0.206148 loss_d4=0.202900 loss_all=0.129685
[epoch 212] cv_d0=0.069244 cv_d1=0.064460 cv_d2=0.137594 cv_d3=0.155643 cv_d4=0.179046 cv_all=0.121197
212 MSE Training : tensor(-8.8711, device='cuda:0') [dB] MSE Validation : tensor(-9.1651, device='cuda:0') [dB]
Optimal idx: 206 Optimal : tensor(-12.9655, device='cuda:0') [dB]
[epoch 213] loss_d0=0.048300 loss_d1=0.065484 loss_d2=0.144804 loss_d3=0.171307 loss_d4=0.188676 loss_all=0.123714
[epoch 213] cv_d0=0.043909 cv_d1=0.029009 cv_d2=0.148402 cv_d3=0.061164 cv_d4=0.151622 cv_all=0.086821
213 MSE Training : tensor(-9.0758, device='cuda:0') [dB] MSE Validation : tensor(-10.6137, device='cuda:0') [dB]
Optimal idx: 206 Optimal : tensor(-12.9655, device='cuda:0') [dB]
[epoch 214] loss_d0=0.013308 loss_d1=0.022587 loss_d2=0.158289 loss_d3=0.087512 loss_d4=0.226196 loss_all=0.101578
[epoch 214] cv_d0=0.051053 cv_d1=0.082864 cv_d2=0.102007 cv_d3=0.168709 cv_d4=0.148952 cv_all=0.110717
214 MSE Training : tensor(-9.9320, device='cuda:0') [dB] MSE Validation : tensor(-9.5579, device='cuda:0') [dB]
Optimal idx: 206 Optimal : tensor(-12.9655, device='cuda:0') [dB]
[epoch 215] loss_d0=0.031321 loss_d1=0.087880 loss_d2=0.120391 loss_d3=0.268990 loss_d4=0.191328 loss_all=0.139982
[epoch 215] cv_d0=0.069627 cv_d1=0.075569 cv_d2=0.088422 cv_d3=0.192541 cv_d4=0.238695 cv_all=0.132971
215 MSE Training : tensor(-8.5393, device='cuda:0') [dB] MSE Validation : tensor(-8.7624, device='cuda:0') [dB]
Optimal idx: 206 Optimal : tensor(-12.9655, device='cuda:0') [dB]
[epoch 216] loss_d0=0.054928 loss_d1=0.071470 loss_d2=0.094598 loss_d3=0.209538 loss_d4=0.202870 loss_all=0.126681
[epoch 216] cv_d0=0.066503 cv_d1=0.035078 cv_d2=0.068308 cv_d3=0.084954 cv_d4=0.149698 cv_all=0.080908
216 MSE Training : tensor(-8.9729, device='cuda:0') [dB] MSE Validation : tensor(-10.9201, device='cuda:0') [dB]
Optimal idx: 206 Optimal : tensor(-12.9655, device='cuda:0') [dB]
[epoch 217] loss_d0=0.050040 loss_d1=0.037111 loss_d2=0.064293 loss_d3=0.081784 loss_d4=0.125508 loss_all=0.071747
[epoch 217] cv_d0=0.083403 cv_d1=0.053811 cv_d2=0.122373 cv_d3=0.245880 cv_d4=0.280013 cv_all=0.157096
217 MSE Training : tensor(-11.4420, device='cuda:0') [dB] MSE Validation : tensor(-8.0383, device='cuda:0') [dB]
Optimal idx: 206 Optimal : tensor(-12.9655, device='cuda:0') [dB]
[epoch 218] loss_d0=0.032646 loss_d1=0.048676 loss_d2=0.124673 loss_d3=0.272317 loss_d4=0.398851 loss_all=0.175433
[epoch 218] cv_d0=0.101678 cv_d1=0.046689 cv_d2=0.196281 cv_d3=0.220815 cv_d4=0.320641 cv_all=0.177221
218 MSE Training : tensor(-7.5589, device='cuda:0') [dB] MSE Validation : tensor(-7.5149, device='cuda:0') [dB]
Optimal idx: 206 Optimal : tensor(-12.9655, device='cuda:0') [dB]
[epoch 219] loss_d0=0.029879 loss_d1=0.030679 loss_d2=0.160121 loss_d3=0.167868 loss_d4=0.468918 loss_all=0.171493
[epoch 219] cv_d0=0.084932 cv_d1=0.043468 cv_d2=0.146175 cv_d3=0.085913 cv_d4=0.118229 cv_all=0.095744
219 MSE Training : tensor(-7.6575, device='cuda:0') [dB] MSE Validation : tensor(-10.1889, device='cuda:0') [dB]
Optimal idx: 206 Optimal : tensor(-12.9655, device='cuda:0') [dB]
[epoch 220] loss_d0=0.043868 loss_d1=0.038781 loss_d2=0.126265 loss_d3=0.083655 loss_d4=0.115456 loss_all=0.081605
[epoch 220] cv_d0=0.092739 cv_d1=0.066526 cv_d2=0.110772 cv_d3=0.184845 cv_d4=0.360544 cv_all=0.163085
220 MSE Training : tensor(-10.8828, device='cuda:0') [dB] MSE Validation : tensor(-7.8759, device='cuda:0') [dB]
Optimal idx: 206 Optimal : tensor(-12.9655, device='cuda:0') [dB]
[epoch 221] loss_d0=0.034558 loss_d1=0.054892 loss_d2=0.066117 loss_d3=0.212832 loss_d4=0.337076 loss_all=0.141095
[epoch 221] cv_d0=0.079967 cv_d1=0.020955 cv_d2=0.230881 cv_d3=0.250245 cv_d4=0.426704 cv_all=0.201750
221 MSE Training : tensor(-8.5049, device='cuda:0') [dB] MSE Validation : tensor(-6.9519, device='cuda:0') [dB]
Optimal idx: 206 Optimal : tensor(-12.9655, device='cuda:0') [dB]
[epoch 222] loss_d0=0.027592 loss_d1=0.027200 loss_d2=0.306669 loss_d3=0.303664 loss_d4=0.361631 loss_all=0.205351
[epoch 222] cv_d0=0.056670 cv_d1=0.101551 cv_d2=0.320209 cv_d3=0.293902 cv_d4=0.562806 cv_all=0.267028
222 MSE Training : tensor(-6.8750, device='cuda:0') [dB] MSE Validation : tensor(-5.7344, device='cuda:0') [dB]
Optimal idx: 206 Optimal : tensor(-12.9655, device='cuda:0') [dB]
[epoch 223] loss_d0=0.022579 loss_d1=0.066118 loss_d2=0.171134 loss_d3=0.164110 loss_d4=0.402587 loss_all=0.165306
[epoch 223] cv_d0=0.063010 cv_d1=0.435054 cv_d2=0.977380 cv_d3=0.794779 cv_d4=1.334011 cv_all=0.720847
223 MSE Training : tensor(-7.8171, device='cuda:0') [dB] MSE Validation : tensor(-1.4216, device='cuda:0') [dB]
Optimal idx: 206 Optimal : tensor(-12.9655, device='cuda:0') [dB]
[epoch 224] loss_d0=0.055933 loss_d1=0.570164 loss_d2=1.242867 loss_d3=1.035458 loss_d4=1.667930 loss_all=0.914471
[epoch 224] cv_d0=0.066228 cv_d1=0.478813 cv_d2=1.127995 cv_d3=0.750825 cv_d4=1.218570 cv_all=0.728486
224 MSE Training : tensor(-0.3883, device='cuda:0') [dB] MSE Validation : tensor(-1.3758, device='cuda:0') [dB]
Optimal idx: 206 Optimal : tensor(-12.9655, device='cuda:0') [dB]
[epoch 225] loss_d0=0.054703 loss_d1=0.583287 loss_d2=1.237948 loss_d3=0.736666 loss_d4=1.190280 loss_all=0.760577
[epoch 225] cv_d0=0.042739 cv_d1=0.243290 cv_d2=0.558598 cv_d3=0.343424 cv_d4=0.613960 cv_all=0.360402
225 MSE Training : tensor(-1.1886, device='cuda:0') [dB] MSE Validation : tensor(-4.4321, device='cuda:0') [dB]
Optimal idx: 206 Optimal : tensor(-12.9655, device='cuda:0') [dB]
[epoch 226] loss_d0=0.030270 loss_d1=0.199807 loss_d2=0.557599 loss_d3=0.371258 loss_d4=0.689674 loss_all=0.369722
[epoch 226] cv_d0=0.031510 cv_d1=0.060803 cv_d2=0.189619 cv_d3=0.150401 cv_d4=0.247133 cv_all=0.135893
226 MSE Training : tensor(-4.3213, device='cuda:0') [dB] MSE Validation : tensor(-8.6680, device='cuda:0') [dB]
Optimal idx: 206 Optimal : tensor(-12.9655, device='cuda:0') [dB]
[epoch 227] loss_d0=0.024544 loss_d1=0.068136 loss_d2=0.202378 loss_d3=0.186483 loss_d4=0.307614 loss_all=0.157831
[epoch 227] cv_d0=0.094393 cv_d1=0.117180 cv_d2=0.106158 cv_d3=0.155996 cv_d4=0.154899 cv_all=0.125725
227 MSE Training : tensor(-8.0181, device='cuda:0') [dB] MSE Validation : tensor(-9.0058, device='cuda:0') [dB]
Optimal idx: 206 Optimal : tensor(-12.9655, device='cuda:0') [dB]
[epoch 228] loss_d0=0.049589 loss_d1=0.136279 loss_d2=0.091707 loss_d3=0.173414 loss_d4=0.153776 loss_all=0.120953
[epoch 228] cv_d0=0.244027 cv_d1=0.237271 cv_d2=0.394951 cv_d3=0.166942 cv_d4=0.363591 cv_all=0.281356
228 MSE Training : tensor(-9.1738, device='cuda:0') [dB] MSE Validation : tensor(-5.5074, device='cuda:0') [dB]
Optimal idx: 206 Optimal : tensor(-12.9655, device='cuda:0') [dB]
[epoch 229] loss_d0=0.213890 loss_d1=0.308612 loss_d2=0.429986 loss_d3=0.201849 loss_d4=0.461692 loss_all=0.323206
[epoch 229] cv_d0=0.361016 cv_d1=0.279811 cv_d2=0.555118 cv_d3=0.239105 cv_d4=0.380609 cv_all=0.363132
229 MSE Training : tensor(-4.9052, device='cuda:0') [dB] MSE Validation : tensor(-4.3994, device='cuda:0') [dB]
Optimal idx: 206 Optimal : tensor(-12.9655, device='cuda:0') [dB]
[epoch 230] loss_d0=0.262665 loss_d1=0.283870 loss_d2=0.457334 loss_d3=0.220312 loss_d4=0.376652 loss_all=0.320167
[epoch 230] cv_d0=0.304193 cv_d1=0.193787 cv_d2=0.432719 cv_d3=0.218461 cv_d4=0.320293 cv_all=0.293891
230 MSE Training : tensor(-4.9462, device='cuda:0') [dB] MSE Validation : tensor(-5.3181, device='cuda:0') [dB]
Optimal idx: 206 Optimal : tensor(-12.9655, device='cuda:0') [dB]
[epoch 231] loss_d0=0.188173 loss_d1=0.265016 loss_d2=0.438450 loss_d3=0.202127 loss_d4=0.285657 loss_all=0.275885
[epoch 231] cv_d0=0.134460 cv_d1=0.084971 cv_d2=0.114345 cv_d3=0.084707 cv_d4=0.158596 cv_all=0.115416
231 MSE Training : tensor(-5.5927, device='cuda:0') [dB] MSE Validation : tensor(-9.3774, device='cuda:0') [dB]
Optimal idx: 206 Optimal : tensor(-12.9655, device='cuda:0') [dB]
[epoch 232] loss_d0=0.090552 loss_d1=0.096712 loss_d2=0.111706 loss_d3=0.088408 loss_d4=0.157207 loss_all=0.108917
[epoch 232] cv_d0=0.027524 cv_d1=0.029065 cv_d2=0.170518 cv_d3=0.097354 cv_d4=0.202690 cv_all=0.105430
232 MSE Training : tensor(-9.6290, device='cuda:0') [dB] MSE Validation : tensor(-9.7703, device='cuda:0') [dB]
Optimal idx: 206 Optimal : tensor(-12.9655, device='cuda:0') [dB]
[epoch 233] loss_d0=0.021686 loss_d1=0.032676 loss_d2=0.140950 loss_d3=0.103800 loss_d4=0.260810 loss_all=0.111984
[epoch 233] cv_d0=0.034327 cv_d1=0.053521 cv_d2=0.530216 cv_d3=0.127327 cv_d4=0.154682 cv_all=0.180015
233 MSE Training : tensor(-9.5084, device='cuda:0') [dB] MSE Validation : tensor(-7.4469, device='cuda:0') [dB]
Optimal idx: 206 Optimal : tensor(-12.9655, device='cuda:0') [dB]
[epoch 234] loss_d0=0.025444 loss_d1=0.053151 loss_d2=0.481690 loss_d3=0.112549 loss_d4=0.173352 loss_all=0.169237
[epoch 234] cv_d0=0.051315 cv_d1=0.059415 cv_d2=0.806260 cv_d3=0.183644 cv_d4=0.299836 cv_all=0.280094
234 MSE Training : tensor(-7.7150, device='cuda:0') [dB] MSE Validation : tensor(-5.5270, device='cuda:0') [dB]
Optimal idx: 206 Optimal : tensor(-12.9655, device='cuda:0') [dB]
[epoch 235] loss_d0=0.037429 loss_d1=0.065436 loss_d2=0.776423 loss_d3=0.192290 loss_d4=0.306433 loss_all=0.275602
[epoch 235] cv_d0=0.057374 cv_d1=0.024484 cv_d2=0.589122 cv_d3=0.246832 cv_d4=0.441169 cv_all=0.271796
235 MSE Training : tensor(-5.5972, device='cuda:0') [dB] MSE Validation : tensor(-5.6576, device='cuda:0') [dB]
Optimal idx: 206 Optimal : tensor(-12.9655, device='cuda:0') [dB]
[epoch 236] loss_d0=0.033466 loss_d1=0.020778 loss_d2=0.479820 loss_d3=0.279706 loss_d4=0.403417 loss_all=0.243437
[epoch 236] cv_d0=0.060274 cv_d1=0.030311 cv_d2=0.211147 cv_d3=0.214667 cv_d4=0.333672 cv_all=0.170014
236 MSE Training : tensor(-6.1361, device='cuda:0') [dB] MSE Validation : tensor(-7.6951, device='cuda:0') [dB]
Optimal idx: 206 Optimal : tensor(-12.9655, device='cuda:0') [dB]
[epoch 237] loss_d0=0.031568 loss_d1=0.023451 loss_d2=0.241966 loss_d3=0.216119 loss_d4=0.338387 loss_all=0.170298
[epoch 237] cv_d0=0.058877 cv_d1=0.073017 cv_d2=0.128788 cv_d3=0.246522 cv_d4=0.226636 cv_all=0.146768
237 MSE Training : tensor(-7.6879, device='cuda:0') [dB] MSE Validation : tensor(-8.3337, device='cuda:0') [dB]
Optimal idx: 206 Optimal : tensor(-12.9655, device='cuda:0') [dB]
[epoch 238] loss_d0=0.033366 loss_d1=0.063564 loss_d2=0.123055 loss_d3=0.323254 loss_d4=0.310395 loss_all=0.170727
[epoch 238] cv_d0=0.053923 cv_d1=0.030932 cv_d2=0.136353 cv_d3=0.132032 cv_d4=0.137349 cv_all=0.098118
238 MSE Training : tensor(-7.6770, device='cuda:0') [dB] MSE Validation : tensor(-10.0825, device='cuda:0') [dB]
Optimal idx: 206 Optimal : tensor(-12.9655, device='cuda:0') [dB]
[epoch 239] loss_d0=0.018830 loss_d1=0.020688 loss_d2=0.101540 loss_d3=0.155930 loss_d4=0.127437 loss_all=0.084885
[epoch 239] cv_d0=0.032927 cv_d1=0.087551 cv_d2=0.072112 cv_d3=0.112328 cv_d4=0.154748 cv_all=0.091933
239 MSE Training : tensor(-10.7117, device='cuda:0') [dB] MSE Validation : tensor(-10.3653, device='cuda:0') [dB]
Optimal idx: 206 Optimal : tensor(-12.9655, device='cuda:0') [dB]
[epoch 240] loss_d0=0.019811 loss_d1=0.094236 loss_d2=0.070049 loss_d3=0.134258 loss_d4=0.132984 loss_all=0.090268
[epoch 240] cv_d0=0.099322 cv_d1=0.057648 cv_d2=0.349083 cv_d3=0.180328 cv_d4=0.194885 cv_all=0.176253
240 MSE Training : tensor(-10.4447, device='cuda:0') [dB] MSE Validation : tensor(-7.5386, device='cuda:0') [dB]
Optimal idx: 206 Optimal : tensor(-12.9655, device='cuda:0') [dB]
[epoch 241] loss_d0=0.054103 loss_d1=0.026251 loss_d2=0.257292 loss_d3=0.161694 loss_d4=0.225872 loss_all=0.145042
[epoch 241] cv_d0=0.159158 cv_d1=0.035586 cv_d2=0.444903 cv_d3=0.186606 cv_d4=0.154785 cv_all=0.196208
241 MSE Training : tensor(-8.3851, device='cuda:0') [dB] MSE Validation : tensor(-7.0728, device='cuda:0') [dB]
Optimal idx: 206 Optimal : tensor(-12.9655, device='cuda:0') [dB]
[epoch 242] loss_d0=0.155482 loss_d1=0.041190 loss_d2=0.512544 loss_d3=0.249586 loss_d4=0.198356 loss_all=0.231432
[epoch 242] cv_d0=0.159328 cv_d1=0.063156 cv_d2=0.416044 cv_d3=0.290096 cv_d4=0.216338 cv_all=0.228993
242 MSE Training : tensor(-6.3558, device='cuda:0') [dB] MSE Validation : tensor(-6.4018, device='cuda:0') [dB]
Optimal idx: 206 Optimal : tensor(-12.9655, device='cuda:0') [dB]
[epoch 243] loss_d0=0.067579 loss_d1=0.039248 loss_d2=0.330809 loss_d3=0.201306 loss_d4=0.147883 loss_all=0.157365
[epoch 243] cv_d0=0.189040 cv_d1=0.053989 cv_d2=0.433575 cv_d3=0.361962 cv_d4=0.222585 cv_all=0.252230
243 MSE Training : tensor(-8.0309, device='cuda:0') [dB] MSE Validation : tensor(-5.9820, device='cuda:0') [dB]
Optimal idx: 206 Optimal : tensor(-12.9655, device='cuda:0') [dB]
[epoch 244] loss_d0=0.105566 loss_d1=0.046080 loss_d2=0.363605 loss_d3=0.286609 loss_d4=0.155658 loss_all=0.191503
[epoch 244] cv_d0=0.211207 cv_d1=0.144751 cv_d2=0.732354 cv_d3=0.419163 cv_d4=0.282936 cv_all=0.358082
244 MSE Training : tensor(-7.1782, device='cuda:0') [dB] MSE Validation : tensor(-4.4602, device='cuda:0') [dB]
Optimal idx: 206 Optimal : tensor(-12.9655, device='cuda:0') [dB]
[epoch 245] loss_d0=0.162682 loss_d1=0.151473 loss_d2=0.635142 loss_d3=0.398890 loss_d4=0.210815 loss_all=0.311800
[epoch 245] cv_d0=0.180668 cv_d1=0.161372 cv_d2=0.594735 cv_d3=0.508856 cv_d4=0.330243 cv_all=0.355175
245 MSE Training : tensor(-5.0612, device='cuda:0') [dB] MSE Validation : tensor(-4.4956, device='cuda:0') [dB]
Optimal idx: 206 Optimal : tensor(-12.9655, device='cuda:0') [dB]
[epoch 246] loss_d0=0.115266 loss_d1=0.138188 loss_d2=0.508019 loss_d3=0.443926 loss_d4=0.291376 loss_all=0.299355
[epoch 246] cv_d0=0.091028 cv_d1=0.078277 cv_d2=0.280036 cv_d3=0.431070 cv_d4=0.281311 cv_all=0.232344
246 MSE Training : tensor(-5.2381, device='cuda:0') [dB] MSE Validation : tensor(-6.3387, device='cuda:0') [dB]
Optimal idx: 206 Optimal : tensor(-12.9655, device='cuda:0') [dB]
[epoch 247] loss_d0=0.060063 loss_d1=0.070617 loss_d2=0.302480 loss_d3=0.427322 loss_d4=0.267529 loss_all=0.225602
[epoch 247] cv_d0=0.088146 cv_d1=0.137136 cv_d2=0.408535 cv_d3=0.510571 cv_d4=0.345324 cv_all=0.297943
247 MSE Training : tensor(-6.4666, device='cuda:0') [dB] MSE Validation : tensor(-5.2587, device='cuda:0') [dB]
Optimal idx: 206 Optimal : tensor(-12.9655, device='cuda:0') [dB]
[epoch 248] loss_d0=0.061820 loss_d1=0.135169 loss_d2=0.343811 loss_d3=0.491291 loss_d4=0.351473 loss_all=0.276713
[epoch 248] cv_d0=0.066795 cv_d1=0.505386 cv_d2=0.493338 cv_d3=0.740651 cv_d4=0.525792 cv_all=0.466392
248 MSE Training : tensor(-5.5797, device='cuda:0') [dB] MSE Validation : tensor(-3.3125, device='cuda:0') [dB]
Optimal idx: 206 Optimal : tensor(-12.9655, device='cuda:0') [dB]
[epoch 249] loss_d0=0.054610 loss_d1=0.557759 loss_d2=0.508883 loss_d3=0.770280 loss_d4=0.514767 loss_all=0.481260
[epoch 249] cv_d0=0.064650 cv_d1=0.443321 cv_d2=0.477528 cv_d3=0.551958 cv_d4=0.469408 cv_all=0.401373
249 MSE Training : tensor(-3.1762, device='cuda:0') [dB] MSE Validation : tensor(-3.9645, device='cuda:0') [dB]
Optimal idx: 206 Optimal : tensor(-12.9655, device='cuda:0') [dB]
[epoch 250] loss_d0=0.051898 loss_d1=0.710503 loss_d2=0.504502 loss_d3=0.789414 loss_d4=0.542148 loss_all=0.519693
[epoch 250] cv_d0=0.057828 cv_d1=0.143953 cv_d2=0.314469 cv_d3=0.342111 cv_d4=0.537270 cv_all=0.279126
250 MSE Training : tensor(-2.8425, device='cuda:0') [dB] MSE Validation : tensor(-5.5420, device='cuda:0') [dB]
Optimal idx: 206 Optimal : tensor(-12.9655, device='cuda:0') [dB]
[epoch 251] loss_d0=0.055499 loss_d1=0.122210 loss_d2=0.295067 loss_d3=0.317735 loss_d4=0.519387 loss_all=0.261979
[epoch 251] cv_d0=0.052052 cv_d1=0.142025 cv_d2=0.279112 cv_d3=0.402730 cv_d4=0.678197 cv_all=0.310823
251 MSE Training : tensor(-5.8173, device='cuda:0') [dB] MSE Validation : tensor(-5.0749, device='cuda:0') [dB]
Optimal idx: 206 Optimal : tensor(-12.9655, device='cuda:0') [dB]
[epoch 252] loss_d0=0.037373 loss_d1=0.141117 loss_d2=0.289447 loss_d3=0.517877 loss_d4=0.736643 loss_all=0.344492
[epoch 252] cv_d0=0.042754 cv_d1=0.118759 cv_d2=0.246437 cv_d3=0.309827 cv_d4=0.523975 cv_all=0.248350
252 MSE Training : tensor(-4.6282, device='cuda:0') [dB] MSE Validation : tensor(-6.0494, device='cuda:0') [dB]
Optimal idx: 206 Optimal : tensor(-12.9655, device='cuda:0') [dB]
[epoch 253] loss_d0=0.042186 loss_d1=0.121812 loss_d2=0.247995 loss_d3=0.273028 loss_d4=0.465934 loss_all=0.230191
[epoch 253] cv_d0=0.071726 cv_d1=0.098480 cv_d2=0.336663 cv_d3=0.344971 cv_d4=0.578669 cv_all=0.286102
253 MSE Training : tensor(-6.3791, device='cuda:0') [dB] MSE Validation : tensor(-5.4348, device='cuda:0') [dB]
Optimal idx: 206 Optimal : tensor(-12.9655, device='cuda:0') [dB]
[epoch 254] loss_d0=0.038394 loss_d1=0.084947 loss_d2=0.264478 loss_d3=0.293791 loss_d4=0.468962 loss_all=0.230114
[epoch 254] cv_d0=0.064653 cv_d1=0.087483 cv_d2=0.399485 cv_d3=0.307629 cv_d4=0.408938 cv_all=0.253638
254 MSE Training : tensor(-6.3806, device='cuda:0') [dB] MSE Validation : tensor(-5.9579, device='cuda:0') [dB]
Optimal idx: 206 Optimal : tensor(-12.9655, device='cuda:0') [dB]
[epoch 255] loss_d0=0.044487 loss_d1=0.100361 loss_d2=0.373625 loss_d3=0.273553 loss_d4=0.382199 loss_all=0.234845
[epoch 255] cv_d0=0.036435 cv_d1=0.045160 cv_d2=0.257500 cv_d3=0.163860 cv_d4=0.173043 cv_all=0.135200
255 MSE Training : tensor(-6.2922, device='cuda:0') [dB] MSE Validation : tensor(-8.6902, device='cuda:0') [dB]
Optimal idx: 206 Optimal : tensor(-12.9655, device='cuda:0') [dB]
[epoch 256] loss_d0=0.029734 loss_d1=0.044298 loss_d2=0.252988 loss_d3=0.137350 loss_d4=0.186279 loss_all=0.130130
[epoch 256] cv_d0=0.028612 cv_d1=0.049937 cv_d2=0.196098 cv_d3=0.181880 cv_d4=0.381648 cv_all=0.167635
256 MSE Training : tensor(-8.8562, device='cuda:0') [dB] MSE Validation : tensor(-7.7564, device='cuda:0') [dB]
Optimal idx: 206 Optimal : tensor(-12.9655, device='cuda:0') [dB]
[epoch 257] loss_d0=0.025794 loss_d1=0.036062 loss_d2=0.191898 loss_d3=0.140652 loss_d4=0.653664 loss_all=0.209614
[epoch 257] cv_d0=0.025903 cv_d1=0.033627 cv_d2=0.196547 cv_d3=0.170405 cv_d4=0.337340 cv_all=0.152764
257 MSE Training : tensor(-6.7858, device='cuda:0') [dB] MSE Validation : tensor(-8.1598, device='cuda:0') [dB]
Optimal idx: 206 Optimal : tensor(-12.9655, device='cuda:0') [dB]
[epoch 258] loss_d0=0.020477 loss_d1=0.022473 loss_d2=0.203683 loss_d3=0.240162 loss_d4=0.556287 loss_all=0.208616
[epoch 258] cv_d0=0.024468 cv_d1=0.031394 cv_d2=0.164282 cv_d3=0.123533 cv_d4=0.257813 cv_all=0.120298
258 MSE Training : tensor(-6.8065, device='cuda:0') [dB] MSE Validation : tensor(-9.1974, device='cuda:0') [dB]
Optimal idx: 206 Optimal : tensor(-12.9655, device='cuda:0') [dB]
[epoch 259] loss_d0=0.019068 loss_d1=0.019215 loss_d2=0.209732 loss_d3=0.167586 loss_d4=0.426191 loss_all=0.168358
[epoch 259] cv_d0=0.031714 cv_d1=0.054582 cv_d2=0.187307 cv_d3=0.168632 cv_d4=0.198656 cv_all=0.128178
259 MSE Training : tensor(-7.7377, device='cuda:0') [dB] MSE Validation : tensor(-8.9218, device='cuda:0') [dB]
Optimal idx: 206 Optimal : tensor(-12.9655, device='cuda:0') [dB]
[epoch 260] loss_d0=0.016355 loss_d1=0.032163 loss_d2=0.132299 loss_d3=0.106401 loss_d4=0.218924 loss_all=0.101228
[epoch 260] cv_d0=0.062215 cv_d1=0.213906 cv_d2=0.268695 cv_d3=0.343117 cv_d4=0.325525 cv_all=0.242692
260 MSE Training : tensor(-9.9470, device='cuda:0') [dB] MSE Validation : tensor(-6.1495, device='cuda:0') [dB]
Optimal idx: 206 Optimal : tensor(-12.9655, device='cuda:0') [dB]
[epoch 261] loss_d0=0.027398 loss_d1=0.169942 loss_d2=0.211556 loss_d3=0.282372 loss_d4=0.271498 loss_all=0.192553
[epoch 261] cv_d0=0.062208 cv_d1=0.111515 cv_d2=0.202907 cv_d3=0.208181 cv_d4=0.446694 cv_all=0.206301
261 MSE Training : tensor(-7.1545, device='cuda:0') [dB] MSE Validation : tensor(-6.8550, device='cuda:0') [dB]
Optimal idx: 206 Optimal : tensor(-12.9655, device='cuda:0') [dB]
[epoch 262] loss_d0=0.039426 loss_d1=0.100165 loss_d2=0.198912 loss_d3=0.200759 loss_d4=0.334880 loss_all=0.174828
[epoch 262] cv_d0=0.060238 cv_d1=0.046438 cv_d2=0.386160 cv_d3=0.335911 cv_d4=0.814292 cv_all=0.328608
262 MSE Training : tensor(-7.5739, device='cuda:0') [dB] MSE Validation : tensor(-4.8332, device='cuda:0') [dB]
Optimal idx: 206 Optimal : tensor(-12.9655, device='cuda:0') [dB]
[epoch 263] loss_d0=0.039630 loss_d1=0.050749 loss_d2=0.352467 loss_d3=0.456028 loss_d4=0.905479 loss_all=0.360871
[epoch 263] cv_d0=0.068391 cv_d1=0.103183 cv_d2=0.532598 cv_d3=0.390492 cv_d4=0.684877 cv_all=0.355908
263 MSE Training : tensor(-4.4265, device='cuda:0') [dB] MSE Validation : tensor(-4.4866, device='cuda:0') [dB]
Optimal idx: 206 Optimal : tensor(-12.9655, device='cuda:0') [dB]
[epoch 264] loss_d0=0.057124 loss_d1=0.113502 loss_d2=0.477428 loss_d3=0.385013 loss_d4=0.576949 loss_all=0.322003
[epoch 264] cv_d0=0.066360 cv_d1=0.345860 cv_d2=0.266814 cv_d3=0.496964 cv_d4=0.742911 cv_all=0.383782
264 MSE Training : tensor(-4.9214, device='cuda:0') [dB] MSE Validation : tensor(-4.1592, device='cuda:0') [dB]
Optimal idx: 206 Optimal : tensor(-12.9655, device='cuda:0') [dB]
[epoch 265] loss_d0=0.045842 loss_d1=0.357049 loss_d2=0.336367 loss_d3=0.811210 loss_d4=1.069112 loss_all=0.523916
[epoch 265] cv_d0=0.099792 cv_d1=0.323709 cv_d2=0.169196 cv_d3=0.383584 cv_d4=0.892279 cv_all=0.373712
265 MSE Training : tensor(-2.8074, device='cuda:0') [dB] MSE Validation : tensor(-4.2746, device='cuda:0') [dB]
Optimal idx: 206 Optimal : tensor(-12.9655, device='cuda:0') [dB]
[epoch 266] loss_d0=0.078692 loss_d1=0.313193 loss_d2=0.179936 loss_d3=0.529529 loss_d4=1.039382 loss_all=0.428147
[epoch 266] cv_d0=0.112588 cv_d1=0.265950 cv_d2=0.637776 cv_d3=0.488312 cv_d4=0.972404 cv_all=0.495406
266 MSE Training : tensor(-3.6841, device='cuda:0') [dB] MSE Validation : tensor(-3.0504, device='cuda:0') [dB]
Optimal idx: 206 Optimal : tensor(-12.9655, device='cuda:0') [dB]
[epoch 267] loss_d0=0.067580 loss_d1=0.223578 loss_d2=0.531166 loss_d3=0.479883 loss_d4=1.146120 loss_all=0.489666
[epoch 267] cv_d0=0.149652 cv_d1=0.219472 cv_d2=1.067536 cv_d3=0.617782 cv_d4=1.448894 cv_all=0.700667
267 MSE Training : tensor(-3.1010, device='cuda:0') [dB] MSE Validation : tensor(-1.5449, device='cuda:0') [dB]
Optimal idx: 206 Optimal : tensor(-12.9655, device='cuda:0') [dB]
[epoch 268] loss_d0=0.108278 loss_d1=0.212560 loss_d2=1.078299 loss_d3=0.697386 loss_d4=1.577083 loss_all=0.734721
[epoch 268] cv_d0=0.143388 cv_d1=0.361309 cv_d2=1.451483 cv_d3=0.551692 cv_d4=1.168820 cv_all=0.735338
268 MSE Training : tensor(-1.3388, device='cuda:0') [dB] MSE Validation : tensor(-1.3351, device='cuda:0') [dB]
Optimal idx: 206 Optimal : tensor(-12.9655, device='cuda:0') [dB]
[epoch 269] loss_d0=0.094200 loss_d1=0.484985 loss_d2=1.549804 loss_d3=0.560353 loss_d4=1.083208 loss_all=0.754510
[epoch 269] cv_d0=0.135779 cv_d1=0.355629 cv_d2=1.514811 cv_d3=0.473120 cv_d4=0.823117 cv_all=0.660492
269 MSE Training : tensor(-1.2234, device='cuda:0') [dB] MSE Validation : tensor(-1.8013, device='cuda:0') [dB]
Optimal idx: 206 Optimal : tensor(-12.9655, device='cuda:0') [dB]
[epoch 270] loss_d0=0.107216 loss_d1=0.472760 loss_d2=1.688751 loss_d3=0.540893 loss_d4=0.877804 loss_all=0.737485
[epoch 270] cv_d0=0.114342 cv_d1=0.056464 cv_d2=1.522557 cv_d3=0.510828 cv_d4=0.657587 cv_all=0.572356
270 MSE Training : tensor(-1.3225, device='cuda:0') [dB] MSE Validation : tensor(-2.4233, device='cuda:0') [dB]
Optimal idx: 206 Optimal : tensor(-12.9655, device='cuda:0') [dB]
[epoch 271] loss_d0=0.070503 loss_d1=0.057716 loss_d2=1.267415 loss_d3=0.543693 loss_d4=0.915051 loss_all=0.570875
[epoch 271] cv_d0=0.072589 cv_d1=0.117156 cv_d2=0.777537 cv_d3=0.478565 cv_d4=0.653892 cv_all=0.419948
271 MSE Training : tensor(-2.4346, device='cuda:0') [dB] MSE Validation : tensor(-3.7680, device='cuda:0') [dB]
Optimal idx: 206 Optimal : tensor(-12.9655, device='cuda:0') [dB]
[epoch 272] loss_d0=0.046343 loss_d1=0.088210 loss_d2=0.899741 loss_d3=0.632965 loss_d4=0.864536 loss_all=0.506359
[epoch 272] cv_d0=0.041476 cv_d1=0.180099 cv_d2=0.227581 cv_d3=0.222771 cv_d4=0.312716 cv_all=0.196929
272 MSE Training : tensor(-2.9554, device='cuda:0') [dB] MSE Validation : tensor(-7.0569, device='cuda:0') [dB]
Optimal idx: 206 Optimal : tensor(-12.9655, device='cuda:0') [dB]
[epoch 273] loss_d0=0.042163 loss_d1=0.228113 loss_d2=0.270064 loss_d3=0.271993 loss_d4=0.315141 loss_all=0.225495
[epoch 273] cv_d0=0.091138 cv_d1=0.147320 cv_d2=0.191365 cv_d3=0.210106 cv_d4=0.289946 cv_all=0.185975
273 MSE Training : tensor(-6.4686, device='cuda:0') [dB] MSE Validation : tensor(-7.3055, device='cuda:0') [dB]
Optimal idx: 206 Optimal : tensor(-12.9655, device='cuda:0') [dB]
[epoch 274] loss_d0=0.087619 loss_d1=0.151689 loss_d2=0.184721 loss_d3=0.206408 loss_d4=0.287689 loss_all=0.183625
[epoch 274] cv_d0=0.125634 cv_d1=0.068971 cv_d2=0.280321 cv_d3=0.239864 cv_d4=0.391805 cv_all=0.221319
274 MSE Training : tensor(-7.3607, device='cuda:0') [dB] MSE Validation : tensor(-6.5498, device='cuda:0') [dB]
Optimal idx: 206 Optimal : tensor(-12.9655, device='cuda:0') [dB]
[epoch 275] loss_d0=0.054668 loss_d1=0.066622 loss_d2=0.205910 loss_d3=0.195731 loss_d4=0.326442 loss_all=0.169875
[epoch 275] cv_d0=0.121270 cv_d1=0.076869 cv_d2=0.295082 cv_d3=0.310749 cv_d4=0.477648 cv_all=0.256323
275 MSE Training : tensor(-7.6987, device='cuda:0') [dB] MSE Validation : tensor(-5.9121, device='cuda:0') [dB]
Optimal idx: 206 Optimal : tensor(-12.9655, device='cuda:0') [dB]
[epoch 276] loss_d0=0.078323 loss_d1=0.088263 loss_d2=0.296439 loss_d3=0.351726 loss_d4=0.588907 loss_all=0.280732
[epoch 276] cv_d0=0.088639 cv_d1=0.139944 cv_d2=0.305384 cv_d3=0.479178 cv_d4=1.019757 cv_all=0.406581
276 MSE Training : tensor(-5.5171, device='cuda:0') [dB] MSE Validation : tensor(-3.9085, device='cuda:0') [dB]
Optimal idx: 206 Optimal : tensor(-12.9655, device='cuda:0') [dB]
[epoch 277] loss_d0=0.047898 loss_d1=0.123739 loss_d2=0.312758 loss_d3=0.555350 loss_d4=1.130702 loss_all=0.434089
[epoch 277] cv_d0=0.074199 cv_d1=0.160643 cv_d2=0.305858 cv_d3=0.483177 cv_d4=0.892073 cv_all=0.383190
277 MSE Training : tensor(-3.6242, device='cuda:0') [dB] MSE Validation : tensor(-4.1659, device='cuda:0') [dB]
Optimal idx: 206 Optimal : tensor(-12.9655, device='cuda:0') [dB]
[epoch 278] loss_d0=0.043991 loss_d1=0.130120 loss_d2=0.293798 loss_d3=0.511297 loss_d4=0.903315 loss_all=0.376504
[epoch 278] cv_d0=0.063103 cv_d1=0.118003 cv_d2=0.322372 cv_d3=0.333319 cv_d4=0.474324 cv_all=0.262224
278 MSE Training : tensor(-4.2423, device='cuda:0') [dB] MSE Validation : tensor(-5.8133, device='cuda:0') [dB]
Optimal idx: 206 Optimal : tensor(-12.9655, device='cuda:0') [dB]
[epoch 279] loss_d0=0.033597 loss_d1=0.092545 loss_d2=0.262258 loss_d3=0.322562 loss_d4=0.421740 loss_all=0.226540
[epoch 279] cv_d0=0.054262 cv_d1=0.050257 cv_d2=0.272957 cv_d3=0.175381 cv_d4=0.505881 cv_all=0.211748
279 MSE Training : tensor(-6.4485, device='cuda:0') [dB] MSE Validation : tensor(-6.7418, device='cuda:0') [dB]
Optimal idx: 206 Optimal : tensor(-12.9655, device='cuda:0') [dB]
[epoch 280] loss_d0=0.028825 loss_d1=0.052316 loss_d2=0.205520 loss_d3=0.142500 loss_d4=0.419680 loss_all=0.169768
[epoch 280] cv_d0=0.041303 cv_d1=0.028614 cv_d2=0.118484 cv_d3=0.127570 cv_d4=0.497576 cv_all=0.162709
280 MSE Training : tensor(-7.7014, device='cuda:0') [dB] MSE Validation : tensor(-7.8859, device='cuda:0') [dB]
Optimal idx: 206 Optimal : tensor(-12.9655, device='cuda:0') [dB]
[epoch 281] loss_d0=0.025953 loss_d1=0.030067 loss_d2=0.097504 loss_d3=0.116373 loss_d4=0.458139 loss_all=0.145607
[epoch 281] cv_d0=0.035731 cv_d1=0.022381 cv_d2=0.189704 cv_d3=0.107309 cv_d4=0.368619 cv_all=0.144749
281 MSE Training : tensor(-8.3682, device='cuda:0') [dB] MSE Validation : tensor(-8.3938, device='cuda:0') [dB]
Optimal idx: 206 Optimal : tensor(-12.9655, device='cuda:0') [dB]
[epoch 282] loss_d0=0.028515 loss_d1=0.024821 loss_d2=0.217261 loss_d3=0.106245 loss_d4=0.399727 loss_all=0.155314
[epoch 282] cv_d0=0.064341 cv_d1=0.134926 cv_d2=0.471524 cv_d3=0.257300 cv_d4=0.501985 cv_all=0.286015
282 MSE Training : tensor(-8.0879, device='cuda:0') [dB] MSE Validation : tensor(-5.4361, device='cuda:0') [dB]
Optimal idx: 206 Optimal : tensor(-12.9655, device='cuda:0') [dB]
[epoch 283] loss_d0=0.043572 loss_d1=0.106619 loss_d2=0.385341 loss_d3=0.232129 loss_d4=0.492581 loss_all=0.252048
[epoch 283] cv_d0=0.068936 cv_d1=0.101025 cv_d2=0.502867 cv_d3=0.284719 cv_d4=0.440171 cv_all=0.279543
283 MSE Training : tensor(-5.9852, device='cuda:0') [dB] MSE Validation : tensor(-5.5355, device='cuda:0') [dB]
Optimal idx: 206 Optimal : tensor(-12.9655, device='cuda:0') [dB]
[epoch 284] loss_d0=0.057187 loss_d1=0.117694 loss_d2=0.531259 loss_d3=0.324678 loss_d4=0.599591 loss_all=0.326082
[epoch 284] cv_d0=0.056220 cv_d1=0.040176 cv_d2=0.310269 cv_d3=0.185013 cv_d4=0.252387 cv_all=0.168813
284 MSE Training : tensor(-4.8667, device='cuda:0') [dB] MSE Validation : tensor(-7.7259, device='cuda:0') [dB]
Optimal idx: 206 Optimal : tensor(-12.9655, device='cuda:0') [dB]
[epoch 285] loss_d0=0.052940 loss_d1=0.047404 loss_d2=0.388179 loss_d3=0.223495 loss_d4=0.370022 loss_all=0.216408
[epoch 285] cv_d0=0.087860 cv_d1=0.122258 cv_d2=0.236839 cv_d3=0.245615 cv_d4=0.257783 cv_all=0.190071
285 MSE Training : tensor(-6.6473, device='cuda:0') [dB] MSE Validation : tensor(-7.2108, device='cuda:0') [dB]
Optimal idx: 206 Optimal : tensor(-12.9655, device='cuda:0') [dB]
[epoch 286] loss_d0=0.056212 loss_d1=0.093788 loss_d2=0.271058 loss_d3=0.310235 loss_d4=0.294139 loss_all=0.205087
[epoch 286] cv_d0=0.122459 cv_d1=0.224238 cv_d2=0.309537 cv_d3=0.260432 cv_d4=0.302670 cv_all=0.243867
286 MSE Training : tensor(-6.8806, device='cuda:0') [dB] MSE Validation : tensor(-6.1285, device='cuda:0') [dB]
Optimal idx: 206 Optimal : tensor(-12.9655, device='cuda:0') [dB]
[epoch 287] loss_d0=0.068517 loss_d1=0.212783 loss_d2=0.333809 loss_d3=0.250456 loss_d4=0.333730 loss_all=0.239859
[epoch 287] cv_d0=0.111775 cv_d1=0.118295 cv_d2=0.293083 cv_d3=0.201738 cv_d4=0.255706 cv_all=0.196120
287 MSE Training : tensor(-6.2004, device='cuda:0') [dB] MSE Validation : tensor(-7.0748, device='cuda:0') [dB]
Optimal idx: 206 Optimal : tensor(-12.9655, device='cuda:0') [dB]
[epoch 288] loss_d0=0.083149 loss_d1=0.125912 loss_d2=0.300218 loss_d3=0.233505 loss_d4=0.297742 loss_all=0.208105
[epoch 288] cv_d0=0.129952 cv_d1=0.091167 cv_d2=0.602234 cv_d3=0.221597 cv_d4=0.364352 cv_all=0.281860
288 MSE Training : tensor(-6.8172, device='cuda:0') [dB] MSE Validation : tensor(-5.4997, device='cuda:0') [dB]
Optimal idx: 206 Optimal : tensor(-12.9655, device='cuda:0') [dB]
[epoch 289] loss_d0=0.090189 loss_d1=0.094080 loss_d2=0.591071 loss_d3=0.212291 loss_d4=0.392462 loss_all=0.276018
[epoch 289] cv_d0=0.133922 cv_d1=0.074095 cv_d2=0.582151 cv_d3=0.298819 cv_d4=0.871593 cv_all=0.392116
289 MSE Training : tensor(-5.5906, device='cuda:0') [dB] MSE Validation : tensor(-4.0659, device='cuda:0') [dB]
Optimal idx: 206 Optimal : tensor(-12.9655, device='cuda:0') [dB]
[epoch 290] loss_d0=0.029980 loss_d1=0.060748 loss_d2=0.391252 loss_d3=0.241253 loss_d4=0.849353 loss_all=0.314517
[epoch 290] cv_d0=0.125070 cv_d1=0.123919 cv_d2=0.482963 cv_d3=0.390795 cv_d4=1.016331 cv_all=0.427816
290 MSE Training : tensor(-5.0236, device='cuda:0') [dB] MSE Validation : tensor(-3.6874, device='cuda:0') [dB]
Optimal idx: 206 Optimal : tensor(-12.9655, device='cuda:0') [dB]
[epoch 291] loss_d0=0.075651 loss_d1=0.096348 loss_d2=0.303444 loss_d3=0.368598 loss_d4=1.210517 loss_all=0.410912
[epoch 291] cv_d0=0.114815 cv_d1=0.201418 cv_d2=0.418972 cv_d3=0.469440 cv_d4=0.584048 cv_all=0.357739
291 MSE Training : tensor(-3.8625, device='cuda:0') [dB] MSE Validation : tensor(-4.4643, device='cuda:0') [dB]
Optimal idx: 206 Optimal : tensor(-12.9655, device='cuda:0') [dB]
[epoch 292] loss_d0=0.074813 loss_d1=0.160604 loss_d2=0.319800 loss_d3=0.534884 loss_d4=0.778418 loss_all=0.373704
[epoch 292] cv_d0=0.093011 cv_d1=0.208323 cv_d2=0.413336 cv_d3=0.393682 cv_d4=0.430446 cv_all=0.307760
292 MSE Training : tensor(-4.2747, device='cuda:0') [dB] MSE Validation : tensor(-5.1179, device='cuda:0') [dB]
Optimal idx: 206 Optimal : tensor(-12.9655, device='cuda:0') [dB]
[epoch 293] loss_d0=0.040836 loss_d1=0.164720 loss_d2=0.223187 loss_d3=0.182655 loss_d4=0.234602 loss_all=0.169200